BioDolphinID,Sequence,Label,protein_UniProt_ID
mask-BD7yxa-B-B-OLA1,MKTIIALSYI_CLV_A_YKD_D_AGRA__SGLLRP_PVS_VIVLH_NYTG_L_GAR_QPG_G_RAD____LAV_AFIV____A_LLVLGRH___HAPMFLLLGSLTLSDLLA_A_YAANI_LS_P_TLKLSPAL_FAR_GGV_VA_T_SV_S___I_____L_M__RG_A_VSS_GRTLAMAA__WGV_LLLGLLP_LGW__LG_LD_CST__PL__K_YV_FCVL_F_G_LAAICAL_ARI_CQVRA_AA____NWET_N_NL__I_KA_NAA__KDAL__MR__ALDA_K_TPPKLEDKSPDSPE_K_F__GFD__V__IDDALKLA_EGK_K_AQAAAE_LK_TRNA__QKY__RK_RSL_LLRTLS_V__AFVACWGPLFLLLLLDVACPAR_C_V___ADP_LGL_MA_S__NPI_Y_L___D_R___L_LV_RPLEV___GPHHHHHHHHHH,1,mask-nan
mask-BD6tp8-A-A-NTK1,L__GSDPAFSQPKSVLD__LTCQ_ASP__VSK_IL_VP_T_____QS_DSNWIP__TQ_GYT_CWISPPPFM_NDTQV_TE_MV_A__A_Y_G_G__KLPVLTWSQGG_VAQW___FFPSIRSK_DRLMAFAP_YKGTVLA_PLDALAV_APSVWQQTTGSA_T_A__NA_G__Q_V_____YS__DEIV_P_VSN_PLD_SYLFNG___Q_Q_VCGPLFV__HAGSL_SQFSY_VGRSA_RS_TGQAR_A_Y_I__CNP__A_D_TP_Q_VAA___L_P_A_AIVA_PKQ_CEPDLMPY_RPF_VGKR__SGI___,1,mask-nan
mask-BD2i5n-H-H-HTO1,_YHGALAQHLDIAQLVW___W_VIWT___LY_RR_DR_EGYPLVEPLG_VKLA_ED_QVYELP_PK_F__PHGGTVTVPRRRP___E_KLAQTDGFEG_PLQP__N_LV_AVGP_S_AE__EVV___VDGKAKIVP_RVAT_FSI__G_V_PRGLPVV_ADGVEAGT_T____DRSE_YFR_LEL_VAGS_R__LIP_G_CDV___KI_VTSIL__QF_N_PR_QSRDQI_L_______A_YA__LLYAT__RAE_LL,1,mask-nan
mask-nan,_A_LYVK_GNK___WND__Q__YGL_TQ_GGP_R_L_TK_VAAPQDGSPRVPA___SPGP_PMGPPPPS_K_PR_PPVGS__ASGVEPTS_PV_S_AVMEDVL_PL_QA_E_C_GHTRKQVCDDISR__ALLQE_WAGGKLSIP_KKR_____QE_S_HRW__A_D_HRSL_VDHVTE_S_WMVG__R__AEK_SL_S_E_ANEE____TA__NHTI_GF_QAS,0,mask-Q9HD15
mask-BD6bd4-A-A-OLA1,D___DDDAKLQTMHHHH__HHH_E_L__QG__L_GEE_HS_GTNSD_YI__KR_LN_V__CGYDAG__S_SAKEF_DI_MA__ASL_FIST___V__FLI_SSRFSY__R___F_SMCYNI_SIA_IVR___GR_RISC_FE_AAE_VLI___LKNTGCA_IFLLLYF_GMA__IWWV_LTL_WFLA__LKWGHEAI_M_SSYFH____AI_AV___VILIM_L_DAD__TGL_YVGN_NLDALTGFVVA_LFTYLVI_TLFIA_G__AL_KIRSNM_K_T_T_CGYIY_PED_DPDNG__PGTDF_DIP_DWVC_LCG_GKDQFEEVEED_LER_MV_I__FSVL__VPA_I_I_CYFYE___WALFRYSADD_NMA__ML__FMSL___IT__MW_WSA_TL__W_KFYNRLV_S__V,1,mask-nan
mask-BD8iwh-0-0-SQD1,M_L_II_TL_AGAAA___QTVGPS_SAL___RA__V__L_PVGFFDPAGFAA_ASPEELA__REVEIMH_RF_QM_VL_FI_PE__AYD_AFGDDFLAPTGRA_EA_NTD_VWLALTLGV_SALE_LR_L_T_PGT_TDAK_E_LGWRPKS_AE__NYQ__EL___RLAM__FAGE_A_E_V__KPL__NL__S_FVS_,1,mask-nan
mask-nan,MALSSQ_WAACLL__L___SLT_GSVFP_Q_G_LAE_QPQDRAG_RA___P_F_RRRRRD__FPI_IF_C_C__RSKCGMC_KT,0,mask-P81172
mask-nan,M__RALRPGW_GITRTVVK_P_CGSYFNRTFQ__INT_MP_MQE__LSTMMM_TATATR_T_TV_E___GSNIVM_LD_V___RKKKMKKHKLR__RKR_____R__SQ_R,0,mask-P32344
mask-BD6zzx-I-I-SQD1,MS__FLPSILVPLV_LVFPAV__A_M_LY_EK__I,1,mask-nan
mask-BD6u0o-A-A-OLC1,DY_D_D_LEV_F_G_GG_ST__MKNNKI_G_QWAMTIFVFFVI____SI__R__Q__I_____I_EVT_LAPLI_AI__ILV_KYKKVQLAG_K_S__LKVIERLLLA_ILPLIILIIGM_SFNTFADSFILLQ_TGLSVP_TH_L____LM_FVV__G___Y_QNIV_T_MNTFF___VVGLM_SVFSA__TYGTEFA_YNFL_TF_FSMILG_L__AT_GR__Y_A_T_HASMTF_LIFLFSE_IGDLFSIKV_AI__AI__V_Y_GL_L_IRGIA,1,mask-nan
mask-nan,___FNFKA_GRNSKK_KNQ___VA_PPAMNTI_SSP_SSNSRLS__N_HHSP_RH____F_AQK_TPQS_QLT_TT_Q_Q__EASERSESQQIM___EPFV_T_LVKG__KT_VQLP__VD_GEWIALN_FEF_TNL_QFYGV_AEYVTP_AY_TMNAGPHTDYLW__ANN_Q_SLPA_QYID_A__WI_NK___KNLF_TKN_LP__Q_FSRD_Q_IMV_M_RIFA_IYHHHF__IVH__LEA__NS__SH__S_AK__KI_DRKEM__LL_L_ESF__QGKIIYN,0,mask-P43563
mask-nan,_S_LLRRLL_AA_L_L_PAQAP_S_PDAP__Q__VVSW_DV_TRA___P_EVVVP___ELMGTVA__LVPSCVTV_RCGG__P_DGL_CVPTGQH_VR__ILMIRYP_S_LGEMS_E_HSQC_C_PKK__SAVKPDRA__PHH_PQPR_VPGWD_A_GAP__A_ITHPT_APGPSAHA__STTSA___G___A__DA_AS_V_KGGA,0,mask-P49765
mask-nan,M_VNNLGFIA___F__VPT_FL__LFIQTG_QSES,0,mask-P72701
mask-BD7l92-A-A-DGA1,M_HRFKVYNY__P__CDHC__LLWGL__QG_KCEDCGMN_HHKC_EK_A__CG,1,mask-nan
mask-nan,MATM__A__LTF_S_QT__SF__TNV__TPVL_F_RP_VA_AVAVS_RKSTSA_T_CTEEWRQ_KEAVKKEF_I_H_PL_Q_WM_TL_EA_G_D__NT_WYPK_ADHVPTDKKWYV_DA__LIL_R_ASTIA__IR_KNL_SYTPS_DMGAFVI_VNA_KVAV_GK__T_KL_R__S_RPGGLK_E__DQLQKRI_E_I__HAV_G_LPKG_LG_YLFNHLK___G_EH_H_A_QP_D_PLR_KRIR_EK,0,mask-P12629
mask-BD8pw5-l-l-TGL1,MLGQS______SVVR_S_YE_GPGKNLPF__ENKWRLL_MM_V_FGSG_A_P__IVRHQLLKK,1,mask-nan
mask-BD6khj-N-N-SQD1,MGL_A__Q_VK___SA___A_FVP_EG_F_G_YQ_R_R_KGYTT_PM____LGD_AAY_TQEHGIRPAHTGKE__RV__Q_PLVTYHLENL__NAKG_VL_LI_GKR___QEFAYLAQL_QT__KFKVV_EVGG_R_VRWEPLADW_AAA,1,mask-nan
mask-BD7y7b-3-3-SQD1,_L_TLA_LAAVASA_A_TAAP__ST_TRAKAVSS_S_MRM_EKS_SVPFLS_PEKLD__MA__VGF_PL_IS__I_VK_L_EAELKH_RICMLATAGI__QEVIHLPGP_F__KFALDAW_T__R_GMVQI__AIGL_EM_S_RF_ITATD_F___NRKP_DLGF__LSL_A_P___AKYELSEVI_GRAA_M_L_GM____I_S_QP__DQL_NF____ASFKLG_AAGTMGMGI,1,mask-nan
mask-nan,MSTS_AEN__LSASGD__ASD___PPEL_TR_PLQ_R___WY_KAD_NKEW___L__VSLFD___DF_SLY_HIQSA_GLNW_SDYYLFKEGIK_MWE_VN_VQ_GR_L_V___QKLQR_TQLLDHYWLELLM__VGEQFD_YG__ICG___NVRQ_GDKVS_WT__AT_DDVN_R_G_VL_Q_LS__DTEILRYEVHKDS__R_SST_KPRIC_P_K_PA_VK__GPAATTSPS_PGTE_T_TSP__P__,0,mask-O61955
mask-nan,MPVTLSFGNHQN__LNESR_AHL__ADKEKAIH__GWD_VQ_HF__E_KDH_L_V_H_I_H_Q__GE_GE_EVNVEDINK_Y_FKR___LAC_AHQDLF__KMDA_Q_Q_LLM_GDTVIS_S_I_DILNIS_D_VIE_MSR_ER_LFLQ__E_I_SK_TWHPELL_E_I__LRK_VT_NAQ__TAV__M_R_A_A_DH_LVEWQDS________L_CINAG_FEPTTQ_CKIGY_E__GEV_F_MMH_C__YLLH_YSPFSE_KPTNSGF__KLN_DYNDYHA__MFI_VILE_LYL_HERSLHIG_D_C_RNIL_T,0,mask-P40722
mask-nan,MQQKS_NV_SHYVFEA_VRIWHW___LCMAVLMVTGYF__KPLP_VSGE__YLF_MGYI__IHF_AGMV__V_L_M_IY_AF__NRYSR_LFIV_V_RKSW_QGVWYEIRWY_FLA_RPSAD_G_N_____AMF___LM_____IT__A_YS_HSQYA_FAPF_YVVEF___TGGN__DIH_WHRLGMWLIG__VI__V_M_LREDIM__DTVIST_V_G_R__KFGKISNKER_,0,mask-P0AAM1
mask-BD4hx2-A-A-1AX1,A_T__YGI_LIKAD_VQAQGFK_ANVKV__LDTGI_____D_N_VG_AS_V__EAYNTDGNGHG_HV_GTVAA__NT_GVLG_AP_VSLY___V__SSGSG_Y_GI__GIEW_TTNGM_____SL___SGSTAMK_A_D_AYARGVVVV__AGN_GSS_N_NTIG_P__YDSVIAVGA_D___N_ASF_S_GAELEVMAPGA_VY_TYP_NTYATLN_TSMA_P_VAGAAAL_LSKHP_LSA__V__RLSSTATYLG__FY__KGL_NVE__A_,1,mask-nan
mask-nan,MQQK_DN_VSH_VFEAP_RI_H_L_V_CM__LMVTGYF_G_PLP_VSGEATYL_Y_GYIRLIHFSA__VFTVVLL__I__AFV_NR__RELF__PVWRKSW_Q__WY_IR_YLFLAKRPS_DIG___IAQA_MFG_FLM_VF_I_TGFALYS_H_QYA__A_FR_V_E_F____GNSMD_HSWH_LG____G__V_G_VY_ALREDIMSDDTV_ST_VNG__SH_FGK_SNK_RS,0,mask-P0AAM1
mask-nan,M_NI_QSTDTKE__AIEA___R_K__QNRFFNV_NRVM__DVQ_LN_QVGD_KR_EAA_R___AAYGT_QVQYDV__QMLEK_E_DR__QL_KKV__FREQK_QL_NGREFS__DPGQVW_G__TY_S_SN__PG_A___YFSGEDL___TRLRMQQGQFRY_LERQQQE_QQAKVD_NYTDALS_QLRLAM_A_A_HLA__EESCRA_MMCAMA_AN_AQAAV_AGR_RCE_QR__K_N__EIQ_Q__S_L_TENPQVA_HPMAP_RV___CWKGM_PE_QAAI__E__VQR_K_QA_RQAE___DTEWKS__M_SAQ_VLELEEQ_R_L_A__Q_GL_SFNQ_LA_E__AQ_DY_NSVI_TN__TAQY_QQ_NTSSR,0,mask-Q8N443
mask-BD6ftb-A-A-1QW1,E__YFQGH_DN__ELRKI__KSS_V_ADNMPEYVKGA_IS_QDE_FYN_HGF___GT_R_LFSTI_D_DVQGGSTITQQ_VKNY_YDN_RSF__K__ELFVAHR_EKQYNKN____FY__NIYF_DN__TLEG__N_YFG_T_NKN__TMS___V__SAI__S__N_PS_YNINNM__N___RVSTNLE__KQQNYINETQYQQAMS_LN,1,mask-nan
mask-BD6zzx-H-H-SQD1,KY_EESRY_DLKDL_N_VGSWDMYGQ__K_RY__L_S_FFERAANGLS_RE_IL_L__IGGA__LAWG__G_A_VRLPTVG__Q_A_VGPRG__,1,mask-nan
mask-BD7r3k-3-7-DGA1,__LTKSA_AAF_GKVARPAKA_R_RL__RAEE__I_KV_RSK_Q_Y_GAS_S_LAY_DGSLPGDFGF_PLGLL_PV_SGGFIEPK_LQYSE_IHAR_AMLGAAGCIA_EV_G_A_L_PDA_N_KWFES_V_P___SYN_YW_DP_T_F_V_____Q_AE_RRL_DFRYPGSMGQQYFLGLEAIF_GSGDA_YPGGP_FNLF_LG_T_AAM__LK___IK___LAM__M_GY_AQAVMTGKGP_Q_L_EHLAD_V___IL__F_G__SGSSQPWR_HGW_R__YR__A_LALI_NR__C,1,mask-nan
mask-BD6l7p-B-D-SQD2,_LVTLAGQL_AG_I__ETI_IVTLLVV_L_DLIQG_QADRW_PYFAIVGL__AIA_M_PL_TQ__TI_FFGSF__DHL_L_FRGLIALSALGTILMSI__V_QTGSSL__FMT__L_A___G_FIAGAQE_VFIF_AL_TLS_ASYL__GYTKRDS_SN_AA__YL_IG__SSAIFLYGSSLL_GLSGGH__LP__AQ____ESL_LVVALV_VIAG_SFK_SA__F_QWT_DVY_G__TPVVAFL_V_SKAA_F_L_IR___LA_PSVTDQ_QLI_T_L_I_SMI_GNV_ALAQT__K__L_YSSIGQAGF_M____VGTEA_YASMLF_LL_Y__M__GAFTCVI_FSLR_GTD__SE_AGLY__D_LLTLGLSLCL__LGGIPP_AGFFGKI_L_WAGWQA_AYGL__L_LLTSVI__Y_YI_VVKM_VVKEP_E___AV_NYPEV__SS__LRPL_VG__MTV_AT_L____A_PLFNL______DVP,1,mask-nan
mask-BD6w1o-M-M-STE1,M_VNQLGL_A__LFV__PSVF_IIL_VQ__SQQKSS,1,mask-nan
mask-nan,M_AS_FGIGQ_V_H__LGYL_V_V_ID_VYSLS_PS_DELAV__E_R_APWYHVVME_DNG_PVHT_L_EAQLSSE___EH_EQ_S_DELAQT_R_QLQA__LR_,0,mask-P0AB20
mask-nan,__TMAC__SLTF____TQ_SFF_T_V_QTPVL_FPRPTVA__VAVSAR_STSASTKCT_EWRQLKEAVKKE_AIPHVPLDQRWMFTL__ATGPDI__T_W_PKSAD__P__K__YVV_A___ILG_MAS_IA_H_RG_NLASYTPS____AFVI_V_A_KVAVSG__R_QK___R_SG_PGG_K_E_FDQ_Q_RIP_RII_HAV_GMLPKGR_G__LFNHL___K_A_HPHQ_Q_PI_L_LRDKRIRVE_,0,mask-P12629
mask-nan,_SGPRTCFCL_S___LVLLSLST_A_GTA_EPSG__EES_AGGGTDLLPHPEDLS_SD_PD_EFV_RL_DFGLG_RAYSY____KR_P__NF__GKRSKMYG_G__K_DG_MYS__LGKRD_D_YGEED_DDQ__IG_E_I_ESD__DLMDKRDRL__F_L_KR_RP_SF_L__R_PSGAQRLY____GK_GG_LYSF_L___GDG_LYAFGLGKRP_N_GRSS_SRFNFGLGKRSD_IDFR_LE_KFAE_KRYPQ_HRFSFGLG_R_VE___LEA__NEEK_NSS__D_KNN_N_MHS______SL_Y_FGI_KLES_YDLNSA_SLNSEEND_____EFSR_V_R__NF_LGK_IP_Y_F_I_KRSER,0,mask-P12764
mask-BD6rnk-A-A-OLC1,DY_D_DDK_QN___E_WLALENILEKYY_SAFY__E__V_____F_VVF__LFC_KNW_S__VY_FNLS_SDL_FLCTLPMLIRSYATGNWTYGDVL_ISNRY_LHA_L_TSILFLT_I_IDRYL__KF_FRE_I_Q__EF_ILI___VW___TL_VLPM_TFIT_T__EKG_SCVDYASSGNP__SL_YS_C_T____L_PLSVM__F_YK__VFLKKRSQQQ__VL_LN_PL_LVVLAVVIFSVLFT_YHIM__VRIASRL_SWPQ__SQ_A_NCL_I_T__LA_LN__VNPIFYFLVGDHF_D_LFS_LR____SLTSF___EV__QG_HHHHHHHHH_,1,mask-nan
mask-nan,MQV_AN_ER_V_____DRSENS__LT___TEDDPN__N____A_PH_VH_MDSGFLA_N_Q_LV_GKAILA_EP_SSN_HMI_DLPKHA_DQH__SILR_FI_QLKLH_VYEINFYDP_D_SGKLAVIP_LIALWKCMLASE_DICDQ_VLKSIMN_V_A__ELQ_PCKNAV_DA_LSGS__EV_IIAEDGSLE_SNGTTEHF_K____VFVK_D____D_TPQ_F__QAK_K_L_DA___EE_E_TFPDILV_A_MT_HS_NRV_QE_YTC_E_EFD__VA_EKL__E_EQVE_FE_Q_G_ILVALKKDS__DD_LIEKIAI__AT_SRQSV__V_FDL_K_GPG_SLVTL_NSRR_EPE__V__QIE_KP_SPG_TSS_GISD__HY_EY_E_DIMEEE_A____QDDTY_EDEE,0,mask-Q23229
mask-BD7c9r-C-C-DGA1,MKQRNHH_L_L_SLGVAA_I_G___PP_D__QTG__GLG_QQNYNP_LLQKV_D____PD__P__TPGG_L____YKNVQVL_____NEF__T__ALT_WVAPNEG_TYCHEGTNWES_G_YTK_AS_R_LEMTRDTN_NWTGHVAD_GVTCY_CHR__PVPE_VW_T_PGP__PSVFPSN_QN_I_YNVA_TA_P_____PFL_GE_EIRVSG___LR_TNRK_IKQAE_TF_L_THFSEA_GVNCTYCHNSR__MD_NQS__K_VPA_H_IR_VR__NIQYVEP_G_V_____KGPLGDPFKVN_L_CHQGA__P_F_V_MAKDYPALYET_AVE_E_P_EAAPAAE_EAAPAE_VPV_E_P_EAA_V_AAPAAE_EA_PAEA__A_PPVP_DR,1,mask-nan
mask-BD6i9k-A-A-OLC1,_L__AAK__ARVAGDHDG_NIS_VDLLPEDML_MIH_HWY__P_M_TS_HY__GM_IIV_GI__VSGN__V_YLM_TVKN_R_PGNF_VL___L_D__MLFF_MPTM_INCF_ET_VIGPF_CE_YG__GSL_GSASIWSLVMITL_RYNV_VKG_AGKPLTKV_ALLRML_V_IWS_GWT_APMYGWSRYVP_GS_T_C_ID_IDTAI_P_SYL_AYA_FVYFV_LF__I_C_A_IVM_VAAHE_____Q_K_MNIK_L__NED_K___A_F_LAKVA_M_IC_W_MA_TPYL_LS_LG_FSDR_W__PMTS_WGAIFA_ASA_____VYG_SHPK___A_HDKFPC__C_SDS_K_DS_S___ESEKAGEETSQVAPA,1,mask-nan
mask-nan,_LK_NNWLQ_AVI_M_VLIV_L_I____GTK_QA_SI__P_P_NQVF__PGLANAV___L_K_SVTDLVSQKE___VQNF_GDNSN_Q__AGMQF_TN___L__SHNQ_SDLS_L_D_TK_EELSVN___LK_L_GIPSA_LSRL_LDNN_LR_TDSLI___N_E_LSIRNN_LKSI_MLG_L_KLE___LHGNEITNTGG____KKVNWI_L_GQKCVNE_VKYQP_LYITNT__DPDGRWISPY_ISN__SYV_G_V__ELPVY_DEV_Y_F_EY_NV_E_EA_FDGTVTQPIK_,0,mask-P71451
mask-BD7pin-E-K-4RF1,__PFSDILTSIRY_V__SIT_PSL_I_GWLFVS_GLA_DV_G___PNEYFTEDRQ_____TDRFN_LE_VKKL_AQ,1,mask-nan
mask-nan,MAL_QISSNKC_GG_QKVFEHDSV_LNC__KF_VY_PPKAETG_CPAL_WLSGLTCTEQ_FIS_SG_H__A_EH_LVVIAP__SPRG_NIK_EDES__FG_GAG__VDA__D__K__YRMYSYVTEELPQ_INA__P_DPQ__S__G_SMGGHGA_ICALKNPGK_KS_SA_AP_CNP_LCP__K___SGYLGTD__KWK_Y_A_HL__SYP___L_ILI_QG_DDQ_L___QLLPDNF_AACTEK_IPV_FR_QEG_D___YF_ATF___HI_HHAK_LN_,0,mask-P10768
mask-nan,_GKT_S_KVLF_______AGKVFAF_CNVDGGS__G_GT_SVYVNLD_V_Q_G_NLVVD_SQH___W_D__GWY___H_NLVQ_S_F__S___Y__SL_W__VT__FPLTTNTNVLD_GDK_PMP__L_LYITP_GAAGG__I_AGEVIAR_HMYKI_TLGSGNPRN_TWNII_NNN___PTGGCTV_SRNVTVD__DFPGS__IPLGVY_S_EQKL_FYLSGATTDSS_Q_FANTA_DATK__G_GV_L_RNGKI_A__E_VSL_TVN__K__LGLS_T_GQ_G_KV_AGTVQSVIGV_FIYE,0,mask-P77588
mask-nan,M__EVID_NEA__A_____EG_R_E__R__A__A_L_QSL_T_KSLK_LG_GKTV__PVG_IAQVEMKVEK_DKVV__VGQNISAE_EYEEAL_YIE_EI___LT_RL_LEQAIAE_YAK_ED_IAEAQQTSEEEKA_E_ENE_KAE,0,mask-Q58064
mask-nan,MCRRPDCG_S_SP_PV_LLW_C_L_PIV_S_AVSVA_TAAEKV_AECPELTRR_L_GEVFEG____SWLR_LV__TGR___LSQL__YRPV_P_A_NS_L__EA_LD_L_L__N__DQL__L__LLSSD_APR___VM_GYSECGDGSP_V_TCVD__CRGYD___L__GRSIFTEHVLGFELVPPSLFNV_VA_RNEAT_T_RA_RLPVSTAA__EGITLF__LY____EFC_RH_L_PP_L_HLDKYY__LP_E_K_TRV_LPA__RYGPQAVDA_,0,mask-F5HCH8
mask-BD6khj-N-N-SQD1,M__LAGY_F____ESAG_L_LFVPPEGG___R_QRRL___GYTTL_M_A_GLGD___Y_TQEHGIRPAH_GKEDIRV_F_P_L_TY_L_N_P_NAKGLV_WL_DGKRLS_QEFA_L_QLTQTLP__KV___VGG_RV_RWEP_ADWVAAA,1,mask-nan
mask-nan,M_NP__HFTNN_TE_REA__Q_GPF_QS__RPLDYAGSF______NNNFIANQ_P_LPL_EPR_SW_N_NQVSN_L_VTPLPGLQKRMNKN_KK___RVSKKASALSNG_____MS_S__VGHGAV_SASGWKVEMGG_DELE__KR___RF___PSAT_NSNDNL_EDF_NLNAISSK__QY_K_IHV_G_CQTLEKSYL__T__P_PDLIRP_N_L_KMYCLLMDKYQSKT__YTY__D__K_MRQDLRVQMIEN_FTIKV__THARIAL_NGD_G_F_QC_N_I_ALFE_P__P__SYSE___YSVLYSM_T__Y__ISHLKLKLID_G_SE_LE_EH_KM__E_SDMK_VGNY_Y___NYLK_H_F__CL__SF_NLEKLIF_TIICKS__QV_L__VKSEF_FNSIE_TTNFL_E__LTEFILN__ITDS_GKS__IKI_NT___RV_LI_NYM_SKKI_I___K,0,mask-Q12049
mask-nan,_SNTG_T_RIPL__VGTVVGTLA_GL_AVF_YGSY_GL__S_,0,mask-O19930
mask-nan,M_KIK__DLRGK_KEELL_Q_DDLKVELS_L___KVTGGA_S_LSKIRVVRK_IARV_TVI_____ENL_K_YKGKKYKPLDLRP_K_R_MRRRL_K__ENLKT___Q_KE___PL_KYAVK_,0,mask-P42766
mask-nan,MQRRLVQ__S_AV__LS_AVPSCG_SVEGLS__LKRAVSE_QL_HDKGK_IQ__R_R_FL__L__EIHT_EIR__SE_S___K_SP_TK_HPVR_GSDDEG_YL___TNKVETYKEQ_LKTP_K_KK_KPGKR_E_E_KK_R_RSA_LDSG_TG_G_EGD_L_DT__TSLEL_SRRH,0,mask-P12272
mask-nan,__ITNY_I__LKK_G_T_QQIL_VLEYG__VDQELLL_DI_____CRNPAVFMER___I_DAHLSKE___FPSFSILD_CY_WDL_E_YD_PV__FYKG_L_LLKF__VAVVGS_A_SKQG_K_V_KVIQGLE___VIVSG_A_G_DTAAH_AAL_NGGKTI____TGL_VFY_KAN_RLQDYIGNDH_V___YGPGE__L_FHFPAR_RIIAG_CRGVIVAEAK__SGSLITCE__ME_GRDV_AI__S_LDG__DG___L_Q_GA_LVTSGQDV___FEF,0,mask-Q8DPI7
mask-BD6peq-F-D-OLC2,_FTFAAFCY_____LCAA_IF___WH_I____LR_DFVHARERL_N_ERICFLL__LVL_E_SIH_LFCIMFLCAQEW_TLGLN_PL_F_H_WRYFH_N__TLSY__KEAWC_LAFYL_SF__YLYC_IY__VS,1,mask-nan
mask-nan,_T__KL_FLSISI_ILVAISI_IYITLN_NTKT__TN___QQ_D__I_H_LQKG_IP_ASIL__KNG__F_NK_YG_QDV_KK__ASP__KYEIASN___FT____LKLA__GRLNL_DDVSKHVPHFKMNY__QNETITI_QLLAQTSGIPSDITSED__TN__NRLNDV_RA__GDE_HH_PG__F_YSNM_Y_LLGLI__NVT_QSYT_YITNSWL_PL_MTHTSFKQTN_K_K__AI_YELQG_TPVVSKPEFNLWD_PS_Y_MTS_EDLE_WIKF_LN_PD_YKSLV___HK__SSTI__PN_NA__SGWFT_ND__L__HSGTLDNFS_FI_LNP_Q__GIVVLANLNSEY___L__HL_T_I_N_KRY_TV_S_L__YK_Q__IVT_LMTTL_LL_FIFS_YRAWQM_H_QIL_RRSKRIA_L__L__C_C_A_ALIL__LP__ILG__NWSF_L_WLP__I_L_L___LIALFST_IVI__FLHT_ITKT,0,mask-Q7A3Q5
mask-BD5zgb-F-J-3XQ1,_L_P__QSE_F_KREINE___LENR_A_Y_A____YLA_QS_ID_VHKRFDKYGTL_CGQDGLPH_IT__DWRHAREFT_PA_LFL_ITG__GWVGR_Y_KYTKE_K_PT_Q___LDVPMA___MLSGFL__LSAW_E_RS_QLLA_EDE_TVS,1,mask-nan
mask-BD4fbz-A-A-L2P1,MA_TVGPES____I_TI_M_LG_L_F_GRG_GVRD_KMQE_YI_TT_ITTIAAAMYFA_A_GFGVT_VVV__EALTI_WAR_ADWLF_TPLL_L__G_L_G_NRNTIATL_GLDVFMIG_G_IAA__ATPG_RIA_W_IS_GALLALL_V_V_TLS_D___QSPEVASLFG_LRNL_I_LW_L_P__WI__TE__F_ILPL_WETA___VLD____V_FGV__L_S_SVLRRVVTPT_APT,1,mask-nan
mask-nan,M_PIFSRGPSL__R___A_LV_LGIIIADSRLG__SQI_TYM_TA_SPFYFVS_APRE__DGV_Q_LA__DQL_L__RALRQELL_KN_ELLML_QY__ENARLRE_LG_PL_QDEQ__VTQV_STV__P_SDQVV__KGSV_GV__GQP_ISD__VVG_V__VAKLTS_VLLICDA_HA_PI_V_RNDIRVIAAGN_CTDD_Q__HLPANTDIR_GDV__TSG_GGRF_E__PVA_V_S_K_DTQRAYTVIQ__PTAGLQ__R____L_G___NG_NPMTP_E_HRV_NERLMQMM__VLP__DA_GPKLPEP_T_____TPQ_PA_GNA_TAP_A____A___SP_RAT_PQ_GAQPPA_APGGQ,0,mask-P16926
mask-BD7vrj-3-C-DGA1,P_QLYKIW_AF__RMAL___GAFLF_L_LFIHYM____P_FDWLLGPD_APV_LSAGM_AL_AG_,1,mask-nan
mask-BD6sl5-3-3-SQD1,_KDF__V_S_A_A_KY_DGTL____GFDPLG_LD_TVSNGQGA_GF__PRWL_YSEVIHARWA___AAGCIAPE_LGKAG_IP_ET_V_WFRT____P__VY_D_WADPFT_FFIEV_A_QFAELKR__DY___GS_SRQYF_GLEG_FKGS_NP_Y_GGPFF_F____KTEA_MKKLKLNEIKNGR_A_LAMFGYGA__V_TGDGPFD_L_AH_ADP_G_NL___L_,1,mask-nan
mask-BD8xlp-C-A-SQD1,MK_F_LG__LKI____TL_S_RRFYHVET___SNL_IAGRDIES_GFAWW_GNSR_INVS_KLLGAH_A_AGLMV_WCGA_TLFEVAH__PE_P_YEQ__ILL_HL____W_VGP____VDIY_Y___GI__IISSAVL_FGG_YHS_I_P_TLEESF_AFG__WRD___ITTI_GIHLVI_GF_A_LL_V_AM_VGG__D_W_P_GGDVRIIDNPTL_PVVIIG_VL_S_W___GWIVSVNN__DIVG_HIWIGFTCIA_GFWH_L_K_FA_A_R_YV_SG_AY_S_SLVAVS__GFIAS_YS_YNNTA__S_FYGP_GPE_S_SQAFTFLV_DQ_LG_SVA___GPTGLGK____SP____I_GG_TQR_W_LRA__IEPL_GP_GLD__K_KNDIQPWQ_R_AAE__THA_LGS_NSVGG_AT_IN__NFVS_RSWLTC_HFLL__VF_IGHL_HAGR_RAAAAGFE_GIN__NEP__SLR_ID,1,mask-nan
mask-nan,MG_G__KY_FKSGV__TT_SI_KSP_TKQTD_IN_VKSPKP_G_LG____KGV_H_KG_HRL_P_VN__DVDNLI_KTVA__QS__S_N__AQKV_LQKAE_RRKF_IE_F_KE___LLH_H_YLQK_TKELEKAKE___E___KEKSSD___MT_DKMM_QPLLRNRSP__SELLKL_RN_N_S__NF__HKK_LN_L_NLYHVANEFIVT_SQLL_KID__F__ETEEFTDA_DVTSN__Q_GNRKLLL_GNTTLQTQ_NNA_M_____EK__DISL_DS__NKDLKNI__KIDSKLNP_S_GAGNNG__NNTTNL,0,mask-P17558
mask-nan,MKP_KV___RRLL_SLKHVDC_I_KR_PSTIK_VK_LMIFMVFT_ISS_Y_E_V_QN_EE__N_EDPSD_G_VTKETGS_VLVLAIHGGGI_GGT_EVA_EL_KEYSMY_FE__KSAG_SV__ITSTH__E_RALKMTG___YV__LHG__EEDQQIE____DRV_AA_LV_K_Q_A_F_A_L_NMDH_H_G_S_NNI_N_S_TGL_I__EMSTGFR_SL_GIFS_KSRAV_Q__RFYEFT__MFRF_KN_Y,0,mask-O31815
mask-nan,___F__LLHSLS_SLSG_DLMEL_FL____VS_RKL_RVQ__LDL_TVLLEQN_LERGHTGLLRELLAS___HDLLQ_L__FEAGTATAA_PGEADLQVAF_IVCDNV_RD_K__A___KVSE_KMDG_EEK_P___S__VRES_K___N_EKKNAS_____KALR__RLNLVADLVEE_QE_VS_S_NM_PV_RDST_SS_ETP,0,mask-Q61160
mask-BD4ntj-A-A-OLC1,DYK_DDDGA_Q_VDNL_S_P__TSL_TRDY_ITQ_LFPLL___L______T_GLAMRIF_QIRS_SNFI_FLKNT_ISDLLM__TFPF_ILSDAKL___PL_TFV____SVIFYFT_YISISF_GLI_IDRYQKTT_P___SNPK_LLG___LSVVI_AFMF_LSLPNM_L_N__PRDKN_K_CSFLK_EFGLVWHEIVNY_CQ__FW___LIV_V_YT_ITKELYRSYVRTAD_E__WE_L_DNLKVIE___NAAQVK__LTKMRAA_LDAQKATPPKLED_SPDSPEMK___H_F__LVGQIDD_LKLANE_KVK_AQ___EQL_TTRNAYIQ__L_G_GKV_R_K___K_FI_IAV_FIC_V_F__ARIPYTL_Q_RDVFDC____T_FYVKESTL_L_SLNA___P_IY_F__KS_R_S_I_M_K_PN_ATS_SQD_R_KEQ_G_D_N__T_MGRP__VLFQ,1,mask-nan
mask-BD5oy0-L-L-SQD1,MAES_QVVQAYN_DPFVGH_S_PISD_A_T__FIGNLPA_RKG___IL__LEVGMAHGYFLIGP_TLLG_L_D_EYQ____LI_AL_LILVAT__LSS__L_TFQG_Q__GDT__TA_GWSQFAA_FF___MG_AF_AYF__ENL_VVDG_FRG__N,1,mask-nan
mask-nan,MRVLLI_D_SAIAQSIE_MLKSES_NVY_T_L_EEGIDLGKLYD_DI_LLD_NLP____YE_LR_LRLS_V_____ILSG___IED_VRG_GFGADDYMTKPF_K__LIA_IH__VR_SK__AQ_VI_TG_LVVNL_AKTV_VA_QR_HL_GKEYQML_LLSL_KGTTLT_EM__N_LYG____PE__IID_FICKLR___DAV_GN_S_IE_VW_RG_V_REP_AE_RESA,0,mask-Q2YQA4
mask-nan,MVVSKMNK_A_MR__INQK_IETG_RERLKE_LRAKLIEC__KDQ_KA_C_EV____G__HV___DLV___TPKGRALVPDSVKKELL_RIR___AQH__L,0,mask-Q9NPA8
mask-nan,___A_HRAE_GT_L_ARLEGRSSL_EIEPNLFA_E_SPV__DI__FHG__GT_KTE__YHLTAR__L_KSEGG_E_EVLFIDTD_H_D___LVTILEH_LSQS_EEI_KYCLGR_FLVYCS_STHL_LT_YSLE_MFCSHPSL__LIL_S_SAFYW_DRVNG_ESV_L___T__K__QCL_____DYRLVL_ATTQT__QK_SSS_E_P_HAS_RLCD_DIDY__YLCKAWQQ_V_HRMFF__Q_DSQ_SN_F_LVSRCL_S_S___HFFII_E_G_EF_,0,mask-O43543
mask-BD4y13-A-A-4801,M___DFFSWRRTMLL_F_RMET_EEVY_E__LQAQQ_E_DYY_LC_RH__P___PKVA_YT_YPEAWVS_YQ_KNFLAI__V_NP_NFSQG_LMW_DDLFNE____WEAARA_G_R__VTQY__LPN__LGFL_FSRC_ARE_PILSDEL_L_M_LL_R_S_MA_MRLN_E_VMTPEMN___R_K_I_R_T_E_KTSAEI_MILSISENT_NF_QKN_Q_KINA_NKT_VACYA__TG___HHH,1,mask-nan
mask-BD7mxh-A-A-ZP71,SEH__FHVI_IFSFVNQS_AR__GS_WLDEL_THG_DS_SGT_I_LHQWS_GQFSNEELS_LEL__R_Y_F_LT_E_Q_H_S___S_Y_F_VQVKA__ELHSGGSP__FFQV_FNGLDLLSFQQT_WVP_P_C____QS_C____H_YE_V_ETV__LI_STC_RFLLGLLDAGKMYV_RQVR__AWLSSGPS____RL_LV_H_S__YPK_V__MWMRGEQ_QQ_TQLG__LPN_NGT_Y__ATLDVADGEAA_L_C_VKH_SLEGQ__I__WRGSLVPR,1,mask-nan
mask-BD7pi0-h-b-DGA1,EPGIVTPLGT_LRPL_S_AGK_LPGW__TVLMAVAILLFAVFL_I__EIYNS____D_V_N_W____,1,mask-nan
mask-BD5lwy-A-A-OLA1,G_SEFE_RWRVI___VL_DWLKDNDFL__GHRP_M____AC_KS_FRIHTETG_IWTH__GCVFFL_LGI_YMFRP__SF_APLQ_K_V__LFFLG____LSFSW_FH_V_CHS_GVS_LFS__D__GI_L__MG_FVPWL_Y_FYC_PQPCF_YLI_I__LGIAAIIVSQWDM_ATPQ_RG__AG_FLGL_LSGII__L_YVI_EG_LK_A_IG_IGWL__M_SLYI_G_AL_AA_I_ERFFPGKCDIW_H_HQ_FHIFV_A_A_VHFHG__N___FRFMIGGGC__E_AL,1,mask-nan
mask-BD4e6a-A-A-0O91,ERP_FYRQELK_IWE__ERYQ_LSP___VCA_FD_KTGLR_A_KKLSR_F__II_AK_TY__LR_LKH_KHEN_IG___VFT_ARSLE__NDVY_V_HLMGAD__NIVQKL_DDHVQ_LIYQI_RGLK_IH_ADII_RDL_PSN___NED_ELKIL_FRW__APE__LNW_HYNQTVDI_S_GCIMAE_LTG_TLFP_T_H__QL__ILR_VGTPGAELL_K__SE_A_NY_QSL_QMPK__FANV_I_AN_LAVDLL____VL_SDKRITAAQ_LAHAYF_QY_DP____VA__YDQ__ESRD_LI_E__SLT__EVI_F_P_,1,mask-nan
mask-BD8xr6-J-J-SQD1,M_S__RIPLW__ATVGGTLALT_VGI_FYGSY__VGS__,1,mask-nan
mask-nan,_ANPG_GL_LALGLP__LA_WGR_W__I_TTS_N___T_LPSSTS_SS__NL___AIT_I_VVFSLL__LL_AVGLALLVRKL__K_Q__GTYRPSSEEQV_AR_P_T_NLKLPPEE_LI,0,mask-Q9BUF7
mask-BD8jjr-A-A-SQD1,ML_Y_GIV_T_VLTQEK_P_F_AVVNA_PD_K_VR_PATFC__A_PR_V_RTA_HAS_SKSLPF_PKPQ_LGGLAGG_AE_DP_G_SD_FDVKWLRE_EL_HGRVCML___GF___QYIQFPG_TP__DA__AI_TAPPN___LLLFACGYIES_AY_G_L_MLDMFD_EG_K_APGDLNF___FL__DKAAA_D_A_KELSNGR_AML_FAGMVHHN_VV_GPLF_L_PEGWAG_Q_SW_L___A____S_SL__,1,mask-nan
mask-nan,MAK_AS_N_YFDVYANEESLGRI__K____IVPKTA_NF_TL_ER_KGEGYKGSTFH_II___M_QGG_YTAHN_T_GR_IY_EKFPDENFE_K__K_G_L_MAN_G__TNGS_F__TLG_TQW__E_HVVFGEVVEG__VV_K_AKYGSESGQVK__YR_E__DCG__GS_,0,mask-Q8SRE1
mask-nan,M__GA__LG_G_C_A_LL__L_LSTVTG_H_VGD_Y_SNDR___ECR___GMVSR__RSQ__V_R_CG_GF_N_V_S_KPCKP_TWCNL_SGSER_QL_T_TQD_VC_CR_GTQPLDSYKPGVDCAPC_PGH_SPGDNQAC_PWT_CTLAG__TLQP___SSD___E_R_PPATQ__ETQGPPARPI___PT__WPRTSQGPS_RPVE_PG_R_VAAILGL_LV_GLL_PL__L__LYL_R__Q_LP_DAHKPPGGGS_R_PIQEEQ__A_S_LAKI,0,mask-P43489
mask-nan,M__ILI__DEQ__A_FLELELTH_NYNVDT_YDG_DGLDKAL_HYY_LII_DL_LP_INGLEI__KIRQ__S_PIII__AKSDTYD_V_G__YGADDYIVKPFDI__LL_RIR_ILRRQ_QKD_IDV_GITI__NAFK_T_NGA__E____EY_LLY_L_EN__HVMQRE_ILNHV_GYNSEVE___V__Y__YLRN___PY___KM_ETVRG_GYVIR,0,mask-Q9KJN4
mask-BD8wql-h1-h1-SQD1,M_QRTWLG_R_RP_NSE_GKV_P_W__TPLMG_F_GLFFVFLL_I_Q_YNS__ILEN__V_WANLT_,1,mask-nan
mask-BD4xnv-A-A-OLC1,TEVL_P_V__GT___F_AGPGSSWGNSTVAST_AVSSSF_C_LTKTGFQ__Y__AVYILV_II_FL__SVAIWMFVFH___WS__SV_MFNLAL_DFLY_LT_PALIFYYFNK_DWIF__AMCK_QRFIFHVN_YGS_LFL____A_R_SGV__PLKSLGR_K_K_A_CI_VLVWLIVVVAISP_L__SG_GV_K__TITCYDTT_DEYLRSYFIYSM_TT_A_FCVPLVLI_GCYGLI____IYKMK_____VC_Y__NPE_GDPDN_VNP___FKDI_DDW_CPLC_VG_D_FE_VEEPL__K_I_______T___VSY__F___K_MNLRA_L_FQTPAMCA____VYATYQVTRGL_S______P_LYFLAGDTF_R_LSRA_RKASR_SEANLQSK_E__TLNILPEF__N_DTS_,1,mask-nan
mask-BD7qrm-K-K-SQD1,MQTIN_F_WIK_QI___ISIS_ILYII_RSSIAN_Y_IFA____ENPR_A_G_IVCAN_HLAN_PVDIEVPQAV___TV_EAVVRIPY_MQ_K_V_A__K_G_L__GAVLILP___ELAPP_RI_PEMKE__GNL__Q_YRPNK_NILVI_P_PG_KYS_IT_PILAPDP_TK_DV____YP_Y___NRGR_QIYPDGSKSNNTVYNSTAT_IV_K_V____GG____IADASDGRE_VDI_PR_PE__V_EGESIKL_Q_LTSNP_VGG_GQGDA_V___DPLR_Q_LLF_FA_VILAQIFL_L____FEKVQLS_MN_,1,mask-nan
mask-nan,_AFADKPNHFINFPLAQFS_FMGKY__L_SQLVE_G__CKLQKAPHV_IT_LDIK_D__KQVE__IQEII_D_AAY_G_IV_D_PHML_RCL_L_VR_FE_L_EDIV_IL_RR_CT_DQ_RHWIPH_TVAQFD_ER__K_MQF_HKEPF_LKH___L_DAGLELVK__S__ID__YCSEL_VWC_E_LCYKPPT_K___I_GY_CI_KIRG_L_IGDLP_DDE_____L_Y_Y_RNTY_FRHVHD_S____T_CRMKGCM_,0,mask-P19738
mask-BD7ymi-a-B-SQD2,A_AW__FCSFI_ST__RL_IG__GVL__P_L_T_VTCFVI_F_GAP_V_IDG_R__VAGS_LYGNNII_G_VV_SSNAIG_H_Y_I__A_SLDEWLY_GGPYQ__IF__MIGCICYLGR____S_R_GMRPW__VA__A_L__TYS_FLI__LG_G__S_GMPLG_SGTFN_MFVF_A__NI_M___HMFGVAG__GGS_FAA__GSLVSSTLV_SRSLHFFL_AWP_VCI_LTA_GISTMA_N_NGFNFN_S_VD__GNVVNTWA_VLNRA_LGFEVM_E_NA,1,mask-nan
mask-BD4jkv-A-A-OLA1,G_TA__EDNW__LND_LKVIEKAD__A__KDALTKM__AAL_A_KA_PPKLEDKSPDSPEMKDFRH_FDILV_QIDD_L___N_GK_K_A_AAAEQ_K_TRN__IQKYL__QC__PLVRT__PK_W_E__E_CGIQCQNPLFT_AEHQDMHSYIA_FGA_TG_CTL___ATFVA_WRN__RYPAVILFYVNAC__VGSIG_LA_FMDGAR_E_V_RA____R_GE_T_NE_LSCVIIF_IV_Y__MAG_VW_VV_TY_W____K__GTTYQ__SGKT_YF___T_____V_TVAI_AVAQV_GDSVSG_CFVGYK_YRYRAGF___PIG__L_V____LIRGVM___SIKS_HPG_LSEKAAS_INE_MLRLG_FGFL_F_F_LITF_CHFYDFFNQ__WERSF_DYVLC__N_TIGL_T_Q_IPDCEI__RPSLLV_KI_LF__F_T___M_T_VWTKATL_I_R_TW_RLTGQ,1,mask-nan
mask-BD7bw1-A-A-OLC1,G__TM__Q__QSP__AG_A_LVA_GALALYVA__SGYGK_TE___PAA_RLPAR_AWF_QELPSF_V_A_I_ARQP_SLFGPPG__L___FCV_Y_HRTFVYSLLNR_RPY_A__IL_GT_F_TGNG_LQGYYL_Y_AEYPDG_Y_DIR_SL____FI_G_GIN__SDY_LRQL_KP___S_RIPQ_G_FTYVSGAN_LGE__EWIGYAL_TW_L___A____SLCFLGLRAFH_HRFYLKMFED_PKSRKALIPF__,1,mask-nan
mask-BD6lgv-A-A-A6L1,_AHHHMLV_ITRL_C_WA_LL_V_A_FRPTTF__IGPYVGP_LML__FAMGVTL____FKRVLSRPAPVA_A_FL__L_M___AW_LAML_RMPPDLSA_MV__GSVASGTASNVMI__AKGDVA_S__ISAVSTLVGV__TPLLT___VD_T_SV__V_MLK_IL_IV__PIT_GLVI_HTFTKT_KRIE__LPAMSM_CILAIIS_V_AGS_____S_G__VII_VILH_GIGLLSG_WG__L_G_DESTCRT_AI_VG_QNSGLA_TLGK__FSP_AA__G_LFSVW_NLSG_L_A_Y__G__V___Q,1,mask-nan
mask-BD8wql-h1-h1-SQD1,MAQ_TWLGDR_____S__GKVAPGW___PLMGVF_GL__VFLLI_LQIYNSS_ILEN_SV_W_N_TR,1,mask-nan
mask-BD7y8a-O-O-SQD1,MK_A_L_LLAAA_ANAFAPTA_FLPKAHGIAA_K_A_ALRAAPRAVAK__AVQA_F___DGVE_DL___VL_IS_L_WSL_GLL_SNIPLY__K_L__ALFAE__E_L_TFPAP_PIGDPFWV_LF_W_S_LFATMI__TI__NGY_P__T_K_,1,mask-nan
mask-nan,_TTIQ_FEPV_LF__N_____ILT__FPLEFY_EYMIIWP_LFFKSSEMT__PTFKH__SGYMM_K_EGKT_E____I_A__V___FRRISLASKLCN_L__M__V_PHEV___D_FVKC_N_LAIKL___LGYSVY__VVGYYNS_EDG_PDTLKKVDDNKD_FDMRKAMA_DRN_SV_P_G_SH_CYPH_VRF,0,mask-Q06504
mask-nan,MREI___VKEKTTI__YERTIEN_LS_I_ASG_V_R__DL_EEPLP__VAVVT_LYELGYVAFEN___ILT_KGKE__EKY_IG______C__CQ_RT___DAF_ELLEQ_KE_TRDRPEP__Q_D_A_VT___TVARVALMH_R_DLENKEVFVL_DD_L_SV_L_L__LP__IA_LDIDERL_KFI_KA_DE_G__NIE_FT_D_RKP_PD_ALHKFDTFI_DPP__VEAI___VG_GIATLKG__CA__FGITRR__SL_K_RE___V_LNE____ITDIIRNFN_YVNW_YVEE_RAWR_LPIKV___YNWYKSYMFR_Q_LEGSKGFEDEITVGQ_LYD_EESS__,0,mask-Q5JIZ3
mask-nan,_YTASGIK_Y_QV_V_SAV___S_HQLI__LF_GANSALVR_R_FLEQ_D_VAK_EALSKA_NIIDNGLKAGLD_E_GGE___NLSELYD_MIRRL_Q__LRN_AQ_I_____LLSNIAEAWK___PKAS__ES_,0,mask-P26609
mask-nan,MARRPRNS____FV_SAA_RDADA_A_AL_G__NWGYD_DGQH_DSDSD_EYST_P_SI__AVP_TGESFCDCAGQSEAS__SS_HSAHRG__CRC_E_DEY_DWVWDDL_K_SATL_S__N__VSFH_E_S_G_AA_RG_KELGEGQHFWEIK_TSP_YGTDM__GI____V_L_KYR_TF_S__GRDE_SW_L_YTGLLHH_GDK_SFSSR__QGS_IGVHL__WH_TLT_FK__K___VAA__L_NK_FY_MVCSTAA__SMKVTRSCA_A_SLQYLCCH___QLRPDSGDT_EG_PL_PG_KQ_LHNKL__V_SM__S___APV_D_QAA_SAHPSSR_____Q_KRC_RT,0,mask-Q6PJ21
mask-nan,MSS_DNDS_VD_TEDLA_AKIVKEN__A_KMVRYIL__GE_QNSIIT_NKLQSVI_EAAR_E__A__S_SKMF_DI_AIL_NVYGFE_QGLPSK_N___GGN__N_NTNK_M__P_GH_AQ_F__LNNVP_S__FD_FKI_QS__T_EEL__TGEYI__D_AS_T_NTL__KLST_RDL_YKG_LSVI_CI_FFSKN_ILH_ELI_FL_TFGIP_DGSKIAIL_I_I__LIKSLEKREYIV_LEE_S_TDGE_ISYRI_RR_QAEL_L__L__L_Q_IM_LEK__TK_LHDD_IKS__D_YS_,0,mask-Q05541
mask-BD6zzx-I-I-SQD1,MS_QFLPSILVPLVG_V___VA__S__LYIE_EEI,1,mask-nan
mask-BD7cav-B-B-FQ01,_YQMDIPKFKRLPR_IAIIP_GNR___L_RG_EKH__YSSGIIP_LEV_D__VKIG_GEV_FFG_TQDNTK___I_RKA_TDAC_KS_QE_AKR_A_ILVVGN__S_I_PE___EY_KRTK_GK__I_I___I_YG_YWDL__AY__SP_G_KMI____SAEIPRVDLLIR_GGRCRLSGMLP__TVYSD_YVVDEMWP_FK_E_LFK__EF__NQDITLG_,1,mask-nan
mask-nan,MV__RVQALLD_L_AQGIQD_Q__N_LAAVPREKFVDEAFE_K__DN_A_P_G_G____QP_M__RM_ELLEL_P_SRVL_IGTG____TAIL_HLV_HVC_V_RIK_LQWQ_RRRL_NL_LHNVS_RHG_GWQG_QA_A__DA_I_T_APPEI_TA___QLDEGGIL_LP_GEEHQY_K__RR_GGEFI_DT_EAV_FV_LV_GELA,0,mask-P0A7A5
mask-BD6ssu-A-A-OLC1,MHHHHH__GNSIL_A__S__S__Q_S_F_L_VG_AR_K___TP_A_TGSP__E_VFRA_Q___EFYPI_II_LWMAGWYFNQVF_TCLGL___YGRHL_FW__SE_AKKRIT___LSLGILALLTLL_ALG_ANS_L_EYLDLNIAK_LRRQF,1,mask-nan
mask-BD6kif-L-L-SQD1,MAQ_VI__GGTP_I__LATPINSSPFTRTF_NALPI_RRGL__NRR_L____AH__LLYG_FS_LG_LRN_E___S___LAT__LVVI___CL___G_AG_GPS__E_TVT_PNPPQEL_T_E__SE_TSGFILGGLG_AFFAFYLASTPYVQPLVKIA_GV_SVH,1,mask-nan
mask-BD8k1r-A-A-OLC1,_I_TGL_VGFL_G_V__RGRIA_NSA_RD__LFKDNYLF_L__FT__L_MIL_V_LSQV_L_QM_PKPLNLVGNIIG_F____GMV_AGGCAS_VT_R__E__TTAW___LFYGLGAYATKSGAFS_WLSWVG__KSP_S_E__AY_V____PTI_SV_GLNPWIP_LV_AALFI_W_F_T_T_SR_TKFNW_IA_VC_A_VAGLGFI_S__SG_K___GITG__INL_QGFLTN_P_NWEGLEI_GII_G__V_AAV_G_F_LRMPKNP_TY_QVGIG_LL_GIGAVTAGGCNIGHFL_GVPQ__LS_WL_SIF_ILGNWT_AWI___RA_TPT_V__A_PS_AE_R_LPFQVA____ALQ____VKK__ANYQVSKEIDVRGEVCPIPDVE_KRAVQS_NDGEII__RIDYPA___RIPETVK__GSE___I__A_P_E_NIY_K_KKGS_GEN__F_,1,mask-nan
mask-nan,_KLLTRAG_FS_F_SLKVAP_V_ATAAPAGAPPQPQ_L__TK__NGLVIASLENYS_VSRI___IKA_SRY___SNLGTTHLLRL_SSL_TKGASSFKI_R_IEA_G_K__V___RENMAYTVE_L_GDVD__M__LLNVTT__EFRRWEV_DL_PQ__I__AVAFQNPQT_VI_NLHAA___NALAN_L_C_DYRIGK_TS____YFV_NHFT_A_M__I___V_HP___QV_E__LN_RGGLG_SGAK_NYR_GE_REQ_GDSL_HAAFVAES_V__S____AFS_LQHVLG__PHVKRG__TTS_LHQ_VAK_TQQPFDVSA_NASY_D__L__IYT__QATAAG_VIKA__NQV___AQGN__NTDV_A__NKLKA__LMSVE_SECF_EEV_S_A__AGSYM_PS_V_QQIDSVA_AD_INA_KKF_SGQK_M___GNLG__PFV_EL,0,mask-P22695
mask-nan,M_M_SGARLALLVYG_IM_SSV_SSPAAAGLRFPGIRPEE__YG_DGNPLPD____E_P_AG__A_AP_A_AAWYR__G_RDV___IL_E_Y_KVLD__SAGKH_Q__VARGVG_S_GGGA_DDAEP_S_RH_DG_F__S___YRK_MAV_KYLAAVLGKRY__RVKNK__RIAY_,0,mask-P18509
mask-BD4ogq-G-E-3WM1,MV_PL___IVLG_IV_TLAGLFYAA__QYKR__ELG_,1,mask-nan
mask-BD6w1q-R-R-STE1,MDW_V__VLLPVLL_A_WAVRN_LPY_VKQ_Q_LL_KA_A_,1,mask-nan
mask-BD7k3i-A-A-VLZ1,MT_D_NGTWEME___NFEGYMKALD_DF_T_KI_VRLTQT____Q_G_NF____TSTFRN_DVDFT_GVE__EYTK_LDN_HV_ALVTWEG__LV_V_KGEKENRGWKQWIEGDK____LT_GDQVC_QVFK___V__,1,mask-nan
mask-BD7pin-E-K-4RF1,E_P_SD__TSIRY__IHSIT__SLFI_GW__V_TGLAY_VF_S___NEYF__DRQDAPLITDRFNALE__KK_SAQ,1,mask-nan
mask-nan,M_S_APP_H_EEGC_A_AAEEQA_PSP_PP_ASPAE_Q__EE_AQ_AGA__GAGLQVE_AAG_AA_AVT_LL_EPVLWLG___D_LLS_K_P_R_L_GFVA_NLL_W_LALTP_R_YH_IS_MI__RV_MQI_KDMVLSRTR__Q_WRSLSE_W_V__S_PDER_R__HCIAE__MNFSIFL__MSLFK__S_G_FCLLVCS_CTFF__LGSY__GVIL__LLLLCAFLCP_FKC_DIG_KI_SKIKSVLLKLDF_IGE_I_QKKRE_SEAD_EKSH_DDSE_D_SALCP_ISL_VA____SV___D_SEV_W_D_G__NLS_G_TPQTD_SDDL_R_SE_VFSRDL_DFPS_E_GMG___ED_LS_GLPTELKRKKEQL__G__P_KE__SAAGL_LPLNSDQT___M_NLA_DV___AVT_AI_D__EG_QQ_LSQA_PIP__D__T_EGDD_EL_DQS_L_QIE_E_GL_Q_QEA__QQ_KKS__FLSNLLGGH,0,mask-Q9H6L5
mask-BD6sl5-5-5-P3H1,LPAI__ADV_SLS_L_GHLPG_MG_DPLH_GSGV__QDWLRYAEVV__RW_MLGVVGCLT__ALA_R__IPPERGVED_QT_LI_EIAVFS_LE_KRYE_YKKT_EGG____Y_FDP_G_NSPKH__NELQQ_GRL_M___L__AS_AA_N_QG____LQTHIADPAH_NVFTS_VGK_SCVF_AV__IL____EA_K_LGK,1,mask-nan
mask-nan,_LKS_LRL__I_LR__FTTIDCL__QNSD__KII_NP___AQ_S_SDR___SKSKTDNADI_SME___D__QSA_R_NKREL_S____AR_SVENAQM_F_SGKSIIV__NNPA_SFKRLN__M__NNIPGDKR___FYMK_GKVA__KRSQRHRKEFMMGFK_LIEIV_DA__KGY,0,mask-P38175
mask-nan,M_K_S_YRQGTPNWV_L_TTDQ_AA_K__T_LF_W_Y_DNPVPGGGG_YS_A_LNGEAVAA__PM_PG__E_MP__WNTY_A_D_VDA_V_KVVPG_G_VMMP_FD___AGRMSFITDPTGA_VG_W_A_RHIGATL_N__G__IWNELLTDK____L___EAV_GL__SS_EIAAGQN__VLKAGD_EV_GCM_P_MP_VP__WHVY_A_DDADATAAK__A_GGQVIAE_ADIPS_G_FAVLSDP_____SVLKPAPQ_,0,mask-P9WIR3
mask-BD8wdu-L-H-CDL1,MA_LS_E_K_RVRGG_LIGGD__DF_VGPF__GFFGV_GF_FA_L_V_LIVWGATIG__A_LQTYNI_Q_SI_PPDL_Y_L_MAP_TEG_LWQIITICAIGAFV_W__R___ICR_LG___H_PFA_AFAIGAYL_LVVVRP_LMGAW_HGF__G_L_HL_WVSN_G__FLHF_Y_PAHM_A_TF_FTNCL__S_HG_LI_SVTNPQ_GE_VKTSE____FFRD_VG_S__ALAI__LGLF_ALSAVFWS_VCIV__GPF_TRGW__WWNW_L____W,1,mask-nan
mask-BD3o4k-A-C-LTC1,__P_ACG__VPRR_WRA__S___ER_TRP__YVVVSHTA_S_C_TP__C_QQA__VQSY_V_N_G_CDVGYNFLIG_DGLVYEGRGWNIKG__AG_TWNPIS_G_S_MG_YM_RVP_PRA__A_QNLLA_GVALGALRS_YE_KG_RDVQPT_SP_DRL_EIIQ___H_R_,1,mask-nan
mask-nan,MSGKPPV_RLP_L_R__VK_PII_QEA_KCLV_MSNLL____S_G_MSPKC_G_VTELK_CTSE_ALGKRNNV__S_INY_A__LY_RING_P_D,0,mask-O75012
mask-nan,__SLLCCGPK_AA__I__SAW_VIML__LG_FFNVHSAVLIEDV__TEKDF__G_QNIY_LYEQVSYN_FIA______LG_FS_C_VRLNKRKE__VR,0,mask-Q3ZC23
mask-nan,_AL_VA_VRD___LT_EVC__FQRGT___S__E_KFAHPP_SCQVE_GRVIACFD__KG_CSRENCKY_HPPTHLKTQ_EING_N__IQQKT__A_L_QQMQFMFP_TPLHPV__FPVGP_IGTN__I_F_PYLAP_T_GV_L_PT_ILPT_PV_V_G___VT_PGSTATQ_LLRTDKL_V__E_QRGN_AR___DCRFA_PA__TMID___NTVT____Y_KGRCMR_KCKYF_PPA_L_AKIKAAQHQ_NQAAV_A__AA__A___AFPPG___P__KRQ_LE__NG_SA_FNPSV_HYQQALT_AQLQ_HAAFIPTGSVLCMTP_T_IDNSEI_S_NGMEC_ESA_RITKH_YC__Y___SSI_L_QT__,0,mask-Q5VZF2
mask-BD8eqm-C-A-SQD1,_ETP_ETI_DL__SPT__VGSILAPASP_YDEATS__AWW__NARLI_PELTGRF_GA__AHAG__AL_A__MLLF_VS_FNL_KPM_E_G_IL_PHIATLGIG_GQ_GE_TSMFP_FA_GVA_LIGSAVLGIGGMY_AI_G_EKLYG__QFDWTDRAKV_Q_L___IA_LG_FAL_FA_KA_YWGG__DPW_P_GG__R_VTNPTL_P_I_F_Y__KRPTGG_GWIVSV__LE_I_GG__W_GC__IA_GIWH_L_PPL_W__N_F_W_G_TYLS_S_GN_A_QAFI_AAFIW__N_AY_SVFYGPTV___SQAQSF_FLMRDQGM_A_VASAQ__TGL_KYLQ_S__GEI__GGE__RF_D_RA_W______KNGLDL_KL__DV_PWQLRRAAE_MT_SPIGSLNSV__L_T_SNAFNYV_P_T_L__AHFI__FFFLVGH_W_AGRARAA_A_FE_G_DR_DEPVLS__PI_PSL_SD,1,mask-nan
mask-BD6j21-A-A-OLC1,DNVL__D_DL__NISTNTSEPNQ_VQPA_Q___WAAAYT_IVVTSVVGN_VV_WI______MRTV___F_VNL_FA_A______TVVNF__A___E__YG_FYCKF_NFF_I_AVFASIWS_TAVA_D_YMAIIHPLQPRLSATA___VI__IWVLALL_AFP__YYST__TMPSR____IE__EHPN__Y__VY____T_L_Y_L_LL_IGY___VVGIRLWA_NIF_MLR_D_G_GSGGDEAE_LFNQDV_AAV_G_LRNAKLKPVYD___AVR__ALIN___Q_G_TG_A__TN__RML_Q_RWDEAA_NLAKSRW_NQ_P_RAKR__TTFRTGTWDAYHEQ__A_RKVV_MMIVV_C_FAICWLPFHIFFLLPYI_PDL__K__IQ_VYLAI__LAMSS_M_NPIIYCCL_DR_RLGFKHA_RC_PF_SAG_Y_GLE,1,mask-nan
mask-BD3c9l-A-A-PLM1,__GTEGPNFYVPF__K__VVR__FEA__Y_LA_P_QF_MLAAY_FLL__LGFP_NF_T_Y_TVQH_KL_TPLNYI__N_AVA_L_MVFGGFTTT_YTSLHG_FVFGP__CN_EG__A_LGGEI__WS_V_LAIERYVVV__P____RF_EN_AIMG_A_TWVM__ACAAPP_VG_SR_IPEGM_CSCGIDYYTP_EE_N__S__IYMFVV____P_IVIF_CY__LV__VKEAAA_Q_ESATTQK_EKEVTRMVIIM_I____CWL__AGVAFYIFTH_GSD_GPIF_TIP___AK_SAVY_PVIYIMMNKQFR__MVTT_CC__NPLG_DEAS__VS_TE___V__A,1,mask-nan
mask-BD7arh-C-C-Z411,Y_PVA__IG_RYMRGRAA____RFVS__S_IGITLG_MALVTVLS_MNGFE_E_QNNILGLM_QAIL_SE_GSLNP_Q_P__AV_L_GV_RVAPI__GDV__Q_A_SVAVG__L_IDP_QK_P_TPYL_NV_Q_DL__GKYN_I__EQLAS_LGV_RGDQIRVM_PSASQF_PMGRI___RL_NVIG_F_ANS___G_EMLVNIED_S_L_G_I___RLWLDE_LK__SL__Q_L_E__KW_DWRDRKG___QAVRM_KN__GLLLSLIVAVA_FNI_TS_GLM_ME_QG_V_ILQTQGL_PR_IMMVF_VQ_AS_G__GA_LGA___A_LASQ_NNLMPIIGVLL_GAAL_V_IE_L_VIVIA___M_IALLS_L_PSWR_A_TQ_AEA_R,1,mask-nan
mask-BD3qlm-A-A-PLM1,_LWQF_SMIK_A_P_SH_LM__NNYG__CGLGGSG_P_DEL__C_E_HDN_YR_AK_LDSCK__VD_P_T_S_S_SCSNTEI_C_SKNNACEAFI__CDRNAA_C__KAPYN_EHKN__TKKY_,1,mask-nan
mask-BD6lah-A-A-EKG1,A__HSMRY__TTVSRPG_GEPRF_V_G_VDDTQ__R_DSDAA_PK___RA___EQ_GPE_WEEQT_RVK__A_T_RV_LG___GYYNQSEAGSHTLQTMS_CDLGP_G_L_RGY_QQA_D__DYI_LNE__RS_T__DE_A_NTQRKWEAA__A_QW_AY_EGECLE_L_RYLE_GKE__QRA_PP_THVTHHPVSDHEAT_RC___GF_PAE_TLT__R_G_D_T_DTELVETR___D_T_QKWGAVV_PSG_EQRYT__VQ_EGLPE_LTL__E_,1,mask-nan
mask-BD7ofy-A-A-VCW1,MD__LKIF_SSQ_Q____R__L_Q__AKTP__KVVIE____TSEM___YLNTV__AKD_SL_VLMLDVI_PAQF_TAGWTSDFS_KD_SAYL___AE_N__NG_IVAL_A_ADSM_L_YR_D_LDKY_____T_WD_LKEASKKVM_GE_N_ELQGLS_QG_AI__A_CTFLLPYWSE_KS_VE_GK_NF__K_A_D_LKLWKSFVDD__SK_NIS_VATDDTRKEFQ_G_VL_A__WSYAWTHFQGKESQ_ND__GVAR___VKGG_QTTCL_G_E_G__AY_KQQDEAKKLVEYLS_QDV_K_MA_NA_LLPT_AALY__ADV_KTIP__ADAL__V_TAK_RP_TPRYNEVS_TIR__VNGVLAGVMTPE___K___SR_RRVLR_,1,mask-nan
mask-BD5t1a-A-A-OLC1,ML_T_RSRF_R__NES__E_TT__DYD_GA_C_KFD_K_IGAQLL_P_Y_LVFIFGF__N_LVV_ILI__KK_K_L_DIYLLNLAI_DL___I_LPLW_HS_ANE___G_AMCKLFT_LYHI_YF__I_FI_LLTID_YLAIVH_VF_LK_RTV_FG_V_SVITWLV__FASVPG_IFT_CQKED_V___G__FPR_WNN___IMRN_L_LVLPLLIM_ICYSGIL_TLLRC__EKKRHRA_RVI_TIM_VYF_FWTPYN__ILLNTFQEFFGLSNCE_TSQ__Q___VT_TLGMTHCC___IIYAF_GE__R_LFHIA__CRI_PL_KPV_GGPGVRP__NVK_TT_GLL__RGK__S_G_A_E__LQD_E__,1,mask-nan
mask-nan,_AGNKG__RAAYT__I__VGFSK__KLPD__LKP_PLFPDTDY__VPLK_GEG_E_____KQ_LRE_M_RMP_FIE_PEER_DIE_Y_KRY__VY__E_I__WRR_PR_MMPRNK__KAG_KPKKAKDA_KGTPL_NTEDVLK_MEEL_KRGD_EKS_EEN_EKE_____S__G_DD_DDDA_EQEEYDE_EQEEENDYINSY_EDGD___AD_DDNM_EAT_,0,mask-O15318
mask-BD7vod-A-A-OLC1,G_T___E_N_SAL__AVVIILTIA_NI__IMAVSLEKKL_NA___FLMSL_I__ML_GFLVMPVSM___LY_Y_W_LPSK__A__IYLD__F_T_KIWHLC_I__D_YV_IQNP_HHSR_NSRT_AFLK_IAVW_I___IS_PIPVFGLQD_SKVFKEGS_LLADDNF_LIG__VSFFIPLTIMV_TYFLTI___QKEAADL___WETLND_L_VIEKA_N_AQ_KDALT_MR_AAL_A_SGSG_ILVGQID_A_KLANE____EA_AA_E_L_TTINA_IQKY__SIS_EQ_ACKVL_IVFFL_VVMWCP__ITNIM__I___SC_EDVIG_L_N__V_IG__N_AVNPLV_TLFN_TYR_A___Y_QC_Y_EN_,1,mask-nan
mask-BD7vd6-16-16-SQD1,MKTA_LA_ML_SAA_F_P_QQSKVS_SLAA__LED_IG_VA_LGYFD____IK_EETFIRY_A____HGRVAMMAM_GTFV_N__WTF_GYL_PSQGL_F_D_DSGI_GLF__PP_G_A_IILLCGF_E__WW__SNLSG_YGVRLGTL__WEE__AK_Y___NAELNNG_AAMM_ILG_FT_EVITGQ_F__QAAAGHFSP_G__QG__,1,mask-nan
mask-nan,MD__QKQAE__DQLVKRAST__S_ALGPLI_EAT___S_F_FSE_LA__NVA_L_GT__SVYLDLLR_FAH_TWGDY__NAT_LP_LSPDQILKLKQLTVL_LAES_K_LPYD____E_DVSNVRELEDFLINEC_YA__VRGKL_QLKRC_EVPFAAGR__RPGQ__N_LH____W__T___LLI_IQD__KWADN_SE_DK__R_EAEE_V_EVKKSLSM_G_VDIRG_KEM___PS____YEED_IRPK__R_PV_R,0,mask-Q94JU3
mask-BD5oy0-F-F-SQD1,A_DFANLTP_SENPAY_AK___F_N_TN__NS___RAER_AS_L_GPEGY_HL_VDGRFT_AGD___P__LF_YI_GWI_WVG_SY__EIRE_KN_E_QEVVINVPLAI_KMLG_FLW_LAAVGE_TSGK__MKD_EI_TSP_,1,mask-nan
mask-BD7ahk-A-A-BOG1,MGLYR_Y_EYPVLQ_I_I_LI_GAI_GLI__H_G_AHA__T_V_PFG___V_L_KMLVM_I_FAS_VV_AA_I__AR_G__GV_IVVYYLL_S_FAV__G__M_RLF_P_A_I_L_V_G_QF____APPLVHILLD_VP_NP_GAL___Q_LPTIF_A_ILG_A_T_LMN___E_VRK_AETL_DAI_GLAE__YKIVNG__QY__IG___LIAYVM_EQGVHV__EL__VT_AV_VG_TLQI__V_FVL__IYGID_ISFIK_AKDAMLT_FV_RS_SG____TMRVA__MGISEGIYSF_LPL_ATINMDG_ALY__V__FFIANAL_SHLTVGQ_LTI__TAVL__IGTAG_PGAG___L__VLHSVG_PLT_PNVAAAYAMILGIDAILDMGRTMV_VTGDLTGTA_VAK__G_LVPRGSG,1,mask-nan
mask-BD5aww-Y-G-OLC2,M_KA__SA_QIP_LRQRV_FTLL_L_AYR_G_F_P___VDLDK__E_LRTAQ___FGIIN_FS_GNFER_SIFALGI__YITAAI_M_IL_TV_P__E_LSKEGEEGRR_INQ_TRIG___L__F_G__LAT_F__A_GGR_L_PGWSPGPFFW__VVVTQV__I___LW_AE__TEYG__N_T_LI__AG__V_W_PQ__RTIGLIR__EVN_VAF_F_LAFIVL__AGM__VQQAERR_PV___RKVVGG__YGG_ATY__IKLNAA_VI_I_FA_AILQIPIFL_A_FQDNPVLQGI_N_FNPTRPSGL_I___LVILFTYVYTAVQFDP_R_AES_REYGGFI__I_PGEP_VKF__H_VS___LWGALFLGLVTL_PQI_QN_TG___IA_S__GLLIVV_VALDTLR_VE__L_L_S_EGFL_RGR_RGRN_HHHH_H,1,mask-nan
mask-nan,M_AL_S_EQ__FQ_VVEQKQ___F____SNLV_RCFTD_VNDFT_SK__N_EQ_CIM__SEKFLKH_ERVGQRFQEQ_AALG__LGR,0,mask-O74700
mask-BD6li0-A-A-OLC1,GG_V___ER_SC_LGF__YSVVDVCIFETVVIVL_TF_IIAGNLT__F__H_A___HH__TS_FIQ_M__ADLFVGVSCLVPTLSLLHY__GVHESL_CQ___YII__LK_V_M_CL_CISV_R__AITKPL___QLVTPCR_R_CIIL_WI___LIFL__FFGWG_PG_H__IFEW_ATS_LT__YF_GF_VCL_YA_AAFVVCFTY_HIF__CRQHTKE_KALIVY__T_G_TEYTAET_ARELADA_YEVDSRDA_SV__G_L_EGFD_VLLGCST_GD___E_QDDFIPL_DSLEETGA__R__ACFGCGDSSWE_FCGA_D_IE_KL_NLGAEI___G_RIDGDP___R_DIVG__H_VR__IRR_LM_LF_IT___YMLQ_PYIIYFL___S__L_NP_LSFL_T__AISNS__NP___A_SDSTFRL_L_RLSETM_TSCME__E__F_GPHHHHH__HH_,1,mask-nan
mask-BD4nb5-B-B-2JT1,_PDI____EQ_GGYF____L_R_AGRLLGW__V_DPERQ_SEE____LAASSGGIST__R__IQFGF__RLAVAGDR_TY_RLRPNAF_AGERE_IRAMAE_QDLAD_GLRALG_A_PQR_RRL_E_RDLLAY_E_VV__A_GRY_QR_,1,mask-nan
mask-BD7vd6-16-16-SQD1,__TAILA__LGSA_AF___QQSKVSTSLAASE_ED__GAVA___YFDPLG_IKD__T_IR_RAVERK___VAMMAMLGT__H_NGWTFDG_LSPSQGLK___ID_G_GG_F__PP_G_AQIIL_C_F__LA_W_____SGDY_VR_G__N_WE_QPAKYYRQKNAELNN_RAAM_GIL_TF__EV_TGQN_A__A_AGHFS_FGDGQGFF,1,mask-nan
mask-nan,MAV_A_LIA_V_SV___S___AQ_YYLLSAL_SAAF_LVR_L__LCHGLPT__EDGNP___DWR_VEI_MFLS__V__K_RRSITVEQHIGN_FMFSKV_NT__FF_LDIR_GLLYITLC_VFLM_C_P_LYM__EYIK___DK_IDEELERDKR___I__FFANWS_DCQSFAPI__DL_L_YN__GL_FGK_DVGRY__VS_RY_VS_S_LT__LPTLILF_GGK_A_RRP_ID_KG_AVSWT_SEE_VIREFNLNE__Q_AK_LS__GDNIPE_QPVAS__T_V__GENK__K,0,mask-Q9Y320
mask-nan,__D_THELR_GD__SDDED_VR_AL__HSGAAR__SP__EFF_KVQT_RQTMAK_ESK_RELEK_QV__LA_PL_EE_MKQGLQNLREEI_Q_GREV___LK_IE_Q_E_ADEN__S__TRMKK___G__SQQ__ELINKCNSMQ__YREK_VERIRR___I___GMVS_E_L__M_DS_QSE_F_S_I_KD_QV__QA_NEISARH_E_QQL_R_IRE_HEI_TFL_TEVEMQ_EMINRIEKN_L_SADYVERG__HVKIAL_NQK__RK_KVM_A_CV_VTVLI_AV_IG_TITVG,0,mask-P70452
mask-nan,M_QN___PGVRM_NWNEDV_LEEER_R_FLE____G_L_I_RNRRVKK_ILR_MQ_S___DGYVH_GDK_I__N___VLG_EAG___RGDLSL_M_PD_VK_Q_SD_____CG_SAVQTIAP_GRNTFT_LSD_A_S_E__Q_VVYGQNFC_GI__GLE_KML_L_SDH_TLL_SSLKSG_QE_TLT_E_THLNCWQAA_LDPQLR_E_EGFPV_A__KI___H_HTNRALAVHRNLFLRT__GKEMEVV_H_Y_DSHKVE__KNQWM_VT_NPRN_SNTML___K_IT__TRALEQAM_INT,0,mask-Q6P8Y0
mask-nan,MAN_L__RARLVSYL____SL_KRV_NPKAF_T_G_SG_DESHVAAAP_DICSRT_WPD_T_GPF_PQ__R_QLPG__GF_C_LNGT_SQKK___HKTLPDVLAE__SSE_HEF_MAQY_NE__G_DAPV__EINSAE_Y_ES_RVECA__TCPELL_KDFESL_PE_A_GKLMI__VTQKT_NDMT__SE___I__E_LL_KFI_GAK_I_YALRA_GY_A__IDPSSG_AF_GPYT__TLFET_E__RHLGF___DLG__KVI_HS_W__HVVVGSI_T__TPDS_IMKK_SGN,0,mask-Q9H3L0
mask-BD3wqj-A-A-L2P1,MDPIAL__G_DL_NDG_PETLW_GIGT_LML__TFYFI___WGVTDKEAREYYA_TILVPGIAS_A_L_M_FGIGVTEVE_ASGT__DIYYARYAD_LFTT_LL_LD_ALL_K_DRVT__T_I___ALMIV_GL_G_L_KTPL____W__FS_IAFLF_L_YLLTSLRSA_AK_SEE__S_F_TL_A_V_VLWT__PI_W_VGTEG_GV__LGIE__AFMVL_VTA_VG_GF_L_R__A_LG_T__PEP_AG_DA_AAD,1,mask-nan
mask-nan,MS_PRTCFCLPSAL_LVL_S_ST_ALG_A___S_VHEES_AGGGT___PH_EDL_A_DNPDLEFVKRLYD_GLGK___SYVSEY_RL_VYN_GL_KR_KMYGFGLGKR_GRMY__GL__RD___Y__E__DDQ___GDE_____DVG_LMD_RDR_YSFGLGKRA_P____LGKRA_SG__RLY_FGLGKR_GSLYS_GLG_R_D_RLYAFG__KRP_N_G_SSGSRFNF_L_KRSD__D_RE_EE_F_EDKRYP_E_RFSFGLG__EVEPSE_E_VRNEE_DN___HDK_NNTN_M__G_RIKRS_HYPF_I___ESSY___S_SSLN_EEND_I_PEEFSRMV_RP_N__LGKRIPM_D_GIGKR_E_,0,mask-P12764
mask-nan,M_E__FRVE_GA_GPE_N__SL_D_LMSHEK_PV_TETAMP_L_A_FL__SAG_ETD__VPQ__K_EL_LWL_K_LF__KRR_LSV_L__IYQEGW_T__SAD__VVDLHKM_PHF_GFG__L__FDSP_NADI_Q_L_QTF__R__R_M_SSQNAYNEDT_ALV_R__EMERGLFQTGQKGL_DFQ_WEKGQASQITAS_L_Q_Y_KR_FTDMED,0,mask-Q9BRX5
mask-BD7drj-A-A-ACY1,M_S_HH_HHH_S_L__RG__MNI_NQITV_RV_LIP_FILFALV_F__G_V_FL_GY_I_IE_LISGFIFILASLSD_VDGY_AR_W_LVTNMGK_LD__ADKLL_AS_LIVLVQLG_TN_V__IIIIA_EFA_TGLRL_QIE__F_S__GQLGKIKTAVT_V_IT__L_GDPL__LIG_SL_Q_L_YIGV___IL_GIEYFYK__DVF___,1,mask-nan
mask-BD3o0e-B-B-BOG1,_EIYNK_G_KVD__G_AVG_HYFSKGNGE_S__GNGDMTYARLGF_GE______L_G_GQ_EYNFQGNNSEGA_AQTGN_TR__FAGLK_ADV_SFD_GRNYGV_YD____TDMLP_FG_D_AYSDDFFVGRVGGVAT__NSN_FG_VDGLNFAV_YLGK__RDTA_RSN_DGVG_SISY_YEGFGI___Y_A_DR_NL_EA_PLG_GK_AE___TGL_YDAN_IY_AAN_GE__NATPITNK__NT___A__TQ__LLV______F___P_IA_TKSKAKDVEGIGD_D__NYF_VGA_Y_FNKNMST___Y_I_QIDSD_KLGV_SD_TV_VGIV_Q_,1,mask-nan
mask-nan,MALWGGR_T_AADQRF__FNDSL_F_YRLAE_DIV_SV_WSKAL____VLTA_E_AQL_EA_N___EDVR_RPQ_ILES___DIH_WVEGK_ID_VGQLGK____GR__NDQ_ATDLKL_CK___SELL__NR_L__A__E__Q_NQDAVMPGYT__Q_AQPV_F_HWC_AYV__L_RDE_RL_DALKRL_VS__G_GALAGT___IDRE_LAG_LG_A_ATR_S_D_VSDRDHVLELLS_A_IGMVHLSRF_EDL__FNT__AGFV___DRVTSGSS___QKKNPDA_ELI__KCGR_QG_LTG__MT__GL____NKDMQE_KEGLF_ALDTW_D_L_MAALV_DGIQVKRPR_QEAAQQGYAN_TEL__YL_A_GVP_R___H_VGEA_VE___Q_KPLEDLP_S_____SQVIDEDVYPILSLQSCL_K_A_KG_V_PQQVAQAI__AQ__LG,0,mask-P11447
mask-BD6wbm-A-A-DGA1,MAI_QL_TEYVF_DF__KEPT__K_KGLRLELAVDKMVTCI_VG_P___I__AF_Q_ISI_T____FSPSSFS_RQAAFV_SYC_AAVQQKN__QS__G__P__LHKFFPY__LL_AIL__LPPLFWR__AAP____D_K_IMEE_D_VYNRAIK_A_S_RDLDM_DGACS_P__T_N_GQ___E_SESHFKYPI_EQY_KTK_N_NN___KY__CRL___II__LACIYLGYYFSLSSL_DE_V_SI_SG__R__STV_D_FQCKLI_VGIFQL_S_IN__V_VLL_PVV_YTLF_P__QKTDVLKVY_ILPTF__LHF_SE_YNDLSLYNLFL_E_I_EVK_YKCLKVLE_IKSSGQGI__M__LTN_GMI,1,mask-nan
mask-BD1poe-A-A-GEL1,NLVNF_RMIK_TTGKEAA_SYGFY_CH_GVG_RGSPK__TDRCCVT___CYKRL____C__KFL__KFSNSGS___CA_Q__C__QLCE_DKAAAT_F_R_K_TYNK_YQYYSN_HC_GST__C,1,mask-nan
mask-BD6su3-A-A-LFA1,MAK_TVKE_KSLQNF_R___V__L_QMLAV__LA_DFALPM_GTYLN_P__TTF_A_V_I_ETP_GL_VALF_GL___FHF_VS_GNF_KRYSA___KNQN_FRWV__SLSS_VMIVLIAQICGIA_IVALLA_F_VNASMILFGWL_E__T__KDGDLLP_W_GCIA_I_PWIGL__Y__A___TSDVA_P_F_Y_I_ISLFLF__SFALV_YLQ_KG___WSNYLRGE________VAKSAL_WQIFS__LIPALEHHHHH_,1,mask-nan
mask-BD7ofy-A-A-VCW1,_DAE_K_FVSSQHQ____R__LD__EAK_PGVK__I_TGGNTSEMQAQYLN_V_SAKDS_L_V_MLDVIRPAQF_TAGW_SD_SGKD_S__L___A_A__VN_KI_ALP_F_DSM___YR_DLLDKYGI__PTTW_EL__ASK_VMEGE_NP_LQGLS__G_A_E_AV__F__PYWSE_KSL_ENGKL_FD_KAAVDSLKLWK_FV_DG__KKNIS_VAT_D_RKE_Q_GKVLFA_N_SY_W__FQG_E___NDKV__ARLPAVKGGE__TCLGG_EFGVSAYSKQ_DEAK___E__SSQD__KF___N_A_LPT__ALYKDA__TK_IPWF_DALPVVETA_AR_VT_RYNEVS_TI_TTVN___A_VMTPEDGAKQ___RLRRV_RL,1,mask-nan
mask-BD6w1o-E-E-STE1,MAG__GER__S_IITSVRYWVIHSI__PAL_IAG__FVS__L_Y_VF___R__SYYA_EQRS_PLVTD_FEAKQ_VETFL__LK,1,mask-nan
mask-nan,_P_FQKPF_GS__GNSVMN_LG____I_VF_CR_AQDGSEEQN_NVTTNQM_LMFQSNNYNV___N_N___LGSQG_PT___YAPFQH_IHL_PPV_PV_KN_TYSATDQ_S_SSFPNT___TP_I__NYYNDALA__PT_T_GSTTMTTDN__TID_E_YIDNMEVFS__ENENIDNV_QTDLKSEK_SSLLS______KEQL_GF_NFL__SKTE_PL_TAD___S_LNLENIDNADS_S_K_K_S_IRKHFHVK__RIT__RT__V_HNI_E_KYRS___DK_EQ_RRTVP_L_VAYKKCNDLP_T_RDLADLD_LEPA_K_N__SILTKSI_Y_CHL_R___QLSL_NQH_S___RDSF_HLT__SQPL__NSS__QV_K_T__CQR_RQ__PRQQQP__NIQY_I_HQNGLMS_TNN_HD_DFN_A__F,0,mask-Q12398
mask-nan,MAAPRG_PKKD_T____TA__SQ__VENREL_K_LGSTA__R_RPLTAT__EAQLT_T__A_SA____KI_AR_R_IFSKVV_QKQ__DALKGLSL___VCMSDGGTAKP_PGANN_RRR_ASTT_AGVD_,0,mask-Q2HR80
mask-BD8wbd-b-b-TGL1,_T__AV__SGKELK__SGI_VI_N_H_W_EQYK_QPE__ARL___ILN_HEDGVCGI__TTRLENIMWKQITNELNYVLWEGGHD_TV___DVKGV_S_GKRA___PVND_K_SWKTWGKAKIF__EAKN_____DG___SECPNERRA__FLE_ED_GFG_F_TNIWMKF_EG_SEV_DHRLMS_AIKDQKAVHADMGYWI_SS___TW___KAS_I__KTCL_PKTHTL_S_GV_ESQ_LIP_A_A_PFS____RQG__TQ_V_P_H_G___IDFGECP___VTI__DCDHRGPSL___TA_GKLV__WCC___TMP_L_FLG_DG__YG__IR_LSEKEEN_VKSQVSAH_HHHH,1,mask-nan
mask-BD6yt4-A-A-BOG1,MTQE___A_FEN_IG_TEGF___AYQFTSHIL_LG____L_GLLYFI_TI_NVDKKFQMSNILSAVVMVSA_LLLY_Q_QNWT_SFTF_EEV__Y_LDPSGD_FNNGYRY__WL_DVPMLLF__LFV_S_TTSK_S__RN_F____AM_IITG__GQFYEV_N_TA_LV_GAI_S__FFH_LWV_KKV_N_GKE_I_PAGQK_LSNIWILF__SW_L_P_AY__PYL_G_D_FL___D_V_AR_LVYT_AD_SSK_IYGV___N_AITLSKNK__V_A_SL_HHHHHH,1,mask-nan
mask-BD3eml-A-A-STE1,_YKDDD_AMG___GAPPIMG__VYI__ELAI_V_AILGN_L_C_AVWL_S__QN_TNYFVVSL__ADI_VG_LAIP_A___S___C_AC_G_LFIA_FVLV_TQSSI_SL_____DRYIAIR__LRYNGL_TGTRAKG_I_I_WVLS_AIG_TPMLG_NNCGQPK__KNHS_GCGE_QVA_L_E__V_MNYM___NF_ACVLVP__LML__Y_RIF_AA_R_LN_FEML__D___R_KI_K__EGYYTIGI_HLL_KSP__NAA_S__DK_I_RNTNGVIT_D__E_LFN_DV_AAV_GILRNAKLKPVY__LDAV_R_AL__MVFQMGET_VAGFTNSLRMLQQK_WDEA_VNLA_SRWY_Q__NRAK_V__TFRTGTWD____TLQKEV_AAKSL______F_L_WLPLHI_NCFTFFC__CSH_PLWLMYL__VLSH_N_VVNPFIY__RIREF_QTF_KIIRSH____QEP_K__HHHHH_H_H,1,mask-nan
mask-BD7c9r-C-C-DGA1,_KQRNHHALALLSLGVAAFI_G_D_PPQD___TGY_GLGMQQNYN_KLL_K_IDA_QVPDAIPAAT__GALA___YK_V_V__DLSVNE_N_TMVA_T_WV_P_EGCTYCHEGT_WESDGVYTKIASRRML____DT_S_W_GHVADT_VTCYT_HR__PV_E__W_TD_GPDI__VF_SNGQNTI_YNVAYT_____P__PFLL_ENE_RVSGN_DLRNT__KSIKQA_WTF_L_THFS_AL_V_CTY_HNSR___DW_Q_TP__V__WH__RNV_DI_IQY_EPLG__LPAS_KGPLGD__KV___TC_QGA__P_FGVPM__D__A_YET_AVEEE_P_EA__AA_A_A_PA_A_PV___PAEAAPV_AAPAAEAE_APA___P_APP_PADR,1,mask-nan
mask-BD7ymi-3-3-SQD1,MQT_GQTDVEYGWWSG_SRFSDYSG_F_AA__GQI__MCFWAG___LFEVSRFNPD_PVYQQNLV_IPQLAR_GW_VAAGGA_V_T_PYFAIA_I_L_AA__LGAGAL_GV_KGPKVLA___FSGA__F_FE__D_ET_GRILG__LLFLG_AC_L__TWACT_GVYDPV__E_RA__PS_NL_RFFKYGWAT_GF_P_F_NNLE____G__FVS__YI__G_WHILV_PWPY_DK_FVKS__ALLAYALAGLAFAG_N_AY_CS_NDVVFPV_L__P_L____NVT__FA_T_DASDGG_TTRFW_S_FHYYW_FY_L_GHLFH__R_Y_F_F_RIPRA___LT____,1,mask-nan
mask-BD6rz4-A-A-OLA1,GGTM_ET_N_TVS_ATCHDTI_DF_NQV_STLYSMISV_GFFGNGF____LIKTY__KS_FQVYMI____ADLL_VCTLPLR_VY_VH_GIWLFG_FLC_LS_YALYVNLY_SIFFMTAMSFFRCI_IVFP_Q_I_L__QKKA_F_CVGI_IF_I_T_SPFL_AKPQKDE_NN____EPP_D_QTK__VLVLHYV_L_VGFI___VII_V__TMI__T_LKK_MKS_DLE_NW__L___L_V__KA_NAAQVKD__TKMRAAALDAQ_ATPP___DKSPDS_E_KD_R_G_D_LVG__D___K____GK_KE__A_A__L_TT___YIQK__SGKN_SSHKKA_GM__VVTAAFLVSFMPY__QRTI_LHFLH_E__PC__VLRMQKSV_I_LSLAAS_CCF_PLLYFF_GGNF_K___TFRK,1,mask-nan
mask-nan,MLR_L_G_GREP__L_EKSP_Q_IG_EQ_QNPYTELLVL_AH__IVRF_VQ__DYRF__AG_DG____W_AQ__E__LE_NG_TQKIT_II_FPS__S_EE__QLI_TASADRT____DG_TTRQVQRISCFQ__V_CLT_LQR_D_WLSGGN_LCVWN__LD_LCKT_H__D____AL__I_KNCVVAA_GKEL_IFRLVA_TEG_LEWDI_____LLDHQD_I_SLINVNDLSFV___H_G_LIIW___DWTMQAYERN_W_P_PQLDT___IKL_QKSNDIS_HHFT_DEENVFA_VGRGLYV_SLQMKRV_A_Q_TA_D_N_L_VA__PNRQLISCSEDG_VRI_ELR_KQQL_AEP_P_GFF_M_G____S_QAS__VKKQQENATSC__ELIGDL_GH_SS_EMF__FED_G_VT_S__HL_ILWK_GERESG__S_RLF_KLEENGDLYL__,0,mask-Q9HAD4
mask-nan,M__FGI_L__TM_VLVMIA__Y_E_ISIG__CS_S___CEGQCR_RKY_TGYCSGDTCHCSG,0,mask-P0CJ17
mask-nan,_Y_AE___RCDDIHC_T_LK_K__ASGYNCVCRKK,0,mask-P86269
mask-BD4qnc-A-A-MYS1,MENL_G_VA_FL_T_SF_P_VLR_VMTK__RDIS_NMY_MF_L__V_WFVY_ILR__LPIILANV_TL_FVT_ILYY_LTEGNQ_GS_EVL__,1,mask-nan
mask-nan,MI_LK__I_VIDNS_A_L_EC_KV_RK_SPKS__M_GDR_VCV_Q_AKP_T_N_TGTAN_NRVK____CHA_VVRSK_R_M_R_DGSTV_FGDTACVL_NKNTGEPL_T__MA_D_CVDRTLKD__YNK_CSLASR__,0,mask-P35996
mask-BD6kqi-A-A-OLA1,GENI_C_ENF____CFMVLNPSQQLAIA_L_L___T_T_LENLL_L__ILH__S_RCRP__HF_GSLAVADLLGSVIFVYSFIDFHVFH_KD_RNVFL__LGGVTAS___K_G__F_AAIDRYISIHR_LAYKRIVTRPK_V__F_L__TIA_VIAV_PL_GWN_EKLQ_VC__IFPHIDK_YLMFWIGVVSV_LL_I_Y__MY_LW_AG_D_SF_N_SYLT__RDERKKSL__KF_MDEG_TF_FIG_F__GQ___DVLL__I_I_S_K_EFQ__R__I_GKG_PE___WA___E_KHG_V_V_T_MLSREF_R_LYG_VD_VIIPSYF_PF_LVAL_AMCLGAIPI__AV__LRDIIT_ET_ILV__GDP_E__NA_LKALELSRSDL_KFRENC___A_SFS_Q_R_DI__AKT_V___V_L_ICWG_L_AIMVYDVFG__NK_I___FAFC_M__LLN_TVNPI_YAL_SKD_RH_FRSMFPENLYF_,1,mask-nan
mask-nan,MDGATYQR_PKIKIRELK_D_AKFELRETDVSMA_ALRRV_I__VPT_AI_LVEI_V_SS_L__EF_AHRLG_IPLTSER__S_RFS__C__C_G_G_C_F_SVEFRLSSKC_TDQTLDVT__DLYSAD___TPVDFTID_SV_DSSEHKGI_IV_L__GQ__KL_AIA__G_G__H__WSPAATVT_MY___I__N_DMM_TLSDEEK_DLIESS_TKVFGM_P_TR_VV_V_PE_YTY__EVIK_AEAMGKPGL_E_S__DDSFIF_V_S_G__KASQLVLN__D____K___VR__DDTVEA_DQF__LGAH___G,0,mask-Q39211
mask-BD5mx2-J-J-LFA1,MMSE_GRIP__I_A___GMGVIVIVGLF__G_YAGLG_S_,1,mask-nan
mask-nan,_ERR_I______SY_SSGE_MVGGLAP_RRLGPGTRLS__RM_PPLPT_V__SLA_A_______TRASE_A__MEL_DR_ASY_EKV_FLEQQ__ALAA_LNQ_RAKEPTKLADVYQAELREL_L___Q__AN__RLEV_RDNL_QDLA__RQK_QD_T_L_LEA_NN_AAYRQE_DEAT_ARLDLER_IESLEEEI_F_RKIH___V__LQ_QLARQQVH_ELD__KPD___A__E_RT_YE_MA_SNMH____WYR_K___LTDAAARN_E_LR__KHE__DY_RQ_Q_LT__LE__RG_NES______EQEERHV_EA_SYQ__LA__EEEGQ__KD_MARH_QEY_DLLN_KLALD_EIATYR_LLEGEENRIT_PVQTFS_LQI_ETSLDTKS_S_GHLKRNIV_K_VEMRDGEVIK_S_QEHK_VM,0,mask-P14136
mask-BD7vrj-C-C-PLM1,MNLGKQL_LPAVAVV____LL__E_PPPEVVQKG_RG_AM_Q_YN_RL_EASLKQNLP_ES_P___PGGPKVSDVYQNVQVLKD_S_AEFT_TM_A__TWVSPKEG__YCH__GNW_SDDIY_KV_SRRM_EMV_A__SDWK_H_AVN_T_V_CYTCH_GNPVPK_VWVT_PGP__PSGV_P_GQNYAS___AYA___FDP__PFL_QTNEI_V_GQT_LP_GNTT____AE_TYGL_MQIS_S_GVNC__C_NSR__YD_K_ST_Q_TTAWYAI__VR_IN__Y_WP_N_VL_AS_KG_YGDPFKVGCMTC_QGAYR_LY__QMAKD__A_Y_SAP__AEVA_P_EA__VEDVAAAP__E_A____AS_EEAP_AEEV__AP_EEAPA_E_AP___AAPAPQQ_,1,mask-nan
mask-nan,M__IAL_L_INKLRLKIDEPMQ_A____L_PL__DE_QSV__NTDVL_NF___VA_KSQNTILNNNAAI_S__A___ADVVAAPA_A__TPR_VINLF_R__AAAPAQPSEE_I_MRRY_N__RKLI_H___N__S__EYKISDVV__MIFLL_S_KY____KLLETTFDDYT__PQMTQ___DTLLDA_R__LEMPS_TIDLTTV_IMRSS_ARC_NSPIMRY__IV_L__VALQR_KR_TLE__L_ERG__IQ__QPQQYINSGTEI_FCDDA___NRL_KH_DPYPL__M__NA_NT_FYTT_E_YAVS___FNIE_YNN_F_VMENIRKHSNKNSN_QD__NIYL_VQSSNA__K__,0,mask-P25695
mask-BD6bqh-A-A-OLA1,____I_LSY_FCLV__D_KDDD__AP_S__GRF_FPDGVQ_WP_LSIVI__I____G_ILVIM_V__EK_LHNATNYFL_SLAI_DMLVGLL_M___L__ILYD_VWPL___L__V__S_DVLFSTA_I_HLCAISL___VA_RNPIEH_RFNSRTK__MKI__VWAI_IG_SV___V_GLRD_E__FV_NT___L_DP_FVLIG_FVA_FIP__IMVI_Y__T__VLRR__A_LEDN_ETLNDN_K_IEKADNAAQ__D__TKMR__A_DAQ_ATPPKLEDKS_DS__MKDFRH_FD_L_G_IDDA_KLANEGKVKEAQ_A_EQLKTTRNAYIQ_YLQ_IN_E__A__VLGI_FFVF_I_W_P_FI__I__V__EKSCNQ_LMEKLLNVF_W___VNSGINPLVYTL_N_IY_RAFSNYL_CNY_V_K_PGRPLEVLFQGPHHHHHHH_HH,1,mask-nan
mask-BD3w4t-A-A-OLC1,MSEKTTKGVQLLRGDPKK_IV___I_______V_TLY_L_DGIWV_GL_P_SLAAVGLFFPVF_GIIAL_AG_GV__S____RRIGAR__EG__NV_VHSLILS__LGVT_T__MLPA_DS_FR__GAKG__VE_AIE_A_VLL_GAFI_VFNNV_NG_LRGE_D_NRAML__VLGSG_N_VLD_IF_YTLGFGVVGAA__TLLSMVVT__FIAYWL_____TY_DI_LR_F_PS___LK____VG_PSSLSQ_SMS_AMF__N_VAI_A_GENGVAV_TSAW__TMLG____LGM_AA_TSV_GAA_G_RN_EK_E__Y_YAIK_A_M_ELAV_AFI_LF_PQVAYLFTYSES_QV_KGDL_SALRT_PVFL_LTPFGM_TS_M_QGI_EGEKSLILT_FRTLV_Q_GFAYI__H__TLGL__VWI_I_IG_MV_A_V_FL_GRMRI_A_K_TSATGG__,1,mask-nan
mask-BD4us4-A-A-78M1,GFILAAMGSAV_LGN_WRFSYVT_E_GGAA__L___GFIALI_IPIVLA_F_I_RRA_S_AVGSFEKL_P_K_WKVAG__GV_AGF__L_FY_V_AGWI_FY_F_YITGQLWSAPAEGFGG_FEGFI_N___PLF_QA_F_IA_I_I_AIG_KKGI___NK_LM_LLGV_LIAL_I_SL_LG_AKE___FLF_PDWS__KDPGVY_A_ISQA_F__S__M___I__G_YVSKDSRL__A_V_VAGLDTAF_IIAG_MIFP__FAL_LS_S_GP_LVFVVLPD__DSIRLG__VGIA__ILL__AA__SA___L_VP_AYFMRKFDW__K_AAI_LGVIITLLG_PSSLSFG_LGE__IIP__N_FDSVD_IASSV_L_L_GMII_L__GWGWKTSDA__E___TD_VWGKL__L_LRFI_P_AIL___LSAFQ,1,mask-nan
mask-BD4hx2-A-A-1AX1,AQTV_YGIP_IKADKVQAQG__G_NVKVAVLDTGIQASHPDLN_____S__AGEA__TD__GH_THVAGT_A_LD_TTGVLGVAP_V_LYAVK__NSS_S_SYS_I_SGI____TN__D__NM_LGGASGST_M_QAV_N_Y_RG_VV_A_A___GSS_N_NTIGYPA_YDS_IAVGAVDSNSNRASFS_V_A_LE__A___G_YSTY_TNTY_TL_G__M__P_VA_AA_LI_SKHP_LSA_QVRNR_SSTATYLG_SFY__KG_IN__A_AQ,1,mask-nan
mask-BD6bqh-A-A-OLA1,M_TIIALS__FCLV__DYKD_DD_APTSD_GRFKFP_GVQN_PALSI_I_IIM_IGGNILVI_AVS__KKLH__TNY_LMSLAI___LVGLLVMPL_LLA_L___VW____YLCPV___L_V_FSTA_IMHL_A_SL___VAIRNPIE__RF_S__KA_MKIAIVWA_SIG_S_PI_VI__RDE___FV_NTT_V_ND__FV_IGS_VAFFIPLTI_V____LTIYVL_RQAA__ED___TL__NL_V__K_DN__Q_KDALTKM_AA_L_A_KATPPKLEDK_P_SP_M_DFR__FDILV__IDD_LKLA_EGKV_EAQAAAEQ_K_TR_AYI_K__Q_I_NERKAS_VLG_VF___LIM_CP_FI_NIL_V_C_KSCNQK_ME_L__VF_W_GYVNSGINPLVYT_FNKIYRRA__N_LRCNYK_EKK_GR__EVLFQGPHHH_HH_H_H,1,mask-nan
mask-BD3wo6-A-A-OLC1,GQDPITS_S_GI_N_FF_YPMSWLIT__ANLL_GSY_L_III___LI_____PLT_K_Q_SMRA_QV_R_EMEAIQKK__EKASK___VQQE__K___G_YQKHGVNPMAGCLPL_IQLPIL__FYF_IMRTEEIRY__F_WFDLGQ_DYI_PFVAGI__YFQ___TMS_QQ_MQKTN_SDSDN_MA__MQMQ_K_ML___PVMI_I_GL_LPSA_S_YW_IGNIFMIIQ_YF__VK__PL_,1,mask-nan
mask-nan,___NALD___N__KP___PR_D__SESVS_DIKTQ_QQE_NTSLP__DTKAT_EE_PT_HESE_S_SQ__KP_LSP__F__V__TIRIE___DES_RQL__EERITKE_WLEAAYLY_CEKPEELAQV__LAQ_RL_QRKAIADYKRAKTMQ_RFL,0,mask-B7KMS5
mask-nan,MA_KQIS_NKCFGGLQKVFE_DSV___CKM_FA_YLPP_A_TGK__A__WLS_LT_TE_N_ISKSG_H____E_GLVVIAP___PRGCNIKGE_E_WD_GTGAGFYVDAT_DPW__N_RMY_YV_E_LP__INANF_VD_Q_MSIF___MGGHGA____LKNPG__KSVS_F_P__NP__C_W_KKAFS_YLGTDQSK_KAYDAT_LVK_YPGSQLDILIDQG_DDQ_L_DGQLLP___IA_C_EK_IPVVF_L__GYDHSYY__A_FIT___RHH_KYL__,0,mask-P10768
mask-nan,_ATPNP_KQP_EL_R_SLFIG_LLVLVLALL_S___F_,0,mask-B0C6T1
mask-nan,M_KEA__N_YFDVYANE_S_GRIVMKL_DD__PKT_KN_RTLCERP_GEGYK__TF_R_I___MVQGG_Y__H_GT___SIY_______NFELKHTK_G_LSMAN_GAHTNGSQ_FIT_G_TQW__EK_VV_GEVVEGMDVV_KIAKYGS____VKKGY_IEIRDCG__GSN,0,mask-Q8SRE1
mask-nan,_TDDEK_EILKEFD_F_QLEQ_NGNP_KDVKFKKDD_N____EETN_DISAQDK_D_E__YDFQIFIKQLQTP__D_LVKYT__FL_NFL_QRLLWT__EE_KLIS_FKTF_YDK_T_YEPFR__DN_K_RNAK_G_E__I_GKLYS__FS_S_YE_L_KPL__E_MKD_TNDDT___K_RHYRFI_PIMLD_PDTMP_ARLNKFV_L__KELGKINRFKS__DK__CVLNA__V_FGL___TKLE__G_DSFIP__I_CIL_GQVRY_VS__NYIE_FRSPDF_RGEE_Y_LS____A_NF_MN_T_R__TIED_E__EE_YQRN___L_EEKEEE__KK_L_I_DELQ_N_TLLKPLDEVTNIVISKFNELFS__GEPTQEEALK_EQ_NKE___S__IK_IEE_E____LNTLQNMF_D_D_SL_E_VC_A_KSRIGPCVD___SL__,0,mask-P54787
mask-BD6zzx-L-H-SQD1,K_QVVQPVNG__FIGM_ET_V_SSP_IAWYL__L_AYRTGV_PLLR_VEIGL__GYL__G__IK_G_LRDV_NVAEIV_CINGAATVLI_T_CLA____TFQGEG___G_K_LS_R__PRD_LQSAD_WNK__AG__VGGLS_AAWGYLC_Q___YY,1,mask-nan
mask-nan,MHS_VYFVA_V_LGAAVCAAQ_RGR__GGQE_AA_ARPYMAS__VNG_HVC_GT__DEQ_VL___HC_D_VTD_DSVQV_LGA_SLSA_EP____YD_QSVVPHPG_RPDSL_DDLILFKLSQN___G__VRPLPL_Y_DKEV__G__C__A_W_VVT_AG__PDVLHQ_R_SIMNR_TCNL____D__VTINMM_A_SNRRDT_RGD__SPLVCGDA_E_V_TW_SRVCGNG_KPGV_TRVSS_R___E_ITNGN___,0,mask-P03953
mask-BD5uni-B-B-OLC1,M_LI_AAYFV___L_IV__KRM_HP_TAK_G_VWAGWG__L_VLA_F_WPGMGNFA_IL_ALLLG_VVAWWA_VRV__TD__QMV_I_NGMG_GA_AT___VE_LKGAFENTGLMA___L_GLIG_VA__GSLI__AKLQ_IM__RPIL_PGQKAV_AL_LALT_VI_L_LL__DAT_SIVLF__LALL_GVL_TLP_GGGDMPVAI__YNA_T_M_V_FEGFAVGN_A_MV_G_LV_AAG_LLTVL_AR_____VW__VLVGG,1,mask-nan
mask-BD8cmo-8-8-LPX1,___WMPGAT_PAHL__EL_GD_GFD_LN_GK__QALR_YQ_AEL__GR_AMTAVA_IL_PGLLTKAGVL_VPEWYEAGKVSA_QT__ALGP_L__QL__C__V_GKR__DFL__G___EAGSF__FE_S_KG_DNGYPGG__D______ESEA_TKDLKL_EIKNGRLA_L_CLG_A_QYGA_GKGPLDNL_D_LAAP_KTTFV__GIS_PIHL,1,mask-nan
mask-nan,M___AG_TFS__LV_ILLL_G_IVGCIIMIYVV_S,0,mask-P0DN84
mask-nan,M____SPA__LDYQ_PLTTTRYTLPE_L_N__Q__HE__KL__PQ_STLM_IS_KLA_INAA__HDW___FTP_NAR_AILAFKGDV_TGLQAETF__DD_DFAQ_H_RML_GL__V_RPLD_M__Y___MGI__ENAR__DL_QFW_DII_NKLNEALAAQGDN_VIN___D_YFK_VKPK_LNAEI_KPVFLDEK__KFKI_SFYAK____L_SRFI_EN_LT_PEQLTGFN_EGYF_DED_SS_GE__FKRYEQ_,0,mask-P0A8I3
mask-BD4x5m-A-A-OLA1,MDTIL_T_LFAA_FT_FA_APQSIK_IRT_NTEG__VVM____LTG_ISWI_YG__RSDFA__I_NI_T_FLA__VLV_TL__R_KK_VLES_GENLYFQ,1,mask-nan
mask-nan,MKK_AAVIA_MA_CSA__MAA_QG_F_GPS_TQSQA__FQGPN__VTTVESAK_LR_D_W_TLRG_IVER_SDDLYV____SGTINV_I_HKR_NGVT_TPKD_V_IQG_V_KDWNSVEI____I____P,0,mask-P0ADU5
mask-nan,__KA_MVA_K__ERFPNAEVVVKTNKWGRE_VWVR_S__EYK__M_FI__L_PEAHYS__IE_DWGDE__FLN_IL__YDEPPG_SL_IDVHAPKDN_V__DTS_IFPI_LQ_E_EGM___GLDF_GAPDKR___LPD____GI___RTDEKGVPE_MVKNAGHPY_L_RE_K,0,mask-Q8U0Z7
mask-nan,MASVAKT_AEALRNAPF__GK__I___NHV_TF__PLPKQ__NLAT_IVPLEFNKLDL_DY_YHVYN_EV_GVRSF___R__EQRHGDVGNWRRPK_Q_MMI_ELAKPFVW_KP_A_D_R__FDYA_WKKQK__QEQDT__Q_IRA_G___PPS_FEV__DRKAIKA_QS_FLSGE_TWAPGK_NA_LNS_____EE_W___EE__PLDE_AES___ESS_K__ETRQ,0,mask-Q7SA60
mask-nan,M__Q_KHL____NPYITCY__KGYL_K_TTVTE_LHTFCKTCI_QHFEDSN_CP_CG_QVH_T_PLEMLRLD__LE__I_KLVPGLR_Q_LERESEFWKKNKPQEN__D_T_KA__PKV___G__NE__KDYH_S_PQIAICL___RNNGQSGDN_V____KKF_RC_TRVT_G_____LSLK__LP_S_EL_VLCNGEIMGK_HTMEF_YMTRWR__G_NFR_L_CSA_QVCS__G___QSYPMVLQ__PRIDFG,0,mask-Q86SE9
mask-BD7y8a-O-O-SQD1,MKVA_LV__AAA_ANAF_P_A__LPKAH__A_SKPAMA__AAPRAVAKP_A_QA__EI__G_E__L__LVL_ISFLG_SLPGLLPSNIPLYGGK_LT__LFAEIGEHLQ_FPA_P_IG___W_IL_IW__GL_AT__FGTIG_N_Y_PKSTT_Y,1,mask-nan
mask-BD4z34-A-A-1WV1,__PQC_YNESIAF_YNR_G_HL_TEWN_V_K_VMGLG__VC_F___ANLLVMVA_Y_NRRFHFPI__LM_NL_A___FAGLAY_YLM_N_GPN__RLT__TW_LRQGLIDTS_TASVANL_AIA_ERH_TVFRM___TRMSNR_VVV_I_VIWTMAIVMG_I_SVGWN_I_DIE_C__MAPLYSDSY_VF_AIF_LVTFVVMVV_YAHIF__VA_LE_NWETLN_NLKV_EKADNAA_VK___T_M_A_A_DAQ___KDFRH_FDILVG__DDALKLANE_KV_EAQA____LK_T_NA_I____R_R_T_M_LL_T_VIV_G_F_IC__P__VL_L_DV__PQ_DVLA_E__FLLL_EFN_AMNP_IYSYRDK__S_TFRQIL_,1,mask-nan
mask-nan,__L__LY__ALL___LLLSGIAAVQ_AD_P__I__S__THTLESQPQRI__TS_T___SLLAIDAPVIA__A_TP__R_ADDQG_LRQ__KV_KE_K___LYIGEPSA_A_AAQM_DLI_IS_T_G_SALA_YDQL_T__PT_IINYDDKSWQ__LTQL_E____EK_AAER__QFDKQL_AAKEQIKLPPQPV__IV_TA_AH_A___T__SA_GQMLEQLGF__A_LPAGL__SQS_G__HDII_LGGENLAAGLNGESLFL_AG_QKDADA_YAN_LLA_LPAV_NKQVYALGTETF_LDYYSAM_V____K___,0,mask-P0AEL6
mask-BD6zzx-8-8-LAP1,ATR_LW_PGV__P_HL___MPGDFGF_PLNL___KEA_N_YRN_ELQ__R_AM__VAG_VIPAELTRVGVL_V_E__EAG_VYAE__NAIPFASL_MVQ_FLF_FVEI_RWEDI__PG_QAEPGSFLGFES___GTGISGYPGGAF_PF_L_N_S___MD__KWREIRNGRL__V_F_GFL_Q_AAT_KGPL_NLA__LA_P_GAN_CSNG____S_LG,1,mask-nan
mask-BD6wvi-A-A-OLC1,_S__E_LF__VVPI_VE__G_VNG_KFS__GEGEGDAT_GKLTLKF_CTTG__PV_WP__V_T_S_GVQC_S_YPDHMKQHDF_KSAMP_GY__ER_IFF_DDG_Y_TR__V__E_DTLVNRIELKGI__KEDGNILG_K_EY_YN___VYIMADKQ__GIK_NF_I_HN___GSVQ__DH__QNTPI_DG_V__PD_HYLS_QS_LS_DPNEKRDH_VLLE_VTAAGITH_MD_LY_,1,mask-nan
mask-nan,MQQ_LAVK_FED_F_ELGDR_RTRPA_STTV_AL_GGVHA__KKLL_EAG_V___A_H_SN_ALAE_I__LLY_TQVLMIS_G_SL_DV_R_L,0,mask-P9WMM9
mask-nan,_E__R_VLD_HVKHHS__GYG_V__L_A_G_RIFS_VAFQ_PC_A_WN___G_VF_LVP_LALF__GYVL_A_TWR_L_GCCSS__ASCG_AL_GS_VCT___AAA__APLT_VAV_LLGGAFYE__ATGS_AFAQRLCL__NRSCAAE_PL_PCNQ_K__DVQD_LK_LK___Q_LGW__I__VII___IFTS_T_CLSP__FLQL_FWKIY_E_EQQILKSKAT_H_TELAKE____FFE_SHPKEYNTPSM_E_QQISSLYTFNPKGQYYS__H_YVN_KEK_HSIRS__G_TVI_V___VDSSG__STPEL,0,mask-Q5R3K3
mask-BD7vd5-40-40-SQD1,EPLGLY_P_G_LD_EKDP_SK_ATFHANFERRR_VERKHG_IA____VGML____DIEFP_YLSG__GI_F_DVPNGMNG____PL_G_T_I___I_V_ELAIWP_SNYS__YGTGYG__FVPNVL_GDELKYK_D_EI__GRAAM__IMGALV_,1,mask-nan
mask-BD8hju-Y-Y-DGA1,_NWI_ATF_LM__LVAFLPLVV_L_YTWV_N_ET_ST_E,1,mask-nan
mask-nan,M___Q___QG__RFGDRCW__H_GARGAGGGR__PQQQ__GNNR___NTT_QRYS_VIQPSS_S__TPWGGS_DQEK_YFS_FDS___TNRKE_FGLSE__F__L_PDEQKDEK_L_EG_VKD_EVWESS_QWMFSVYSP_KKK_N_SG__DIS_E_LRLEYH_FL__NNL_SYL_S_QRLINQWR_RV_EL__LNIS_K____SDVKDG__QAAPAFGF_SS__A___SPGF_V_N_SSDN_Q_FSF__NSGFAAASSGSP_G_GS_PA_G_AASTSSGISTSA_AFGF__PE_TSAAS_SF_SPAAS__GSP_F__L_A_L_TGP_RAP____FGGGSSVAGFGS_G_HSH_AFS__S_D_FGN_SIS_SLSASSSIIAT_N__F_P__KLTVEELE_FQ__KFT__K__LKPP__ELL_V,0,mask-O15504
mask-BD7o0u-ai-ai-UYH1,MHRIWLM_DPR_V_V_LV__LA_LAL_IHFV_L_SQRYSW___GT__AD__PVGASAPA_,1,mask-nan
mask-BD4h33-A-A-OLC1,_RY_VP_YSFFRSNGL_R_LMIFVLL_I_I_VPMV_IE_EI__YPD___WAIV_A_TVGYGD_VP_TPI_RILASI____GIAFIGMITSTIT____C_KP_NS_TQRANK___LI_E_P__TKEE_AVV__FLTLR,1,mask-nan
mask-BD6do1-A-A-OLC1,DY____D_I___S_E_GIKR__DDCPK_GR_NY_FVMIP_LYSIIF_VGIFGNS_VVI_IY____LK___S_FLLN__L__LCFLLTL______TAMEY_WPFG_YLCKIASA_V_F_L_A_VFLL__LSID__LA__HP_KSRLR_TMLVAKVTCI_I___A_LA___AII__N__FI_N_NI_VCAFH_ESQ_STLPIGLG_T_NI_GF_FPF_I_LTSYTL__KALKKAYDLE_NWETLN__LKVIEKADNA_QVK___TKMRAA__DAQK_T__KL_DKSPDSPEMK_FRHGFDILV_QID__LK_ANEG_VKEAQ__AEQLKTT__AEIQKNKPRNDD_F_IIM___LFFF__WI_____TFL_VL_QL_IIRDCRIADIVDTAMP_T_CIA__N_C_NP_F_GFLG_KF_R_FL_LLKY,1,mask-nan
mask-BD1q90-R-B-LFA1,A__S_VPD___RN_MNLILAG_A_LPI_TLALGY_AF_VP_SS_GGGGG,1,mask-nan
mask-nan,MASLLCCGP_LAACGIVL_A_GV_M_IMLGIF_NV_SAV_IED_PFT_K__ENG____YN_YE_VSYN__IAASLYLL_GG_S_C___LN__KEYMV_,0,mask-Q3ZC23
mask-BD5ayn-A-A-OLC1,MKVQSLLRIET__LLG_LLT__GDQ_WDFVVPF_LLVIF__KL__AA_YYLI_KI_TF_LTPSS__WIDT_PRIQV_K__V_LQ_FA_LAGMVFFGMLD_LVR_GGR_S_LLS_L__AL_LSGVMASLGSQ__DISVGNDLAP_LVAPEKLTH__SWL_RI_LATEVGAP_L_GA_F_FHP_____AG_FLI__WNLVSF_PE_FLLR_VIQ_SGLKIK_L_EA_S_K_T_H_N_R_SFSDPIF_L_LSYAL_W_SVLSPH_V_LAA_L___MRL_ETE_GL__GLGAVF__IS_VS____V_RLG__SSS_W_L_FQGVT_GIAV_AFA_GST_____F_____LS_V_L_GFS_G____RQRLIPE___GELNSLSSLT_TSATLIL_SA_SLL__TEDF_YLV_VSL__VL__NV_F_KW__RQG_VTSGSE_LYFQ,1,mask-nan
mask-nan,MKF_I_L_LI_VL__TIVPVNE__TQCQS_R_C_QYC_T_DRCS___CYCKTTGK,0,mask-Q95NJ8
mask-nan,MN_Q_AYFGSAAE__AVN___AAI__SP____DEDG_ADVAN_RRILN__NRQ___K_WA_NINES__LTPDVSTG____R_A_LS__GGQY_NRGGWVYDKST_TDT___PIT_TLIT__D_DEMPEC_RQ_IVTKASRQFNSRFF__E__EN_L_Q_EMEARM_C__YEMDF_Q_NMLDGDAYVQ_LI_R,0,mask-D1L2W4
mask-nan,_STDVSSAENE__ATV_T_RVP__Y_L__H_LD_TRTQT_GTP__PERT_AAEFDTS_TT__Q___E_VVEGRLER__GKGT__AKPKVSQA_Q__SYTEDMRAQ_LE_T_QLLD_GY__A_DRLAG_LDITAGG_V__IERLRMANG_PM_I__THLS_K_FP__RRSLVK_TSLYT__AE_YDV_LAEAEET_ETS__T_REAGLLGT_VGLPML_L_R_S_DRT_QP___VRS_YR_DRYKF____K_P__,0,mask-Q9K492
mask-BD5tgz-A-A-OLA1,G__RG_N_M_IECFMVLN_SQQLA___LS_TL__FTVLENLLVL_VILH_RS__CRPSY_FI_SLA__DLLGSVIFVYSFI_F_VFH_KDSR_VFLFKL_G__ASFTASV__LFLAAID_YISI_RP_AY____T_PKAV_A_CLMW_IAIVI_VLPL_GWNCEK_QSV_SD__PH_D_TYLMFW_GV__VL_L__VYAYM____KA_SH___K_LIV__STTGNTEYTAE_IA____D_GY_VD_RDAA_VE_GG_F_GFD_V___CSTWGD_S_E__DD_IPLFD___ETGAQG_KVACFGC______Y_CGAVDAIEE_LK__GAE_V_DGLR__GDP_AA__DIVGWA_DV_G_IPDQARMDIELAK____ILVVLI__WGPLL__MVYDVFGKMNK_IK_VFAFCSML_L___T_N___YALR_KDLRHAF_SMFPSH_H__H_H_H,1,mask-nan
mask-BD3kq0-A-A-JIM1,QI__CA__VP_PITNATL_QI_GKWFY_ASA_RNEEY__SVQE_Q_TFF_F_PN___DTIF_RE_QT__DQ_I_NTTYLN_QR__GTI_R_VGGQEHFAHL___RDTK_YMLAF_VND_K__GLSVYAD_P__TKEQ_G_F__ALDCLRI_KS_V_Y_DW__D_CEPLEKQH_KE,1,mask-nan
mask-BD7px4-A-A-OLA1,_KT___LSY_F_LV__DYKDDD_GA_PIMG_SVYIT_EL_IA_LAILG__LVCWAVWLNSNLQ__TNYFVV_LAA_D_AVGV_A__F_I___T_FC_A_HGCLFI__FVLVLTQ_KIFS___I__DR__AIR__L__NG_VTGT_AKGIIAICWVLS_AIGLTPM_GWN_CGQP_EGKNHS_GCGEGQVAC_FED_VPMNYMV_F_FFACVLVPLL_M_GVYL___L__RRQ_AD_EDNWE_LN_NL__IEK_D__AQV_DALT_MRA__LDA__ATP__LEDKSP_SP__KDF_HG__IL__QIDDALKLANEG_VKEAQA__EQLK_TR_AY___YLERARS_LQ__VHA_K__A_I_G_F_L_W___HIINC_TFF_PDCSHA__WLM_LAIVLSHT_SV_N__IY__RI_EF_Q___KIIR_HVL_Q_EPFKAHHHH__H___,1,mask-nan
mask-BD7arh-C-C-Z411,_Q_VA_FIG_RY_RGR_ADRFG___SW_ST__ITLGVM_____LS__NG_ERE_QN_I__LMPQAI_SSE___L__QQL_ETAVKLD_VN_V_P__TG_VVLQSARSVAV_VM___DPAQKD_LT_Y_V_V____LEPGK_NV_L_EQLASQLGVNRGDQIRVM_PS_SQF_PM_RIPSQ_LFNVIGTFAA_SEVDG_EMLVNI__ASRLMG_I_GWRLWLD_PL_VD____QKL__GS__Q_WRD__GELFQ_VRMEKN__GL_L_LIVAVA___II_SLG_MVME_Q_EVAILQT_GLTPRQ__M_FMV_G_S_GI_GAIL_AALGAL_ASQLNN_MPI_GV__DGA_L_VAI_P_Q_I_IALVAM_IALLST_Y__WRAAA__P_EA__,1,mask-nan
mask-nan,MKL__LA_L__FALA__PSWAESVVTV_SIDGLHD_DNSW_QVQF__FTKATG_T__YV_G_GGVVVERL_KER_NPQ___LVT__PFIQ__AAEKLLANFNTD_A___P_A__LYSPL__N_LSFIYNSK_LK_APA_WQDL_DG_FK__LQYSTP_Q_ADGT_VM__A_HS__SKD_G_AYLGKLQANN_G_SA_T__LTALVNK__I___NG_LQM_LAQMERNPNV_IFWPAN__G_RSALAIPYVI_LV___P_SE_GK__INFLLSKEAQT___EL__G__VRS__TP__E__KAAT_ALE__QSWQP_WDD_AVSL__DI_R_H__TESE,0,mask-P96062
mask-nan,M_VEVCS_S_SK_YPGAGR__V_GD__V_RF____SESLFL_RKNP_RL_WTV__RRMHKKG_SE_HAKKR_R__VKHQ_GI_G_NLD_IKEK_NQRPEVRAAAR_AA_KQ____RAASESEKKAI_AK_A_S_AR_QA_K_A_VAAR_,0,mask-O74884
mask-nan,M_C_VLPL___GNIPQ_SIDWL_NS__N_W_YLE_L_S_YLVEFV__LDR__D_SD_LYKD____Y_S_LEVFY_KKRG_FAIQQR_PL__V___NNFIVE_I_P_L_KYNISEIC_W_SLYAM_DENGVI__PQEVY_L_E_YFDDEAE_LSNLHLND_ESMV__WLHFTPT_FQDKISV__P_FKILFQ__N_SQRP_A_R_IKY_SCLAN_GD_SLDSQQF______QKVIK_APPI_K__R_I_WQGAYG_AD_R_K_VDL_N,0,mask-P36040
mask-BD8wb4-M-B-SQD2,M_R__L__AATIASAAAFA__PALTGLR__APLC_GN_LS_ACR__RAA__AMTMS___TTN_AMLL_EGGMNVSV__YL_V__GT_IPVVF___LYIQ_ESR_A_ET_SEGDKF,1,mask-nan
mask-BD7y5e-J2-J2-3XQ1,N___KYLSV___AGTIFMIF_AGLV_E_NRFYPDA__F,1,mask-nan
mask-nan,M__TNGNA_A___SDQ__L_T_F_VELEF__SLAN_Q_V__L_TQQQ_WK_PN_KNYLKY_EY_CNPPYSQCI_YPNCLF_LKLLNGFM_S_I_NEDGL__GLDELPK__Q_QG__WM_EMVER_A_,0,mask-P38633
mask-BD7y5e-F2-J2-3XQ1,V_GLV_CKDSKEF_R_LD___KKL___LKK_E_G___Y_AIQ_SI__TKIR_DR_A_G_LL_GKD_L__LITDGR_SHAT_FII__LLFL_INGWI_WV_RA_LI_IRS_D__AEKEIIL_IP_ALGFMSS___WPLSAWKEFTSGEL_VDA_EV_VS,1,mask-nan
mask-BD5vew-A-A-OLA1,MAGAP_PL___L_L_G__GRAG_R__GA_VS___TVQK_R_YRRQCQRSL_EDPPPA_DL__NRTFDEYA___DG__G__VNV___WYL_WAS_VPQGH__RF_TA_G_WLQKD_SSLPWRDLS_C_ESKRGERS_PEEQLLFL_II_T_GYAL__S_L_I_SA_LLGFR_LHCTRNYIH_NLFA___LRA_SVF_K_AALKW___TAAQQHQWDGLL__QD_L_C_LVFLL_QY_VA______L_EGV_LYTLLAFSVL_EQ_IF_LYVSIG_GV_LLFVV_W__VKYLYE_EG__TR_SNMNYWL_IR_P__FAI_VNFLIFV_V_CIVVSKLK_NLM__T__KC__AKST_T__P__G__EVI_A_VMDEHARGT_RFI_LFTELSF_SFQ_LMVA__Y_F_N_EVQLEFRKSWE_WRLE__HIQ__SS_KPL_C___SLSS_ATAG__MYTAT_Q_S__,1,mask-nan
mask-nan,_R_TFNDV_TSLGI_ESYD_VN_IRN_QGDN_K__V_LATANNVAEVGAGI___QTVQ_DFIT_____IGL_V_R_VSLN_PLK_FKK__IP_GR_IEE_YT_ITKE__YD_EEAEQK__E_EMPNV__LF_ERNRQ__YH_TIQD_SL_TAF_SWGNFE__VS_II_AIYNS__V__YEYMKLLV_NYYSKG_FTTVKIDEPT_STGA__E_VKK_R_T_R_LTL_QG_RD__SMA_RT_S_MEDLH_IID__L_A__DVDV_AKAFNMNR____GN_T_IDG__STGL_A_LVDKDWF_VYDNLHKMETVRNPR_LYWNY_Y_V_QTL_V__FA__VA_V_GDVPAVTQVI_S___AAVK_GGQ__FTAY___TN_K_H__V_SV__GS_GT_ITG_G_LSVS_NEDN_L_VKAT_DI_TEDKPKLV__E_V___RP__ASGGAQA,0,mask-P13849
mask-nan,MAANLRN_A_L__LMFLLL__SS_AI__S__ST__D_TLNPSFCLKF____FAS__L_A_AK_T___TQARAT_TLKKLQ_IIDG_VD_RSKLA_RSC_DE_ESA____EE_FE___SGDGMGMNMKVS___D_ADTCLDDVKRLRSVDSS_VN_S_TIKNL_GIAL_IS_ML_RN,0,mask-Q9LNF2
mask-BD5jsi-A-A-LFA1,MEELTYRL_MVAT___L____FL_A_SRE_K___RRGVYISAL_CG_AWYHYQK__ASWESGSYDTGLRYVDW__T___MF_EVL___RK_A_____VRNW_IA_TV___AGYYGE____GSNEYW_G___AMATYVWLMRNLQAEGE_LKG_Q___F_NI_NLILVGWIIYPL_YIAPV_G_FDA___VL_TIADI_NKVGLG_LVLQMARV__G__VS,1,mask-nan
mask-nan,_VYEAT_FD_ITV___DKR_VAYFYD_DVG_Y_YGAGHPMKPHR_R_AH__IMNYGL_KKME_YR_KPA_KQEMCQFH_DE__D_L__VTPDNLEMFKRE__K_N_G_D_P_FDGL_EY_SIS_GGS_E_A_R__RGKCDVAVNYAGGLHHA___EASG_C___D__L____LLR_H_RV_Y_DI__H_GDGVEEA_Y_TDRV_TC_FHK_G_F_PGT_ELRDI_V__GK_YAV___LRD_I_DAT_RS_FEP__KKIMEW_Q___V__QC_G_SLSGD_L_CFNLSMEGH_NC__YVKSFGIPM_VV_GGGY_MRNVARTW_FETGLL_N_VL__DLPYNEYYEYYGPDY__SVRPSN_F__NTPE___KVMTNIF_N_E_TKYAP_V_LNHT_RDAE_LGDV_E_SAEA__T_GGS_Y__D__VE_DN_F_,0,mask-P32561
mask-nan,MGVLGRVLLWL_L_A___AV_KL_VPNTD__V_ANWSQNRT__AG__VEFPA___VSVLV_EGHA_SD__LPL_GELVLA_GA_F__SDV___LDC__G__AVFRDSDRFSWHD_HLWR____AP_L_FVDAERV_C_HDDVFFPPSA__RV___P__SPVRVR_ISA_GR_FTRDE_L_VFLASRAGR_RFHGPGALSVG_EDC_D_SGCV__N_EAQPWICA_LLQP_G_R_P_AACHSALRPQ_QC_D_C_AV_LL__GP_FDL_RYR_RI_DTFL_LPQ_H___VAVSK_PR___L_E_D_EI__VLV__GPETGGA_R_A_____DVA_NGE_LGVL__TMRES_A_VWGS_A_GLAGGVAA___LA__V_LVAPPLLR_A_RLRW_RHE_A_PAG_PLG__NP_FDVT_SE_LPLPRRLS__PKA_ADST__SYFVN__F_G__AEA,0,mask-Q9BXJ7
mask-BD7eu3-D-F-SQD1,SYF__LTI_V_L_IFAG_LIF___HKGNKI__WYT__I_LLEFLLM_YAFC__F_LED__IQL__DYKWI_VFDF__RL_I_GLSL_SILLTGF_TTL_TLA_WPI_RNSR_F_FLML__YSGQIGL_SSRDLLLFFIMWELELIPVY_LL_MWGGKR__YSAT_F_L_T__GSIFFL_GV_GMGL_GS_EPGLD_ERL__QSY_ATLEI_LY_GFL___A___PIIPL_TWL___HGEA__ST_M_LA_IL_K_GAY_LI_INME_LP_A_YL__PWLVII_AI_IIYAASTS_GQRN_K_RIA_SSVS___FI_IG_GSIT_IG_N_AI_Q_LS_G__GA_L_FLAG__SD_MR__YLE_LG_ISIP__K_FT__SSF__A__A_PGMS_F_A_L_VFF__ITSP__L_M_KALIT_V_A__MILTPIYLL__LRQMFYGYKLFNV_NANFV_S__RELFI_____LPVI_IGI_PDFVLSLSVDRVEALL_NY___,1,mask-nan
mask-nan,M_DR___LRQ_D_IS_DE_E_RVALVVH_G__RLGS_D_EFFQK__T_R_T_____S__R_LEKQQV_ILA__LPEESMKQ_LQ_LR_EI_Q_G_EVRAQLK_IEPQ_EEA_ENY_SVNTRMK__QHG_L_Q_F_E__NKCNSMQS_YR_K_VE_IRRQ_K_TN_G_VSDEEL_QM_DSGQSE_FVSNILKD_QVTRQ_L_EI___HSEIQQLERSIRELHEIFTFLATEVEMQGEMI__IEKN__S_AD__E_G__HVKI_LE_Q___RKK_VM__ICV_VTVL_LAVII_IT____,0,mask-P70452
mask-BD6w1p-k-k-STE1,_IDAL_LVA_L_E__AIFD_L__VLPVIPVL_LALA_V_QA_VGFR,1,mask-nan
mask-BD6pt2-A-A-OLA1,MKTIIALS_IF_LVFA_YK__DDAKLQ_M_HH___H__HENL_F__GTTMADLEDNW_TLNDNLK_IE_A_NA__VKDA___MR_A____QKATP_KLEDK_PDS__MKDFR_GFDILV____DALKL_N___V_EA___AEQ_KTTRN__IQ_YLRS_S__AL_IAITALY_AV___G_LGNVLV__VI__YT__KTA_NIYIFSLALAGAL_TSTLPFQSA___MET__FGEL_CKAVL_ID_YSMF__IFTL_M_CV_RY_A__HP_KALD_RT_A__KLIN_CIW_L_SGV__PIM_MA_TRPR__AVVC__QFPSPS_Y_DT_TK__V_L_A_V__ILIITVCYGL_LL_LRSVR_LS_SKEKD_SLR_ITRMV_VV_VAF_VC_A_IHIFVI_WT_VDIDRRD_LV_A_L__CIA_GY_NSS_NPVLYAF_DK_FK_CFRQ_CR__CG,1,mask-nan
mask-BD6tqj-A-A-LFA1,_NPLI_AA__I_AGLA_GLA__GPGVGQG_A_GQAVEGI__QPEA__KI___LL__L_FM_ALTIYGLV_ALAL_FA_PFV,1,mask-nan
mask-BD6tjv-C-C-PGT1,MVAIP_LR__ATVFVLSGY_Y_LGFLII____P_LALAASA__RP_SGR_I_L______MEPIGG_WIQF_VRY_MF_LV_VI_D__TVFLYPWA_AFHQ_GLLAFIEA_I_I__LVVALV_AW_K__LEWS,1,mask-nan
mask-nan,M__VC_T_PI_KIIQQ_HR___DS_IPSKRT___HTE_TAH_A_ED_HVEKHF_HNG__FDG__NVRYQ_QPSPLT_ITP___VD_S_WVP_FSSM_IDDS_EFSSEYKRLYS__ESQQ_LNSSRQH__FKNCMIR_TS_T_PP__T__Q_RQGNR__PTDAFQFD_EFQVLEREIQKE_YE_IT_RDEK_FDQDQSELQR__T__V_CCT___SSA__S___SSSVESKLSE__F_QL_RNI_S_D__LKK_ADGNSASE_FSSNNGE____R_I__K_EI_KD__D,0,mask-P50091
mask-nan,MLRTESCR_R_PAGQV__ASPL_LLLLLL_WCAG_CRGA__LP_G__P_QQLQL_N_IDDTCSSF_SI__QPQAS__LEELCFM_M_ML__PQEQD_K_N_KR_LF_YS_TQKL__SNVVSSV_H_LLQ_VP_LH_RR___FRVD_EFQS_FA_____YF_F_PRNG_RSAG__,0,mask-P48645
mask-nan,M_K_K_I_R_SWI_STF_EW__W__EEI_Q_QV_PGT_A___LGCTGIWLKS_GGTN_CVDFWCG_G__SHGNPL_K_GH___R_AGVKKL_PNL_TT_F_LD__A_R_ID_VLATH_H__HID_NVA__VM_NCA__VP_IGP__C_DLWIGW__P___CIV_K_GDVVKV__I_IHAL_AFD_TAL__LPA_QK__G_LPDGMD_RAV_YLFKT_GG_LYHSGD__Y_N__AKHGNEH_ID_ALG_Y_EN_RGITDKMTS_D_LRMGE_LN_KVVIPFHHD_WSNFQADPQEIRV_WEM_K_R_KYG_KPFI_QVG__F_WPLDKD_FEYH_P_GFDDCFTI___LP_K_F_,0,mask-P39300
mask-nan,M_IHI_G_G_SLF__GR___ASVD__RG_NGLD_TNI_PGQA___P_Y_YTV_P__TL_AI_A__FVPLERLRAANPGI_P____AGAK_TI__ISNYIAGTLS__VLRNPDL_RELIND_APYS___S__E_H__PN_DIA_QLNDA__IET_WQ_RVTP_ATITNLTSGGF_TE_VHQ__N___AR_N_VNNI_DLV_TR_Y_GV_I___Q_SAADR_LF_GFLRQ_RDRL_AGG_VLTIAVPAK__DNIP__R_Y_YG__GAVVNYMFI_AYDWHH_G_EP_P_APIT_IRRT_E_TIAQVPSRKIIIG__LY_YDWII_YQP_TVASAISNQNA_ER__RYQAPI_Y_AE_Q_P__R___QQ_RTH_____D_RSMS__MQIVRE_RLQAI_A_QLTLGFT__PWLLR_FF_IR_V,0,mask-O05495
mask-nan,MAS_VD__TV_SY_YYVDPE_TY___Q__PLQ_LI_VY_L_DIS__V___NLD_T_AV___KSYKNQIADL_G__ST_PTR__GK_GQ_AHILFQNNPDMMIQP_QQ___MSEQQ_REQLRNR__ALFQ_P_FD_DLC_S_LSQFE_S____F__QN_GGAQAP_DI_D_AFDLDGTGKSQS_SNSGNN_KKR_NK_SGSSM_TPTH__SHE_MKRRR__,0,mask-P25046
mask-BD4p79-A-A-OLC1,MSVAV_T__F_MSALG_LM_G_T_SNS___VSTVHG_V_TT_TIFE_LW_S__T________WDF___LAL_G_V_GC__LM__AI___F_GLF_G_V__R_TNVGN_DLSKK_KLLAIAGTLHILAG__GMVAI_WY_VN_TTDFFNPL_A_T_YELGP___LGWSA_LLSI_GGICV_STCC_SSKE_PAT_AGLPYKPSTVV_P_ATSDE_DIS_GKYGKNAYV,1,mask-nan
mask-nan,MKY_V_A_ALAVAL_CI____AYE___EL__ELDDL__AAWLAVAEE_QGLEDF_ESRGLFG_LIK__G_KAIS_A_KKAR__H,0,mask-Q1ELU1
mask-BD6kjv-A-A-OLC1,S___RG_RSSPEEQL_FL_IIYTV_YA___SAL_IA__I___F_H__C__NY_H_NLFA_F__RAL_VFFKD_ALKW__SGDGL_SYQDSL_C_L_FLL___CVAAN__WLLV__VYL_TL_AFNI___LRIDEGLRL___KDT_G_YT_GIGHLLTKSP_LNAAKSELDKAIG_N__GV_TKDEAEKLFNQDVDA__RGIL_NA_L_PVYDS_DAVRR_A_I___F_MGETGVAGFTN_LRM_QQKRW_EAA_NLAKSRWYNQTPN_AKR_IT_F__GTW__Y__QW___L_VAI_WGVPL__VVP_GIV___Y__E_CW__NS____WLI___P___A_I_NFLIFVRVIC_VV_KL_ANLM_KT__AFRLA__TLTLIPLLCTHEVIFAFVM_EH_R_TL_FI__F_EL_FTS__GLMV__LYCFV_N_VQLEF_KSW_RWRLE_LHIQ_DS,1,mask-nan
mask-BD8wb4-A-A-SQD1,MTAT__R_ESA__W__FC_WIT_TDNR__IG_FG_LMIPTL_TATTVYII_FVA__PVDIDGI_E_V__S_L___NI_T_AVIPSSAS_GI_FYPIW_A_SLDEW_Y_GGPYQL_V__FLL_VCGW_G__W_F_Y_LGMRP_ISVA_TA_VA__SA_FLV_PIG_GSFSDGM_LGISGTF__M__FQA_H___MHPF__LGVAGVF_G_LFSA__GSLVTSSLI_E_T__ESANYGYKFGQ_E_T_NIVAAH_YFGR__FQ_ASFNN_R_L_FF_GLW_VV_IWF_AL_VMTM__NLN_FNF__SVVD_Q__V_NTW__ILNRANLG_EV_H_RNAHNFP_D___GE___VALTA__VNG,1,mask-nan
mask-nan,MA_Q_ALPQSK_TL_QS__K__KDDIK_IM___TEII_TA_IE_ET__SRATQG__DN_EMHVRA_NIVRAG___MKLVSDLK_F_ILNDFPS__EAID__NQQL_TL_EECDRKL_TL_DE_S_DL_E_EEEYYS_SSSLC___DL_LCEAYGRLDLDTDS__G___PLLA_PEP_A_PL_VAAPAH__A____P_EH_,0,mask-Q15528
mask-BD5oge-A-A-OLC1,MSE_K_GH__H_PWASVAN_G_ISILSYC__S_LMT_T_K_V___K_FNM_FVML_VQS_V_TITLI_LR__G__KF_S___TDAKNWFPIS__LV__I_TS_KALQYLAV_IY__FKN_T_I_IAYG_VLFF_GSVT_MELS_FLLMV_S_V_A_W_D_QA_AAKAASLAE_A_G__ASF_PGYFW_F__CI_SALF__IMRK_IKL__F__F_TMFYNNVL_L_I_L___FC___WSSV_L_NN_SNDSL_A_IISGVA_VG_S_CSG_C_RV_SSTTYSMV_ALNKLPI_L_GL_FFDAPRNFLSI_S_F__FL_GIIY_VAKQ_KQQAQPLRK,1,mask-nan
mask-nan,M_LHLSLSHQS___P_HPITSS_P___SVPG_GLS_RV_F_G__K____F_V_RKD_RRM__GEVRA_M_QAL__QE__AIVGKVTEVNK_TFWPIVK_AGDKP_VLD__TQWCGPCKA__PK_E_LAEEYL_VIF__LDC__ENKT_AK_LG_RV__TFKI_K___VVGEV_G_KYD_LLEA_QAARSS,0,mask-P09856
mask-BD6tqj-A-A-LFA1,_N_L__AASV__AGL_V_____GP_V_QGTAAGQAVEGIARQPEAE_KI_GT_LLSLA__EA_TIYGLVVA_A_LFAN_F_,1,mask-nan
mask-nan,__EMED_FENDELDR_P___G_E_IEDNS_EGG_RRVV__KLLRTKRLA_PRLALNE__L___K__SALRE_L_DFKPNPKDDP_ANL_KL_KK_A_WGHLMFPKMKTED_L___ETLG_R_QV_VFMI_HR__ETGE_S_HE___NQKN___DDG_SDNDD_LFKDLP_K_VT_EKAKNSEKS__KTAEI_EN_E_EYRMM__ER_REE_EA_EA___DA_ME_F_DMN_D_,0,mask-Q9TXI0
mask-BD7pin-R-i-4RF1,SLS_LD_H___D__FDPLHLSSPTVSLQI_V_EEDQN_AQNKK_DVE___R_EV_GLARFRETE___GR____GTL_AIV_E_ATG_SWVD__KVEL__AQ__GQSLPFSIS__I_IEA__VG__EVL_NNE_D_EKR_Y_GG_FD_LNLADE__EEK_FRLK__E_KHG_LA_VAF_GF_IQAAATGE_ALGSLA,1,mask-nan
mask-BD6zzx-9-G-SQD1,RTLW__GIQA__HLD__LAG_YGFDPLGLGVD_D_LK__AEAEKT__RW_MAAV__ILF_E__GKAKWFEA_AQ__WM_NG____VE__IMG_LEL_R_Q__KETGTSGFL_AFPFDP_GMN_PS__T_EVKNGR_AM_AF_GF_VQAL_TR_GPIEA_QSHL____TNNF_GSINN_PN_IG,1,mask-nan
mask-BD6kif-1-1-SQD1,M__YNNPEV___WWAG_AR_AN___LFI_A_V_QA_LI__W_GAFTLY__SWLTADQS_GE__L___PHLA__GLGV_DG___TDTYP__VVGA_HL__S__LGA_ALFHTFRAPSDLA__SGAAK_FH___NDP_QL_LI_GH_LLFL_VGALLLVA__TTW____DA_SQTVRLVTEPT_N____Y_Y_THF_S_DNL_DL_GGHVYV_V__I__G_W_ILVPP_QW__KVLI__GEAILSY___G_A__GF__AYFCAVNTLAYPVEFYG__LEIK_GV___FADTVQLPF_AHTPR_WLSNAH_FLAFFCLQG_L__ALRAMGFDF_RVEKAL_SVEA,1,mask-nan
mask-nan,MK_KSERRS_WA_A_P_SRRCSSTS_GVKKIR__T_QDP_RRDPQ_DVYL_ITDR_CF_ILYSRPK__SN__YFS_D__LEYENF_A_FGPL_LAMVYR_C__INKK_K_ITML_KKI_H_TG_DQR_QAN_AFLV_CYM_IYLGR__EEAY___IFGE__YIPFRDAA__S_N__I_L__CFHAV___MQYGF_NFN_FNL_EYEH_EKA___DLNW_I_DR____CGPHS__R___GYHQ_SP_TYIQY_KNHNVTTIIRLNKRMY__KRFTDA_FDH_D__FAD___P_DA_VKE____CE_AEGAI_VHC__G_GR_GTLI__Y__K_YRM__A_TIA__R_CR_GS__GPQQQFL_MKQTNLWLEGD_FRQKL__QENG_HRAA_____S_VDDIS_NG_EN_D_Q__E_YSDDDEINGVTQG_R__AL_SRRQSKT_AI__T_IL_S__QS_KTSEPNISGS_G___RTTRSA__KSSVKSLSI_RTKTVL_,0,mask-O60729
mask-BD6wj6-X-X-SQD1,MT_SLANFL__LVLGAA_VLIP_TVGLI_I_QK__I__S,1,mask-nan
mask-BD6sl5-L-L-4RF1,_QVIQ_LN_DPF_G_LETPVTSAPIVA_YLS_LPAYRTGV__NLR_VE_GLAHG_LLAG_FIKLGPL_DV__TA_V_GCM_AA____LA___SLYGN_AF_N_PSM__KTL___PL_Q_P_MS___WAKF__GFTVG_LSG__WAYILTQV_LGR,1,mask-nan
mask-BD6i9k-A-A-OLC1,M_P___KMAARVA_DHDGR_I__VDL__EDMLPMIHEHW__FPPME___H__LGM_II__G_I_V__NGV_MYLMMT___LR_PGNFLVL__ALSDF_MLFF_MPTMSINCFAET_VI_PFMCEL_GM_G_LF___SI_SLV_I_LDRYNV_VKGMAGKP____GAL_RMLFVWIW_L_WT__PM_GW_R__PE__MTS_TID_I_TAINPMSYLIAYA_F__FV_L___IY_Y_____Q_A_HEKSLR_QA_KMNIKSLRSNEDNKK__AE___AK_AFM__CCWFM_WTPYL_LSFLGIFS_R_W___MTSV_GA_F_K_SACYN_I__GIS_PKY_AA__DK_PCLKCGS_SPK___ASTVAESE_AGE_TSQVA_A,1,mask-nan
mask-nan,__ENNF_DRECERRK__CD_SM_FREL_CP_T_GTC,0,mask-P0DRH8
mask-BD7zly-A-A-OLA1,__RH___DHFL_ID___CC_F_D_FIVK_LPP_LG___IF__LG_G_A_WIF_FHLKSWKSSRI_L_N_VV_DFLLIICLPFLMDN_VRR_DW_FG_IPCRL_LFML__NR_GS_I_LTV__VDR__RVV_PHHALN_IS_RTA_IIS__LWGIT_GL_V_LLK_KMP_Q_G_ANLCS_F_ICHTFQW__A_FLL__FLPLGII____A_II_S___R_A_L_D_WET__DNL_VIEKA_NAAQ_KDAL__MRA_ALDAQKA_PPKL_DK_P___E__D_RHG_D___GQI_DALK_ANE_KVKEAQAAAEQLKTT_NA__QKYLM_RH_K__RAITFIM__AIVFVICFL_SV___IRIFWLL__SG_Q_CEV_RSV_LAF_I_LSF_Y__V_LDPVVYY_SSPSF_N_FST_I_RCLQRK_TGEPDNNR,1,mask-nan
mask-BD6vpv-7-7-SQD1,I____AASF__AILV_AVGL_MPAVVMG_LFL_I_SEA,1,mask-nan
mask-BD6wm5-A-A-8K61,MRL_YV__H_IYGEKLLGLT_R___EKTL_RAGFDVR_FD_LSLE__E_Y_I__E__LI_E_DLLLE__K__VS_GFTVG__F_G_FRTVF_GNLQ_SI_KYLSLNNLESYEIWAI__S_D_LKTAE__LLS_LIGSGS_KV_F__RAAF_RIT______L__IG_TPD_V_IIGTTA__AGALVL___GK_FP_ACVVWF_VLFDMLDGA_AR_RS_G_R__AV_DAA_DRIS_GAV_S__LWWIA_GMRDRLLVVATLTCL_TSQV_S_IK_R_EASGLRGD_GI___PERLIIVLVGA_V_DFP_IAWPPAL_V_MWVL_VASVI___QRL__VWTSPGA______T____ET_GHPEPGN__KTQ_,1,mask-nan
mask-nan,_I_QLCKNITI_TL_LS__FTV___TSFA___SE_K_VSEK_LDGDTKMYTRTATT_D_QK__T_S__F___TEP_YDKETVFIKA__TIGS__RI_DPNG__N_T__W_GSY_VSIQN_DDNN__NVT__AP_N____REVKY___YK_GGD_SI__G_LTGNITKE_NY_ET_SYQ_P_Y_T_LD_STSHKG_G_KVEAHLIN_MGH__TRQ_TN_S_NR__SEIFSL__NGNLWAKDNFT_KD_MPVTVSEGFNP_FLAV_SHDKKD___S__VVHY_R_MD__KI_W_RHGF__Y_SGENHVDKKEEKLS_LYEVDWK_HNVK_VKVL___E_K,0,mask-Q2FWP0
mask-nan,MT_FASRRTLVVR__LR_RAAVASLAA_LLLF__AYALPPLLPYS_D_LD_N_LLQ_P_TK_W__TNALGQ_L____L_G__KSMLI__CV_VI_TG_AATV_A_S__FG__RDRT_MWVVDLL_VVPS__LIA_VTPRTKNS___MFL_LLL__FGW_ISSRM__GM___L__R_FIRA_R_M_VSSRRI___HVV_NVASIL_IDAALN_A_AIL___GLS__GFG_QP_DV____LIADGTASATA_PWVFLFPASILV_ILVC_NL__D_L__ALDP__RSL_RGVR,0,mask-P9WFZ9
mask-nan,__TASGI_AYAQVS_ES___S_S__QLIE_LF_GA__ALV_A_L__EQ_DVV_K_E_LS_A_N__DN_LKAGLD_EK___IATNLSELYD_MIR_LLQA_LRNDAQAIEE_EGLLSNIAEAWKQ_S___SFQE_R,0,mask-P26609
mask-nan,MG_LH_TE__VPEAVG__MQ_L_Q____Q_SALTEVLFHF_T_PK_V_RFLAQLSEF_TTN___LGSLRSIVKSL_LVPN___KK__TAKQVQ_DFITL_LSEE_ATYFSEKWKQNAP_L__WAI__TLM_N_L__MEW__G_TSGSS_L_KVG_IF_Q_KLV__KG_QTENV_IE___PQFYSFLHE_ER__TS_EC__,0,mask-Q86VX2
mask-nan,M__YRTSLSSSWIYP___LCLF_FF__MR_SEPFLIPYLSGPDKN_TSAEI__E_FPVW_YSY_VLLLP_FVL_DYVR_K_VIIL__I__IITWLLL_F_QGVKT_QVVE_F_G_VTA___AYY_YIYSV_SPEHY__V_GY_RS__LAA____S_L_QL_VSL_N__Y_Y___IS_ASVS__FLFSL_LPMPKK_MFFHA__SREIKK_SSVNP__EETHEGEAPG_EEQKPT_EILS_SGKLNK__L_SLKPS__TVD__V_W_QDLK__Y_S_RLFYWS_WWAF_TAG_N_VLNYV_I_WD_K_PSQ_SSIYNG_VEAIA_FGGA_AA_AVG_VKV_WD__GEL_L_VFS_VNAGS_F___YTA__WACYAGY_IFKS_Y__LI_IAV_QIAVNLNVE_YALVFG__TF_ALV_Q____V__V_QR_LN_PVSIQ_L_YG_YFAV_AG___MR_MY_TY_TKSQ_D__S_APSEN_DVSHP____NII___KL,0,mask-Q9BZV2
mask-nan,_SILFYVIF_AY_RGIQGNN_DQ_SL_EDSL_SL_I__IQ__ILK_KL__QMVDV_E_YQSTLP_AEAP__PERGGPAKSA_Q_VI_MD_EL__QQ_RY___R_L_SD_TP_EPPP__LME_YVGS__VANRT_RRKR_AE_K_HR_EYSVC__ESL_VTD_SSA_DIRGH_VTVL_EI__GN__VKQYFYE_RCK__RPVK_GCRGI_DKH__S_CK_S____RA_TSEN_KL_GW__IRIDT__V_ALSRK_GRT,0,mask-P20783
mask-nan,MGSK_LV_F_FVML__LSSA__N__K_YKPC_NL_FY_H_ILYNGKNAANATSAIVAAPE_VSLTKLA_QS_F_NI_VF_DP_T_S_S_SSK__G__Q____YDTK__YTSWL_F__VLNSTHHQ___TF_G_DPI_AK_RDI_V_GGTG_FF_H___A_ITT_AFEGE_YFRLG_YIKFFECW,0,mask-P13240
mask-nan,MK_S_V_SL_AGAHIAEA___A__TT_RVGP_A_RVITCT_A_QV_AALRHLD_A_KTG_DR_LV___GSNLV_AENLTD__VVR_ANS_ITID_NLV_AEAGAVFDDVVV____Q_LGGLECL__I_G_AGATPVQ__GA__AEVSDT_TRV_LLDRCT_E_R_VSA_DLRF____SVLKH_DG_AV_TVVL_V_F____SG__APLR_GELI_ALN_TS_ERADP_AVREAVLA_RAR_GMV__PT_H__WSVGSFFT__V_T_D__E___GDAATR__GPVPHY_A__GVKLAA__L___A__GKG_PDAGAAPCRL__KHALAL_NR__AT_E_V_TLA_A_R_GVHDVFGITLKP_PV_IGCML,0,mask-P9WJL9
mask-BD7zl9-A-A-OLA1,MNR__LQ___LEIDKKNCCVFR__FIV_VLPPV_GL_FI__LLGNGLA_WIFCF_LKSW_SS___LFNLVV_DF__IICL__L__N_V_______GDIP_RLML_ML_M_RQGSII___VV__D_YF_VVHPHHALNKISNRT_AI_SCLLWG_TIG_TVHL_KK_MP__NGGA_LCSS_SI_HTFQWHEAMF_L_FFL_LGII_FCSA_I__S_R_R_M__HAKIKR_ITFIMV_AI_FV__FLPS_VV__RI_WLLHT___QNCEVYRSVD_AFFI_LSFT_M_V_LD_VV_Y__S_S_P_F_S_LI_RC_QR_MTGE__NNRADLEDNWETLNDNL_VIEKA_NAAQVKD__TKM____LDAQKAT__KL_D_SP_S_E_____H_FD_L__QIDDA_KLA__GKVKEAQAAAEQL_T_RNA__Q_YL,1,mask-nan
mask-BD6wbm-A-A-DGA1,M_I_Q___EYV_SDF_LKEPTEPKFKGLR__L_VDK___CI_VGL_LL_I_L_FAQEI_IG_Q__CFSPSSF_WRQ__FV_SYCW_AVQQK__LQSESG_LPLWL_KFF_Y_L__FAILLYLPPL__R_A_APHICS_LKFI__ELDKVYNR___AAKSA_DLD_R_GACSVPG_TEN_GQS_WEVSES___YPI__Q_LKTKKNSN_L_I_YISCRLLT_II_L_ACIY_G_YFS_SSL_DEF_C_IK__I_R_DS_V__QFQ__LIA_G_FQLLS_I__V_YVL_APV_VY_L_V_FRQKTDV__VYEIL_TFDVL_FK_EGYN_LSLY_LFLEENISEV___KC_KVLENIKSSGQ______L_T___M_,1,mask-nan
mask-BD6cb2-A-A-OLC1,MGSSHHH_HH_SG_VP__SHMSDMHSLLIAAILGVVE_L_E____SS_GH_I__G_LLGFEGDTA__FEVVIQLGSIL__VV_FW_RLFGL__IHF_R_____GE_KGRLT_I_IL_GMIPAV_LGL_FHDT_KSLFNPI_VMY_LV_GGLLLI_AEC__PKE__A_GL_DM_YRQA_MI____CLA__PGF_RS_AT_S__MLMGVSRYAASEF_FLLAVP____A_____YKSWGFLT__D__MFAVGFITAFV_ALIA_KTFL___KRI_FIPFA_Y_F_V_A_VY_V_F,1,mask-nan
mask-nan,MKIQAGQ_GLDDN__PG_LPDT__K__S_SQN_T_MFKLGN__S__LKEL_R_TV_KEMETQRIMTNVIAFA_W__L__FI____NNT_V_RQ_CN_LSRIHLYML__HTLKKANII___TFS_L_AELLDYLFHLLI_LNILF_LWK_L_TV_V_D_N_T_RQKK_LGVDMQ_S_DT__Q_Q_PHYVSTS_IS_M__N_THIPQ__LKNHPAY___GLE_PL_ARQ_____E_T_LQS__L_TKN_F_TLQRHSG__S_LVSA_N_NNSPHTPVTRKGYIP_SKYA_MM___S_RGKI,0,mask-Q12445
mask-BD8iwh-0-0-SQD1,MKL__ISTLIAGAA___PQ_VGPSTSA__ATRA_LV__LPP_G_F_PAG_AAK___EEL_RYRE__IMHGRF_QMA__GF_I__KC_Y__AFGDD_LA__GRA_EAINTD___LAL_LGVI_A_E_LRLLQTEPG_RT_AKIEG__WRP_SEA__V__Q_RELQQGRL_ML_FAGE_AQELVNEKP___N_QDSG_VSW,1,mask-nan
mask-nan,MS_A__LLADLEE__E__EGG_Y__EEEEPAIE_V_E_TQ_DLSGDSVK__AKLWD_K______M_IEEY_SKQAKAS_____V__APEYR__VD_N__TVE_ENEL_IIHK__R_KY_K_F_ELE_LVPNA_DYI_T__ELGNSL_KCKNNENLQQI_T___I_VVS_TASTTQ_QQL_EEELER_EE_C_MAL_LNASKH__Y_YV___MSFIAPNL_II__AST_AKI__VAGGL_NLSKMPAC_IMLLGAQ_KTLSGFS__SVLP_T_YIY_SDIVQS___DLRRK_A_LVAAK_TL_ARVD_FHE_T_GK_G__LKD_IERKFD_WQEPPP___V_PL_APL_GQ_KKRGG__YRK_K_RLGLT_IRKQ_NR_S_G_I__D__Q_DLGFS_GHL_KSGSGR_RQ_QVNE__KA__SKTLQ_TLQK__VVYGGKSTIRDRSSG_A_S__FTPLQGLE_VNP_AAEK_VA_A_Q__F_S__E__K_KGEKS_LMS_,0,mask-Q8WWY3
mask-BD6mxt-A-A-HTO1,MGQP_N__AF___PNGS_A_DH__TQE_D_VWVVGM_IVMSLIV_AIVFGNVLVIT_I___ERL_TVT__F_TS_A_A_LVMGL_VVP__A___LMK_WTF__FWC__W___DV_C_TAS_ETL_V_AVDRYF____PFKY____TKNKARV_IL_V__VS_LTSFLPIQMHWY__THQEAIN__ANETCCD_F____YA_ASSIVSF__PLVIMV_VYS_V_Q_AKRQL__I_K_EG___V_NL_QV_QDGR_GHG_RRSSK_CLK_HKA_KTLGII__TF_LCW_PFFIVNIVH_I_DNL_RKE_Y_L_N__GY___G__PL_Y__S_DFR__FQE_LCLRRSS_KA_GN_YSSN_NTGEQSGYHVEQEKEN_LL_EDLP_TEDFVGHQGTVPSDNID_QGRN_ST_DSL_,1,mask-nan
mask-BD5xj9-A-A-78M1,__A_FLVIF_YL_GSIT_GEV__KL_GVDLRNVG_GNVGAT_VTRA_G_KY_V_VF_L__LK_FIPALIAVKS_GID_WVL_F___AS_L_HM_PVFFG_KGGK_VA__LGVVF____SVA_F_FLVWL_IFLWKR_VSLA__TA_IS__LFLFVAG_P_NVL_M_I_IGALI_YRH__NIN__LTG__HRF_TLE__FQ,1,mask-nan
mask-BD5iyu-A-A-OLC1,_NSS__VNP__SFAP_ALSLAI_LL__APAF_A__G_AP__FGLDV_ITGES__D_DLGTAPGGTLNDI_ID__P_AFGQ_GD__A_F__Q__A_TDT__TD__QSDTDD_NNSRND_R_PDKSY__AREF__D_AGLTA_P_EH_R_G__RL___SGQ_Q_T__EAL_WSFETTLLNA_AGV_QR_SEYRTD_DE_A__D_DR_HV_G_I_TQW_P__R_G_RIH_A_DSG_LRRPGEEVDNLDKT_TGQLTW_GIEATGDAYNYRSSMP__Y___A_WL__DRDN_____VDDRRIAT_K_SGDV_AFGV_LGLRWNIDE_W_AGVGYARG__GGK_GEEQFQQTGLE_N_SNFT__RSRVHRFGE__R___S_L_AATLF_S_QLREDYDA____H_FW___DDSDIGTSGINAA_QPGE____QE__LVVT__F_Q_LLPA_MSQY_DE_S_LIR__GGL__PGDAY_PGTD_TMHRA__DFIW_F,1,mask-nan
mask-nan,MNRE___G_SPEE_Y_QQ_____L_LRKMGS_L___EEEFLRTYAGVVNSQ__QLPPH_ID__AED_VMAFS_SE_EDRRQ,0,mask-Q9NSA3
mask-BD2eim-D-M-DMU1,AHGSV__SEDY_LPSYVD___YPLP_VAHVKN_SA__KAL_EKE__SW_SLSIDE_VE_Y__KFKE_FA__NRSTN__KTVVGAA__FIG_T__L_IWEKHYVYG__PH_F_EE_VAK__KR_LDMK_AP__GF_AKW_YDKNEW__,1,mask-nan
mask-BD7y7b-Z-3-SQD1,_TVG__GVPSDF_RPAPTA_PAEPA_MTV__A_GPRA_GHRDKFGS_H___S_ACAAL_WQP_SQ_GMYSIDS_S_AKK_F_E_E__G_G_A___P_IES__P_TKNGF_ASPALFGKDS_I__ENPLGK__AYASSCH_FLDE_GDML___P,1,mask-nan
mask-nan,MILN___TLGI_TFG_L_F__NS_QPDIK_ASKEY_VTIGE_RI_YP_DA_GVMVS_KNTQDYP_LIQSRI___N__KE_EDPFVVT___F_LDA__QNSL__A__GG_F__DKE_LKWLCV__I_PKD_DIWVDD_TNKQKFNPDK_VGVF_QF__NNCIK_LVR_NELKGTPIQ_A__LS_KVDGG_L_A___SPF__NI_EL_FGGKSI__H_IPP_ST_AFDLPKG_AGARNVSW_I_NDQG_L__LY__N___,0,mask-P26926
mask-BD6zzy-J-J-LPX1,MKD__T_LSTA_VLTLLSVT__AG_LIE_N___PDALIAA_,1,mask-nan
mask-nan,MP_HEL_DVIN__LNL___L_L_TP_DV___Y_D_PQIK_KYRT_A___HPDK__D_PSII_KFHLL_T_TNILTN__V_PHYD___I_F___TNDIER_K_IQKLEES___TIPTTTPHPDLLQ_QRHG_LLRKL__F_LPYG_W_HLNTQDQENASQHPYY_CSTLRIVL_NF__SNNKSNCLSHLRNQ__IT___N_______SERNNYSK_DSII_YTVF_T_ITA_HVFRN_SSGN_IP_VKDISP_IP_HY_SD_N___EL__DIARLV_NEP_LL_,0,mask-P52868
mask-BD5oqt-A-A-OLC1,MNL___K_I_LLMK_S_A_GA_L___LG___LTML_IGAII_TGIF_L_GVAA_EHA_PA___SFILSGLA_VFA__CYA_F_ST_PV__SA__YSY___G_LI_WILGWDLI__YGV_S_AVA_GWSGYF__LLSGFGIELPK___S_YDPAKGTFIDLPAII__LF__F_LNL_AK_SAR_NAV_VAI_VAVV_L_LAV_VW_VK_EN_TP_MPY_FS_VATGAATV_FA_IGFDAV_TAAE_V_N_Q_D_P_GIIVSLLVC_LLYIAVS_V___IVPY____VKN_VAFALNYIHQ__VAGFISLG_IAGITTVL_VMMY______YAISRD_LL__V_A__SPTRQ_PYVNTW_TGAA_AV_A_IIP_N_LAEL_NIG_LFAFI__S_GVL__R_TQPD_KR__RV_F__V_PIL__LFCG___LQLPAMT__GFVSW_LIGLVIYFI_GRK_SELNEM__T__K_G,1,mask-nan
mask-nan,MS_I__DSDV_L_EDLAV_KI_K_NP___KM_RYILSR__SQNSII_R_K_QSVI__AAR___I__PSFSK___DINAI_Y_VY_F_L__LPSK__M_AG_N___SNT_KS_P_PLG_RAQKFILLNNVPHSKNFDDFKIL_SA__YEE_I_T_EYIGDDIASGTSNT_ESKL_TDRDLVYKGVLSVI_CIVFF_KNN_LHQELIK__E___IPSD__KIAILNITIE_LIKS_EKREYIVRLE_KSDTD___IS_RI__RTQ___GLES_E_LV____GL____T_SL_D_IIKS_GDSY__,0,mask-Q05541
mask-BD5aww-G-G-OLC1,MDL_Y_LV__FYLGVA_LLVY_VL__E_K_G__D_MGGS_DLFSARGV___LYRLTVILGVVFA_LAL__GL_P_,1,mask-nan
mask-nan,_A__GLGLLLALG_P_LLA_WG__WG__QTTS_NENSTVLPSST_SS__GN_RPEA__AI__VFSLL_ALL___G__L_VR_L_EK_QT_GTYRPSSEE_V_ARVP_T__LKLPPE_RLI,0,mask-Q9BUF7
mask-BD6a2j-A-A-OLC1,H_L_D__N___KALGVLTT_VML__LIG_A_VTKTGS_Q__GRQ_PLCH_R_FPE_NPA_IIEWSHRF_SGISI_LVLSL_F_SWRKITPI_R_T_FLAIM__IF_F__A______VVF_S_ALIMA_H_G_S_ISFAS_L_L__LI_E_DKS_RTLVK__Q_GKK_QFHMIGILIY_YIVVYTG_YVRH__SSLAC_N_PLCSPLNNGL_T__H__V_MGHRAAA__LFVWIIVAAV_AITSY_DQKQIF_GWI_CLI_ITLQAL_G_MI_YSELA____L_HSF_I__L_G_LCYFL_LI_R_RY__,1,mask-nan
mask-BD7dl9-A-A-OLC1,_NLKLQLK_L_FLQ_CLWGSWLTT_G____V_L__D_A_I_A__S_LGIAAVFM__LLGIVAD_W_S__W_YAI_H_I__I_LF_AA_VT__EA__LVI_I_S_AYMPT_GLIN_ISYYR_QNAGMDIV_DF_PI____TIGFI_AMWV___SGFE__HM_LY__AALSAILVLFTLTLPH_PVA__QANQ_WT_LLGLDAF_LFKNKRMAI_FI_SM_LG_ELQ_TNMF_NT__HS__KDP_FAS_FIVQHAS__MSISQ__E_LFILTIPFFLSR_GI_NV_M_SIV_____FA_F_YGDP_____VLL_LSMIVYGCAFDFFNISG_V____EV__AIR___QGM_L_MTN_FGC__GGIVSG_VVE_YT_NG__DWQTVW_IF_G_S__LAFAFMAMFKYK__RVPTG_QTVSH,1,mask-nan
mask-BD1pob-A-A-GEL1,NL_QF_NMI______RSWWDF_DYGCYCGRGG_G__VDDL_____V_D_CYNEAEKISG_W__F__YSYEC_Q__LT_KGG_NACAA_VCDC_RLAAI_FAGA_Y_DNDYNIN_KARC,1,mask-nan
mask-BD6igk-A-A-OLC1,_G_LAPAE_PKG__TA_S__RTIS_PP_QG__E__E__KYI_TVVSCLV__LGIIG_S_LLY_IYK_KCMRNGPNIL_A_L_LG_LLHIVIAIPINV_KL_AE_WP_G__M_KLV_FI____VG_TV__LCALS_DRY_A_ASWSRIKGI____WTA_EIV___VVS_VLAVPEAI_FD_ITM_Y_G__LRICLLH__QKTAF_QFYATAK__W_F_FYFCLP_AI__FFYT_MT__MLRKNIF_M_R_DEG__LKI_KDTE_Y___GI_HLLTKS__LN_AK_EL_KAI_RN_N_VI_KDE_EKLFNQDV_AAV_GILRNAKLKPVYDSLDAVRRA__I___FQM_E_G_AGFTN____L_Q__W_EA_VNLAK_RW_NQTPNRAKRV___FR__TWDAYLNDHL_QR_E_AKT_FCLVLVF_LCWL_LHLARILKLT__NQNDP_RC__L__LL___YIGINM__LNSCANP_A____S_RF___F_SALCCW_QS,1,mask-nan
mask-BD4xt1-A-A-SIN1,DYKDDDDAM__TT_T_EL_T_FD_DE__TP__FTDVL_QSKPVT_FLY_VV____SIGNFLVIFTI_WRR_IQCSGD______AAA_L__VCT_PL_MQY__DH__LA_V_CT_L_AC__V__FASL_F_TEIA_D_YYAI_YM_YR_VKQACLF_IF_W__AVIIA__HFMVVT_KD___MTD___L__S_PI_LN_ELMLGAF_IPLSVIS_C_YRISR_V__SQSRH_GR_VR_LI_V_LV_IIFW__YHL_LF__TLKLL_WI_S___FERSLKRAL_LTESLA_C_CCLN_LL_VFVGTKF__EL__LL_EF_QR_FS_DVSWYH_MSFSRRSS___RET_SDTLSDEVCRVSQIIP,1,mask-nan
mask-nan,MQL_HQ_D_FPE__VTLLL_KD_KN_GDLRRK__EGT__G_LI__TVIVDPF_ILVAA_KAVHLY_L_KMK___L_T_II_NL_PNN_ISEA_K_FGI__N_T_ILIVYIEEG_K_IN_E_LISQVE__QV_LKN_P_IMN_TEVKK_YK___Q_ESIGTL_DA_I_RMSTKD_L,0,mask-Q9Y3C4
mask-BD8gng-A-A-OLC1,DYD_D__M_IM__SVYI__ELAIAVLAI____LVCWAVWLNSNL___TNY_V_S___ADIL_GVLA_PF_I__STGFCAACHGCLFIACF_LVLAQSS_F_LL_IAI_RY_AIRI___YNGLVTGTRAAG_IAICWVLS__IGLTP____N_C_QP_EGKQ_S_GCG_GQ_ACLFEDVVPMNYMV_F___A__L_PLL_MLGVYL__F__A_RQL_Q_ES_PLPGERAR__LQK______SL_I_AGLFA_CW_PLH_INCF_FF_PDCSHAPLWL__LAIVL_HT_S___PF_YA_RIREFR_TFR_II_SH__RQ_EPFK_HHHH__H_H_,1,mask-nan
mask-nan,MF__AVFF_KSKSK_ILVRMVS__GTGFC_NTKR__L_EKLTLLHY_P_V_Q____VEKKK_RS_,0,mask-O75394
mask-nan,MAAAI_SS_IR_KRQA_EREKSNA_KCVS_P__GK_SCD_NKLN__SR__L_G_KKR_R_RP_P_LK_IVT_L_SRQGYHLQLQ__GT_D_T_DED__YT_FNL_PVGLRVVA_QGV__KL___MN_EG__YTS___TPEC__KE_VF__YYVT_SSMI_RQQQS_RGWYL_LNKEGEI___NH_K_N_PAA_FLPKPLKVAMY_EPSL__L_E_S_S_SGT__KSRSVS_V_NG_KS_SHNEST,0,mask-Q92913
mask-nan,MFLSAVFFA_S__KNI__R__S_A_TGFC_NTKRNRLREKL_L_HY_PVV__R_L_VEKK_I_SL,0,mask-O75394
mask-BD6k61-X-X-SQD1,MAKA_I_PVANTGAK__Y_F____A__LLAVNFLV_AYYF_IIQ,1,mask-nan
mask-nan,_SR_VDKAN__L_RFQ_QQ_ES_G___DY__YQR__NV_K__SIKEANEWKRQVSK__K_KSTRIYD__L__MQI_ELNDE__NLFK_WKR__WHID_TLM_KKT_RK___D_HVLMNSG__ING_RYFGRA__LP_VKEW_K_SQ_QNDGGS_NT_C_PK_RN_FYYH_KV_AAL_EFEANWT_ILKAHY_VP__E__EEM_RQTQ_IH_P__ADMEHWLV__RKK_LMDE_NL,0,mask-P21374
mask-BD3kq0-A-A-JIM1,Q_PLCA_LVP_P_T__TLDQ_TG_W_YI_SA__NEE_NKSVQ_IQATF__F__NK_E_T_FLRE__TRQD_CIYNTTY_N_QR_N_TIS_Y_G_Q__FAHLLI_RDTKT_M__FDVNDEK_W_LS__AD__ETT_EQL__FY__LDCLRIP_SD__YTDWKKDKCEPLEK_HEKE,1,mask-nan
mask-BD6l7o-A-L-SQD1,E_G_D_QGQ_I_ALQ_L_LSHDLAKLLW_PLPM_M_L_VATVG_LVAV_LERKI_A_V_QRI_PEYI_PLGILA_L_D_L_L___ED___AN_D__L_TLG_A_VVI_VFLSYI_VP_G_NLLI___A__V_LW_A_SSIA___LLMAGY_S_NKYS_LG_LRA_AQSI_YEIPL_LA_L_V____NGLGTVEIV_Q_SQYGILSWNV_RQP_G_L_FW_AALAECE_L_F_LP_AEEEL_A_Y_TEYAGMK__LF_L__YVNLV___LLV_VLY__GWSFP_P_ET_ANLL_V_ET_PFLQ_A_A_L_I__TLI__Y___FLAILLRWT_PRVRIDQ_LDL_WKFL_PV_LVNL_LTAGLKLAFP_AFGG,1,mask-nan
mask-BD5oge-A-A-OLC1,MSEL_T_HAGHNPWAS__NSG_ISI_SY_G_SILMTVT_K_VVNLKD___N_VML_____VCTI__IILRILGY_K_R_LN_TDA__WF_ISF__V__IYTSSKA_Q__AVPIYTIF_NLTII__A____L_FG_SVTS_ELSS__LM__SS__ATW_DQQAVAA_AA_LAEG_A_AV___NPGYFWMF_NCITSA_FVL__RK_I_LTN_K_FDTMFYN__LALPIL_LF_FC___WS___L_N_F_N__LT_MII__VASVGIS__SGW_VRVTSSTTY_MVGA_N_LPIAL_G_IFFDAP__F_SILSIFIGFLS_IIYAV_K_KK_QA_PLRK,1,mask-nan
mask-nan,MEQYTAN_NS_TEQ_VVQA_QIQ_QQQ_GV__VQLQ_EAQVA_ASGQ_VQTL__VQ_Q__MVQV_G_Q_IT_TGQ_IMVQAV__GQGQ_IM_V__S___GLQQ_QLVP_G_IQ__GGQ_VQVQG___QT__IIIQ_PQT__TAGQ_QTQ_QIAV__QQ__QTA_____VYQPVN__GTILQQ__VPV_G_ITIPAA_L__AQ_VQTGANTNTTSS__GTVTVTLPVAG_V__SGGM_MMV_GAGSVPA___IP_PG__MLEEE_LYV_AKQYH_ILKR_____KLE_EGKI_KER_KY_HESRHR_A__R_RGEGGRFF_PK_KDS____D_NQADEEA__QIIRV_,0,mask-P23511
mask-BD4e6a-A-A-0O91,ERPT_YRQE_KT_WEV_ERYQ_LSP_GS____FDTKT_LRVAVKKL_RP_QSI_HAK__Y_ELRLLKHMK___VIGL_D_FTP_R_LEE_ND_YLVTH__G__L_NI_Q_LT___VQ_L_YQIL_GLKYIH__DIIHRDL__S____NE_CELKI_D_R_YRAPEIML_W_HY__TVDIWSVGCI_AEL_TGR_LFP_TDHIDQ_KL_LRLVGT_GAE_L__I_S_SARNY_QSLTQMP__NF_NVFI__NPL_VD_LE___VL__DKRITAA_ALAHAYFAQYH___D_P_A___DQSFES__LLIDEWKS_T__E__SFVP_,1,mask-nan
mask-nan,M_ITFN_VK_S_G__ES_DIVNA_RNS_GDNFK_Y_PL_TAN__A__GAGI_INQTV_N____S_VD_I_L_VIRQV_LNNPLKKFK_GQ_P__R_IEEIYTD_TK_KQ_D__EAEQK__E_EM_NVKT_F_ERNRQGF_HQTIQ__SLK__FV_W__F_SFVSSIINAIY__A_V___EYM_LLVD__Y_KG_FT_V_IDE_T__TG_LTE_VK_M__TARKLTLP_G_RDWNS_AVRTRS_ME_LHL_I_ADLEAE_DV_VLA_AF_MNRTDF_GN_TVIDG_AST__EA_L_D_D_FMV__NLHKMETV_N_R_LYWNYYY__WQT_SVSR_AN__AFV__D___VT___VSPNI__VKQG_Q_Q_TAYVR_TNAK_HKV_WSVEGGS_GTAIT_DGLLSVSG_ED_Q_T_KATVDI_TEDK_KLVVGEA___IR_NNAS__AQA,0,mask-P13849
mask-nan,_T_VEDL_VV_PINQW_APSAFLYPLPRG_L_P_QSPDEA_A_NS__FLVPGAEYNWKN___RKPVWIYG_RCHG_DFRPR_IIH_MG___NPMD_R_Q_LT_IGGDSP_RLVPF_AV__NQMALW_IDP_I_I_GCSF_N_GG__IYLERSERDT_F_FGRG_VMITDCRF_G_R_GI_NGG_VEYGLASQ_NFSD__IC__VVG_NWTRS_N_ASN_R_MY__TQ_M_Y_GAAGNFNPA__SF_S_T_NH_DYGGNLWPTEFQ_P__VIN_AGFYFDNAA_RL__FS_N__WY_DMK_I_FL_DS_F_I_G__LY___G_TG_IA_A_A_AAK_FVIGCQ_NA_QQ_VNV____I_PEV__R_____Q_AA,0,mask-A9CB85
mask-nan,G_L_CGRNG__CIP_RCPVPMRQ___C_GRPV_CC_SW,0,mask-P46170
mask-BD3i5v-D-D-DGA1,_RSS___HH_S_GLVPRG__M_SKK_DTDL_LVSHNV_MLSTVL_PN_GQYKRADLIG_SSYIKNN__VI__EAFDNG___K__SNVKKE_PYQ_PVLG_SQSGWDKT_GS_S_TVAED_G_A__SKYPI__KI_HVFKSGC__D_DS__GFVY_KIEK_GK__HVIG_HTQSEDSRCG__HDR_IRAE_MKEIS__VKKKN_P_DET__I_GDLNVN__TP__KDMLKNLN_N_VLY_GHNSTW__Q__SI____YPNG_P_HLD_I_TDK_HKQPKQ__NE_VTE_P____V_GYV_N_FSD__P_KA_SK,1,mask-nan
mask-nan,MST_NR_IDL__D_NVPYG_LMQ_MDVDD_V__STSKPVDL_DFSLRGS__SSLEDGAETV____TAIV_AA__V__IS___SA___I_SKA__ERDRYNPRQRL__YY_V_IT__AV_SA__SFRIMEGK_YISDG_TQ,0,mask-Q7Y5D9
mask-nan,MA_PAPPEHAEEGCP____E_Q_PPSP_PP_ASPA_R_Q_EEEA_EAGAAEGA_LQV_EA__RA_AA_TWLLG_PV__L_CR_D__LSW_RP__SL___VAANLL__F___TPW_VYH__S_M___RVI__II__MVLSR_RGAQLW_SLS____VIN_KPDE__R_S_CIAESWM_FSIFLQEM_LFK_Q__GKFCL_VC_V_TF_TI_GS__PGVI_SY__LL_AFLCPLF_CNDIGQ_IYSKIK_VLL_LDFG__E_INQKKRER_EADK__SHKD_SEL__SALCPKI_L_V_AKEL__SDTDVSEVS_TDNG_FN_S_G_TPQTD_SD___RPSE___SR_LS_FPSLE__MGT__E_E_S_GLP_E_KRKK_Q__SGHRPSKET_SA_GLTLPLN_DQTFHL_S_LAG_VIT_AVT_AIKDQ_EGVQ_ALSQ__PIPEED__TEE_D_FELLD__ELDQI___LG__Q_Q_A_AQ_NKKSSG_LSNLL__H,0,mask-Q9H6L5
mask-BD6zzy-J-J-LPX1,MKDFTT__ST_PVL__LS_TVVA_L_IEIN_FF_D_L_AAF,1,mask-nan
mask-BD6rz6-A-A-OLA1,MEPNGTF__NNSRNCTIEN_KR_F_PIV_L___FV____NGL__Y_F_QPYKKSTSVNV_M___A_SNL__ISTL_FR_DYY_RG_NWIFGDLACRIMSYS_YVN_YS_IYFLTVLS__RYLAMV_PFRLLHV__IRSAWI__G_IWIL__A__IML_D__SEQN__VTS_L_LNLYKI_K_QTM__IALV_GCLL_FFTLSICY_LIIRVLLKV___LED_WE_L_DN_K_IE__DNA__VKDALTKMRAAAL_AQK__PPKL_DK_PDS_EMK_F__GF_I___QIDDALK__N_GKVKEA__AA__L_TT__AYI___L__H_KALT__IIT_I_FF_CFLPY_TLRT_HLT_W__GLC_DRLHKA__ITL_LA__N_CF_PLLYYFAG_NFKD_LK_A__K,1,mask-nan
mask-BD6iu3-A-A-OLC1,_HKE_HFTA_EIV_DII_GVSD_LTVPFA_AA__SGANASSSI__T_GI__V___AI_M_LG_____KS_ADNY_RELKREQ_EIIRVPDT_A___AE___RY_IE_HEY_P_VNALR_KPQ__LD_MM_F__GLEK_DPKRALQS_FT_AIAY___GLVPLI__MFIPVARKAVVASVILTLMA_L_FGYAKG__TDN_P_KSAL_T_LIG_IAS__AF_MAK___SENL_F_,1,mask-nan
mask-nan,__RHGKNCT_GA_YTYHEK__DT__SG__TQN_RLSRDAVKD_D_C_____P_HDPVV_PD_YLY_R__IL_YIL__K_EIA_Q__AY__Q___RREEQKEL_RAAS_DHV_G_L_K_SA_VSRPLN_F_AKALSGTSPDDVQ__P_VG__S_DKDKVLP_FWIPS_T_EA__TKLEKPSRT__CP_SGK_L__SD__PVHFT__DS_VD_VGL_TR_ERYVCAVTRD__SNAT__AVLR_SGAVVT_E__EKL__KD_VDPV___KLTDRDIIVLQRGGTGFAGSG_KL_AEK_RP___A,0,mask-Q9Y314
mask-nan,__NG_I_SVFS__YVT_RRPYEKA__DQEL_IIGEYG__NK___WRVKY_LA_IRKAARE_LTLD__DEK_LFQ__ALLRRL_RI_V_D_SR_KLDY_LGL_IE_FLERR_QTQVFKL_LAK_I_HA_VLIRQR_I__R_Q_VN_PS_VVRL_SQKHIDFSL__PFGG_RPGR_KRKN__K___GGG_A_EE___,0,mask-P55935
mask-nan,MTQI_I_EDE_NL_RFLELELTHENYNVDTEYD_QDGL_K_LS_YYDLIIL__MLP_IN__E_CR_IRQQQST_III_TAK_D_YDK_A_L_YG__DYIV_PFDIEE_LAR_R_IL_RQP__D_IDVN_I_I_KN__K__VNGAEI_LTKTEYDLL_LLA__K_HVMQ_EQ_____WGYNS_V_T_VV_V_IRYL_NK____DRDKMIE_VR_V_YV__,0,mask-Q9KJN4
mask-BD7qhm-E-E-DGA1,C__APPG_VL_DFL_MG__D_____A__M_N_WSWV_VAA_I_GIIMWGL_LTAIFA_G_K__E_RGEGEF_K_LQYNVP_ELVLTI_PII_VMVLFFF__Q__DKVTA_D_NPEVTV__TA_QWN_K_GY_E_D_SLAPG_Q_Y___DPER_AAAEASKKDPSG_NP_HG__KSDV__LEF_RIETLGT__EIPVMVLPV_TP_E_NLASADVAHS_WV___LFKRD_YAHP__NKSQ_VFQIEE_T__GA_VGRC__MCG__H_M_NFE_R_VD_DSF__YISFRDSNP_AT_AQ_L___GQAP_AT_TSPFV_DR_AT__GEN_QSN_,1,mask-nan
mask-nan,MATLSMTLS__KSLSA__RRLSP_NTS_F_ST____RT_S____I__SSST__SA_SL__HTSYTK_N_R__SVQS_A_VV___Q_KIT_KVYFDISVGN_VGKLAG_IV_GLYGDDVP_T__NFRALCTG_KGFGYKGSTFH_V_RDFM_QGGD__KG_GTGGKSV_GRTFKDENF_LS__GPG__SM_NA_PNTNGSQFFICTI_T_W__GRHV____VIE__EV_KLI____TDRGD___K_VV_ADCG_LPMS_A,0,mask-Q9ASS6
mask-nan,_PGHELEDVINQRLNLYDV__L_TP_DV__I__DLP__KRKY_TLA_KY_PD__PDNPS_IHKFHLLST_TNI____DVRPHY___L__FLR____I_RNKLI__LEESESST_P_T_P_P_L_QIQR_GE____LKHFNL___DWKHLNT___EN_S_HP_YDCSTLRIVLDN_LQSN_K__CLSH_R_QVFI__SAN_IY__Y_SERNNYSKDDSI___TVFDTPITAQ_VF_NW_S_NLI__VKDISPLI_LHYY__FNLET_LN___ARL_SN_PILLD,0,mask-P52868
mask-nan,MT_RRR___PAG_TIPPV_E_SGISEVKALKI_SR__NI_RKI___T_VTPS_S_SAYLE_ETS__SG_SGLKL_C_VHG___LPRSS_FSPH_VV_TH__YA_F__KQRR__LRDPTE__LGIHLEA__RG__IAD_W_K__VD_IISIIEG____EASKTQG_EVW_____L_G_ITV_SA_L_DAGIDCVDT__GGVAALVQDSDGS_EIVVDPIP_E___ILAACC_AYLP_RD___NLWF_GDLPASDMDL__ELVEKGIQA__SA_R_____LTETVG,0,mask-P0CT46
mask-BD3t6e-M-M-HTO1,MA_YQTIYTQ_QARGPHI_VS_EWGDNDRVGK_FYS_WLGK____QI_P___GA_GIAA_AFGS_AILIILF_M_AEVHFDPLQFFRQFFWLG__P_KA__G_G_PPL_DGGWWL_A__FMTLS__S_W_RV_SRARALGL_THIAWNF_AAIFFVLCIGCI_P_LV__W__GVPFGI_P_IDW_T_FS__YGN_Y__P_HGFSIG_AYGC_L_FAAHG__ILAVARFG_D_EI_Q__D_G__VE__A__WR__I_FNATI_SVHR_GW_FSL__M_SAS_G______FVDN_Y____KH_AA_DYP_Y_P_TPDPASL_GAPK,1,mask-nan
mask-nan,M_FIK_VKS__Y_SRYQTK_RRR__G_TDYY__K__IA_AK_K__APKY__VVRFSNR_V__QIVSS_VNGDYVLAHAHSSE_PRYG_K___ANWTA_Y_TGL__AR_A_AKVGLA_K_E_VTEPEGEF___E_IE_GP_PFKVF_D_GL_RTSTG_R_FG___GAS__G_F_P_SP_RFP_FD_____LDDET_RK_IYGG__AEYM_MLIDDDE__YQK__SGL___G_ESDQLEDIYAEA_AKIREDPS_QKS__DA_AFKA_SLK_TQRKLT_E_RKE_F_A_VIEAGRA,0,mask-O74306
mask-nan,MAA_KD__G_G_MA__NGRRLHLG_P__VF_E__DS_M_Q_G_ETADTVLKKLD_QYQKYK_MELNLA_KK__L__QIPEIK_T_EI__YM__KKES_NSMETRFLLADNL_CKASV_PTD_V_LWLG_N_MLEYDI_EA_AL_E_N_ST_TKNLDSLEED____RDQF_T_EV__A_VYN_D_K_RNK___TKN_A,0,mask-P61758
mask-BD7w74-A-A-OLC1,MI_T_L__GFIVM______IY___AHY_PL_GHT_I_AAVP_IAAT___CMYLGVG_LIKVDGSV_Y_A_YV_WA_TTPL__AGVVSSAY_G_RDLY_KS_YIT__VTLD_I_IVT_LI_SL_PYGVIKW_FF_WSCAA_AG_LYL_WK_V__IA_QQPG_SP__RRN__FLT_L_LIY__V_AVGPEG__AV_DATTVWVF_V_DVLA_VV___T_ER_LRAVPVGRGYLEHHHH_H,1,mask-nan
mask-nan,MS_IG_G_D_S_T_F_PD__V_QIEY_AKAV_NSGTAV__KC_DGIVLGVEKLIQ_K_M_P_SNRR_HSV_R__GMA_A_LAAD_RQIVARA___ATNY_S_YGE__PV___ADR_ASYVHLC__YW_LRPFGCGVIL__YDR_GPQ_Y_V_P__ISYRYFGAA_G_GKQAAK_EIE_LKLS_M_CREG_IEV_KIIY_VH_EA__KA_EL_M_WI_DES_R_H_KV_D__LQ_A__AATAALE_MDAD,0,mask-O24362
mask-nan,M_QT_KLKL_LQ_FA_N_VK_Q_FNP__VM_HEKK__T_M_EF___ILQEVM_N_K__QLG_YEPMEGT_K_F_FWAD_PGAYW_GEGQK_ETSK_T_V_ATM_A_KLGV_LP_T_EFLNYTYSQ___EMKPMIAE_FYKKF_EA__L_QGNNPF_K_IAQSIE_TNKVI_GDFTQ_NI___E___E_DELE_NAF_SK_QNRSL_RK_V___T__RI_DRNSDS_D_L_V_NLKSSNLKR_EL_TG__D__IY_I_Q__EYKIDETA_LST_KNEDG__V_LFEQDMV_LRA_MHVAL_IADDKAFAK___ADKRT_SV___V,0,mask-A4ZFB3
mask-nan,MMATQTL__DSYQDGQ_MQVVTE__T_Q__N_S___AE_VSPPPV_SQTPMDV_KQAIYRHP_FPL_A_LF_KCE_STQGSEG___ASFDV__E__VR__EKE__PF_CEDPETDN__V_A__V_R_HLLEL_KVNEL_KD_CSR_I__L_TKMNSE_LLS__P_S_Y__VQS_Q_QS_ITG_I___GIVVPASALQQGNVAMA___GGT__Q_VTV_TPQ_QVVTQ_LSPGTI_IQNSQLQL__N_DLSIL__DDGSSKNKRGV_PKH__N__RSWL_QHI_HP__TE___KQIA_QTNLTLLQ_NN_FINA_RRILQ_M____C_____TKKKTAQNRPV_RFWP_S_ASGV_QPPPS__TM_EG__VTI__PV___VD_LQ_LS_DGATLA_QQ_MMAGQ_EDE_V_STE_DAGALAP_HISG_V_E__DSL_,0,mask-P55347
mask-BD6zzx-6-6-PLM1,_RAN____S_FPAH_E_CKLPG__GF__LGLG__EERLAWFAE_E_V_C_WAMLGV__IL__EIV__DVFWY___ATVEL_F___GL_AFELFVMHW_ESRRGYDIK__G__DQ_PIFSNF_LP_HEP_YPG_IFA_FVPG_LEE_KVK_IKNG_L_MLAF_GFTM_AQ_TGK_PL___R_HLDNPL_TTI_S_A_VVP_QAVV_PCAIP_TIEF__ITI__GCF_HSLW_,1,mask-nan
mask-nan,MK_KTGA_ILALS_L_TM_FS_SALA_IEEG_LVIW_NG____NG_AEVGKKFE___GIKVTV_HPD____K__QV_ATGDGP___FW_H__F_GY_Q_G_LAEITPD_AF_DK_Y___W_AVR_NGKL_AY_IA_E__SLIYNKDLLP__PKTWEEIPAL_KEL_A_GK_ALMF_LQEPYF_W___A___GYAFKYE_GK_DI_D_GV_NAGAKA_LTFL_DLI_NKHMNAD_DYSI_EAAFNKG_TA____GP_A__NIDTSK_NYG__VLPTF__Q_SKP_VGVLSAG_NAA_P_KEL_K____NYL_TDEGL_AV_KD_PL__V_LK_YEEELAKD_RIAATME__QK_EIMP_IPQMSA_W_AVRTAV_NAAS_R_TVDEAL_D_Q_R_T_,0,mask-P0AEY0
mask-nan,__ISI__V__LYVAK__KANTAALTTAGDI_PKADTAKTT_YFQ_MSPA___A__KI__KHV_YAK__P___LAHKLVRYS_TLDADVS__P_AGQ_Y_LRLAFRQY_G_SEEDQYFK_GEV____G_TAS_FYKK_AI_LA___ENKTE_TPLVN_Y__SAAA_STDVP_TSAT_E__L_ATDYNQIII__TEQPW_LG_MPQAF__FT_____I_VD_E__L_GVAT_V_PTKTV_DGH__ADL_YFCM_A__DIYR_MGY_NI_KT_Y_VD_GA_YDVL_IHY_Y_GSNE_VQKSEKTITLVAVDDGS_T__N_LI_AIN_AS_LTI__L,0,mask-A0A385DVS7
mask-nan,_S_SV__NK_LSA__DVNAS__SVP_E_LTR_P_Q_RWALWYLKA__NK_W_DC___VSL_DTVEDFWS_Y__I_SAGGL_W_____LFKEGIKP__EDVN_V_G_RWLVVVDK_KLQR_T_L_DHYWL_LL_AIV_EQFDE__DY__GAVV___Q__DKV_LWTRDAT__D_N__IG_VLKQK_SIPDTEILRY__H_D_SART_STVKPRI_LPA_DPAPVKEKGPA__TSPS__G_E_TGTSPATP_P,0,mask-O61955
mask-nan,MCV_ARRL__GPCAA__LLGLGLSTVTGLHCV_DT__SN_RCCH__RPGNG___RCSRSQN_VCR_C_P_FYND_VSS_PC__CTW_N_R_G_ERK_LC_ATQDTV_RCRAG_Q_LD__K_G_DCAPC__G_FS_GDNQAC_PWTNCTLA_KHTLQPA___SD__C_D_D__AT__QETQG_PARPI_VQPTEA_P_TS__P_TR_VE_P__R_VAAI__LGLVL_LLGPLAILLALY__RRD_RL__DA_KPPG______PIQE__ADAHS_L_KI,0,mask-P43489
mask-BD6cb2-A-A-OLC1,___SHH_HHHSSG_VPR___M_DMHSLL_A_ILGV__GLTEF__VSSTGH_II_GHL_GFE_DTAK______QLG_I_A_VV_FW_RL___IG_H_GRPLQHEGES___LT_IHI_LGMIP__VLGLL_HDTIKSLFNPINVM_ALVVGGL__IAAECLKPKEP__PG__DMT_R_AFMI__FQCLA___G_SRS_ATISGG_LM__SR_AASEF_FLLAVPMM_G_TA_DLYKS__FL_SG_I___AV_F____VVALIAIKTFL__IKRI_FI___IYRF_VA_AVYVVFF,1,mask-nan
mask-nan,M_S__HR__SG_E_LARLE_RSSLKEI_PNLFADEDSPVHG__LEF__PEGTGK_EM_YHL__RC_L__S____EV___F_DT_YHFDMLRL_T_LE__L__SSEEI_KYCLGRF____CSSST_L_LTLYS_ES_FCSHP_LCL__LDSLSAFYWID_VN_GESVNLQE_TLRK_SQCL__LVN___LVL__TTQTI_QKASSSSE_PSHA_RRL___DI_YR_YLCK___Q_V__RMF_SKQDDSQ__NQ_SLVSRC__SNSLK__F___GES_VEFC,0,mask-O43543
mask-BD6ucb-B-G-PAM1,TVVVT____SP_VM__KNHEMLEGNE_Y_GYCVDLA_E_A__C_FKYK__IVGDGKYGA___DT_I__G_VGE_VYG_ADIAIAPLTITLVREEVID_SK__MSLGI_I_IK_PQK_KPG__SFLD_LAYEI__CIVF_YI__SVVLFLV____PSL_GR_V___WWFF__I_ISSY__NL_AFL_VER_V___E__E___KQ_E_AYGTLDSGST_EFF___K_AVF_KMWTYMRSAEPSV_____A_GVARVRK_KG_YAYL_ESTM_EYI___K_C__MKV__N_DS_GYGIATPKGSSLGNAV_L_VLK_NEQGL_D__KNK_WYDKGEC_SGT__LSLSNVAG_F__LV_G_GLA_LVALIEFC___RA_AKR,1,mask-nan
mask-nan,MAP_GS__QQS_E_LLLQ____N_SAKSS_L_FGN_FI_SA_PI______WHMDLIQSAVLY_VM_LVST_LVA_AYKN__FVLKHKVAQ_REDA__K__TR__SEA__RKMSRK_KDERI___KNEV__Y__T_FSI____TL_LVVVIVASF_ILKNFN_TVNYI_SISA_SGLIALLSTGS_,0,mask-Q9UNL2
mask-BD8j7z-A-A-SQD1,A_E__LGAQPPLGFF_PFG_L___CTQE___R_R_VEIKHGR_A_LAFLGQ__TRAGI_L_GSINYAG_SFD__P__VAALF_PNS_P__GLVQ_IAFIGVLE__FMRDV_GTG___VGDF__G___FGWDSFDE__K__KRA_ELN_GRA_M__ILG__VHEEIIPLGYDP__PII_HLQ,1,mask-nan
mask-nan,MSWV_RFYQGKHRGVEVEL__GRCVFGSDPLQ_D_VLSDSEIAP_H_V_M_D__GIRL_DSAEPLL_EGL_VPLGTLLRAGTC__VGF__W_FVAVGQPLPETLQ__TQ_KEPTD_LP_SRLG__L__L_LLLLL___GML_HGLW___NQDGQ_V__E_RRLLAT_AYK_VV_T_PKE_E_WL_TG_IQ_N__R_S_QNFL__H_I_F___L_SME_LR_GAEFILQR_GYH_IE_SLA_Q_GW_QLNG__S___QKQKIDSL_Q_EVPGLLG_EN_VRIAGNQ_KRLD_LLEQ__LDSDFT__VKG_LI_LR___ND___S_F__LQ__FRQ_FGNR_KLELV____Q_Q_DELNF_V_AISL____YVV_DN_QRY_E_AILNNG_R_L_I__D__IVSKGKREF_IQL_G_KPR,0,mask-Q01245
mask-nan,MQIFVK__TG_T_TLEV_P__TIEN_KA_IQDKE_IP__Q_RL__A_KQL_DGRT___Y_I_KESTL_LVLRLRG_A_K_KKKS_T_PKKNKH_R_KVKLAV_KY_KVDENG_ISR_RR_CPSDEC_AG____SHF_RH_C_KCC__YCFNKPED_,0,mask-G1SK22
mask-BD7w74-A-A-OLC1,_IQTPLLI_FIVMALAS____IKG_H___LLGH_L_HA__PF___TA_L_MYLGVGN__K_DGSVTYL_RYVDWAFTT_LLLA__VSS_YYG_RDLYGKSG__TAIVTLDV__I_TGL___LAP_GV__WVF_A__CAAFA_VLY_LWKP__SIA_QQP___PAY_RNV_F___L_LI_P___AVGPEGFWAVSDATTV_VFLVLD__A_VVYAFTSE_NL_A__VGRGY__HHH_HH,1,mask-nan
mask-nan,M_NPQ_EKV_VVVGDDHPLFRE__V_ALSLS___NVVGEAD_G_AA__LIKAH_PD__L_DYRMPG_DG_QVAAAV__YE_PTRVL_I___D_PAIVYQA_Q_GAAGFL_KDSTRTEI__A__DCA_G_D_V__SLVGGLAGEI__RA__V__VLSAREREVLNRI_CGQ__PA__AE_Y_APST_KT_VQ__YE_L_V_D__AA__EAMRQR_LD,0,mask-P9WGM5
mask-nan,MNTKLV_V___S___F_SVTA__P_K_L__DEAYET_DDER_YFKR__KDN_PAATCSNVK_NNNCSS_KYK_NCA_TCGE_,0,mask-A0A330KUG5
mask-nan,MA_VIN___L_LLT__NL__SQ_ALGT_IER__SGL_I_SA__DAA__A_ANRFTAN__GLT_AS_NA__GI_IAQ_TE_ALNEIN_NLQR_R_L_VQSANSTNSQS___SIQAEI__RL_EID_V_GQTQ__GVKVLAQD__LTI___AN__ET_D_DLK_INS_TLG_DTLNVQQKY___D_A_T_TGYADTTIALD_ST_KAS_TGL_GTDQKIDG_L_F_DTT__YY_KVTVTGG__K_GYY_VS__KTNGE_TL__GAT_PLTGGLP_TA_E___NVQ_ANA_LTEAK_ALTAAG__GT__V_KMSY_DNN_KTIDGGLAVKVG_D_Y_ATQ_KDGSIS_N__KY___DGTSKTALN_LGG_DGKT_VVSIGGK_YAA_K__GHNF_AQPD_A__AATT_EN_LQKID___AQV__L_SDLG_V_N_F_SAITN_GNT____TSA_SR__DS_YAT_VSNMSR_QILQQAGT_VLA__N_V_QN__SL_R,0,mask-P06179
mask-BD4ogq-B-B-8K61,_ATHK_PDLS__TL_AKLAKGMGH_Y__EP_W_NDL__VF_I_IM_SF_CIVALAVLDP_M_G_P_N_FA_PLE_L_EWYL__VF__LRSLP__L__VLA_A_VP_GLILVPF_ENVN_FQNP_R_PVATTVF_FGTLVTLW__IGA__PLD_S__L_LF,1,mask-nan
mask-nan,MTD_TNS_K_VIS_L_R_TL_DR_L_RPVAG__PI___P_LQ_VKIGGRV_DRGAD_IL__V____KLL_EHRLLILTG_G_R_RHVF_VGL_L_L___SLAPL_ASEA_Q_G_ILAAMLASE_VSYVEHP_VADQ_AIHLSA_RAVVG_AF___H_HE__GSR__PHR_DTGAFLLADAF_A_G__IVENVDGIYT_DP_GPDRGQARFL_E___TDLAKS_GPLPVDRAL_D___T_RHI__V__VN_LV_G__TAALRGEH_GT___T_VR_A,0,mask-P84308
mask-nan,_ASRVDET_V_SYY_Y__PET_YTYQQPN__Q_L_SVYG_DDISR_VAR__LD_TK__KLRKS_K_QIADLSG_F_T__TR_NG___QIA_ILF_NN_DMMIQPP_QGQNMS_Q_WREQ_R_RDIAL__PPNF__DLCS_V_S_FER_YPSEF_N_NQG___APFDIDDLAFDLDG_GKSQ_GSN__N_SKKRK_KS_GS_M_T_THSD_H__MK_R___,0,mask-P25046
mask-BD6bqo-B-B-OLC1,ML_YAP_N_I_I_I_ATL_AWL__VLGLKL__AGWPWGT___NL_GG____VMVA__ASHPEW_AWIRLA_VTG__G_LT_FSTFS_ET_D_LCRGVYATAAA_AGA_L_GSL_MTG__LAT_R_LLR,1,mask-nan
mask-BD8c29-M-B-LNL2,MEV_TL_FIA_L_FL___TAFLFIL_VKT_S_S_GNN,1,mask-nan
mask-BD7r3k-8-8-SQD1,_ALTMKRSG_AAR____R___V__V_RQSWL__SQI_AH___PA_QALAGNFGF___GLG_DPV____Y___ELI__RT_MAG_A_ILIPG__T_AG__NVPEW_DAG_VAIENS_APW__LLAV_LFL_GFVEA_RWQDIRKP_SQGE_GS_LGFEASLK_T_ELG_PGGP_DPLGL_KEAD_WADWKLK__KNG__AMLA_L_FV_Q_YAT_A_P_DNLAAH__DPWHVNYAT_GV_LPFL,1,mask-nan
mask-nan,MA_L____LS_MEK_PS________KA__QAARL___QE_EKQQKVE_R_RMEKEVSDFIQ_S_Q_K_KFQPMNK_ERSIL_DV_EVAGLTS_SFG_DDDCRYVMI__K__APSDE_____RRGEEWDPQK___K_K_KELAQR__EEAAQQ_PVVVSP_SDYKDKYS_LI_KGAA_DAAH___AN_TYGCVPV_N_R_TR_IEEAMN_IRAK___R_SG_ELP_TS,0,mask-O75391
mask-BD6zzx-6-6-PLM1,A_A___P__DF_AHL_NCKLPGCY_FDPLGLGA_EERLAW__ES_RVHCR_AMLGVAG_LV_E_VKPD_FWYTSGATVELP_DITGLL_FELFV_H_VE___GYDI_K_GS_DQDPI_SNF_LPAH_PGYPGG__A___P_S____K_KEIK_GR_AM_AFIG_TMAA_V_G_NPLA___E_L_NPLG____SKA_VVPG_A_VPPCA__DT__FQGI_IPAGC_LHS__P,1,mask-nan
mask-nan,MAE__T_E__EIH__TFPP_VLARIS_ELS_QRH_SLGI_P_LRK__EFRDVAI_NN___R__DAGN__TK_N_LG__VL__GKTIVI_SITGGI__ET__AIKDL_DFG__ELFEVT_EE_IIANYASVY_VVEV_RGR__AC_D_EMTISQ_L_DSIL__R_LPKKALKVKAGVRS_NEDGTF__LYPDEL____LNETNL_MK_K_SY_LY_KIVVL__TGPVFDLCWNSL__A__SVK__R__IDERA__L_MTIRTR__S_T_RE_Y___CD_TKSVP___NAK__AF___Y__VELDP_CQLQ_SDNSEEE__D_D_DK_NTVLIADLDTEAEET__HSTI_ILA_P_GNYKQL_L_GGG_KI_PEMIKRSL_L_____DD_STRF_I,0,mask-P25359
mask-nan,MA_RPR_SR_W_FVLSAA__DAD_RAVALAGSTN__YD_DGQH__SDSDPE_ST_PPSIPSAVP_T___FCDC_GQS_ASF_SSLHSA_R_RD_R_G___EY__WVWD__NKSSA__L_CDNRKVS_HMEYSC__A__RGTKELGEGQHFWEI_MTSPVYG_D_MVGIGTSDV_LDKY_HTF_S_LGRDED__GL_YTG_LH__GDKTS____FGQ_S_IG__LDT_HGTLTF__N_KCIGVA_TKL____FYP_VC_T__RS__KVT_SCAS__SLQ_LCCHRLR_LR_DSGDTL_GL_LPP_LK___H_KLGWV___S_SRRK_P__D____TSAH____EPRP_QRK_CRRT,0,mask-Q6PJ21
mask-BD7w9m-B-B-LPE1,_GRLL_LVVGAA__SSAC__CV_VDSET_A_YGMTFKI_C_SCK__SE_N___FTE_TFRQK_TE_F____RYENEVLQLEED__FEGRVV__G__G___LQ_LSI_I_N__Y__SG_YECHV_R__F_E_YEHNTS_V_KIHI_VV__ANRDMASIV_E_MMY_LI___TI_LVAEMIY__KKIAAATETAAQ_NASEYL_ITSESK__CTGVQV_E,1,mask-nan
mask-nan,MDP_RPL_LS_L__FLT_AA_GD_AQEPT_N__E_CLLPLD_GPCRA__LRYY__RYT___RQ_LYGG__GNANNF_T__A___ACWRIE_VPKVCR_QVSV__QCEGST_KYFF__SSMTCEK_F_GG_H_NRIE_RFPDEATC_GF__P_KIP_FCYSPKDE_LC_A__TRYYF_PRYR___AFTY_G___N_N__V_RED_K_A__KA_KKKKK_PKLRF_SRIRKIRK_QF,0,mask-P48307
mask-nan,MALSKV_LN__LN___LL_SSKYT__RSTGDSI_TP_YDVQKHIN_L__M_LITE_AN_K_TGLI_MLY_MSR_GR___IKILRD_G_HVK__GVDV_THR_D_N_KE_KF_V_TLASLTTEIQIN_E___R_SYK_M_KE__EVAPEYR_D_P_CGMIIL_IAALV_TKLAAGDRSG_T_VIRR_NNVLKNE_KRYKG____D_A__FYEVF_K_PHF_DVFVHFGI__S_T__GS_V_GIFA_L_MNAY_AGQVM_RW_V_A______MLG__SVQAEM_QVVEVY_YAQ_LGGEAG_Y__LNN_KASL_S_TQFP_F_SVVLGNAAGLGI_G_YRG_PR___L_DA_K_YAEQLKENGVIN_SVLD__A_E__A__H___P__NDVEL,0,mask-P03418
mask-nan,M__LL_TLVVVT__CL_LGYTM_CK_CNF_T__A_EL_VCAS___YCFK_S_REAR__R_ER_CAATCPKGSVYGL_VLCC_TD_C_,0,mask-P81783
mask-nan,MG__G_V__W_QLC_L_QA___LWV_NT_FDVA_NWSQNRTPCAG_A____A___V_VLVQE_HAVSD_LLP_D_E__L_SGAGFGVSDVG_HLDCGAGEPAVFRDSDRF_W__PHL_RSGDEAP_LF__DA_RVPCRHDDVF___SA_FRVGLGPGA_PVRVR_I_AL__T__RD_DLAVF_A__AG_LR_H_PGALSVGP_D___PSGC_CG_A_AQP__C_A____LGG_CPQAA_H_A_RPQGQ_CDLC_AVV_L_HG_AFDLERYRA_ILDTFL__P____LQVAV_KV_R_SR_REA_TEIQ_V_VENG__TGGA_RLA__LLADVAEN__ALGVL_ATMR_SGA_V_GSSA__L__G_A_A__LAL_VLLVAPPLL_RAG_LR_RRHEA__P___PLGFRN_VFDVTA_E_L__PRRLS__PK_A_DS_SHSYFVN__FAGA_AEA,0,mask-Q9BXJ7
mask-BD4k1c-A-A-OLC1,GPSS_M_____LLT_ANSHP___PKHTAW_AAVYDLQYIL_AS__NF__VF__LG_I__H_Q_SH_LTFLFN_LAII_LAAILA_AT_E__DKA_N__GG_L_ATFGNAVEL_VS__ALK_GQVRI_QAS_LGS_LSNL_LVLGLCF__GG_NRVQQ_FNQTAAQTMSSLLAIA_AS_L_P_A_RAT_PHGKE___ID_KI_ELS___SIVIL____LFLYFQLG_HHA_FEQQE__TDEV___ISRNPHH_LSVK_S_VI_LGTTV____CAD__VGTID_VVE__GLSK_FIGLIVI__VG_A_E_VT__LVAMK_KMD__L_V_IGSSLQVA_FVTP_MVL__WMIDV_____FST__T_TLFIAV_LSNYLILD__SN__E_____AMYILI_MAFFYYP_EKT__SIGNS_G_VPR,1,mask-nan
mask-nan,ME_INFASLAPRH_S_PF___WNEI_TSQLNGGA_S_SSLW____N_GS___SFG_K_WN_N_GQMLRD_LKD_N_Q__VV_GLA__ING_VDIAN_ALQN_I_QRLEN__QPPV_LKQR___E_EE_EV_EKLPPLETAPPL_S__EKR_R_EL__T_VV_S_EP_SYEQ_LK_G_S__MTRPIGS_ARPVYG_EKT_VT_E_PPPAP_VPP__T__LG__VPR_AAP__AVATP_R_VRGANW_STLNS_V_LGVKSLK_RRCY,0,mask-P16139
mask-nan,__RYSL__EN__KSCK_RGS_L_VHFKN_R_TAQ_IKGMH_RK__K_L_DV_LQK_CVPF__YN_GVGR_A_A_QW_WT_GR_PKKSAE_LLHMLKNAESNAE_KGL___SL_IE_IQ_NKA_KM_RRTY_AHG__NPYM_SP_H_EMI_T_KEQI__KPEEE_A_KKKISQK_LKK_K_M_R_,0,mask-P18621
mask-nan,M__V_AKS_V_A_VARPARSSV_P_A_L_P_V_A_PVA_PA_ANQMMV_TPV_NK_F_TFSYLPP_TDE_IAA__DYIV_NGWIPCL_F_EA_KAYVSNES_IRF_SV_CLYY__RYWTM_KL_MFGC_DPMQVL_E_VAC___F__AY_R_VAFDN_KQVQI__FLVQR__T___FQ_A_KR_V,0,mask-P00873
mask-nan,MQL___L_LF_ECR__LLLFKDVKNAGDLRRK_MEGTI_G____PT__V_PFQI_VAANK_VHLYKLG_M_T__L_TEI_F_LSPNNN_____KK____AND_S_LIVYIEEGE_QINQ_Y_ISQVE_H_VSLK_LPEIM__T_VK___KLSSQEES_GTLLDAIICR__T_DVL,0,mask-Q9Y3C4
mask-BD6w1o-I-I-STE1,METLKITVYI_V_FF_LLFVF__LSG_PARN_K_K___,1,mask-nan
mask-nan,MGS__L_L_VFV_L_ALS___PNKR__YKP_KNL_FY_HDI_YNG_NA_N___A__AA_E___LT_LA_QS_FG__IVFDDP_TLSHSL_SKQ_GRAQG_YIY_TKNTYT_WL_FTF__NST_H_GTITFAG_D_IVAKTRDIS_TG_TGDFF__RGI_TIT_DAF__E_YFRLGVYI_FFEC_,0,mask-P13240
mask-nan,MATQRKHLVK__NPYI_CYI_KGYLI_PTTVTECL_TFC__CI_QHF__SND_P__GNQV__TNPLEM_RLD___EEIIFKLVPGL______RESEFW_KNKPQEN_Q_DT_K_D_P_VDEE__E__D_K_Y___D_Q_AI_____R____SGD_VV_GLMKKFIR_ST_VTVGT_KKF_SL_LKLPSSYELD_LCNGEI_GKD_T_EF_YMT_WRL_G_N__CLNCSAS_VCSQ_G_LYQ_YP_VLQYRPRI_FG,0,mask-Q86SE9
mask-nan,M__EKAMEL__ELHRAPEGQLPAFNEDGLRQVL_EMKALY_Q____VN_AKS_GRSDLIP__K_RHCSLLR_R_CT_AY_YD_LLRIR___W_Y__V_PNALRFHMA_EE_EWFN_YKR_L___M__L_GDEGLDITQDM_P_K_LYIE__CLKD_G_FEVDDGT_V_LK__SQH__PRWK_EQ_IR___L_H_L_,0,mask-Q14691
mask-nan,MS_DKVTVIT__STE_LVSL__SA_LE___L_IFARCKV_YDG_AKSE_GS__R__I_K__GSFLIH_SKKREPV_WQ_PG_RVRLE_R_N_VLV_I___P_ETLE__LE_V_MVS_FRAED___LALTGS_AEMAEL__ENPEV___GFKPLF_EKAI__G_VDVLGRDSDGNI_VL_LKR_R_ELHAVR_LKSYV_ILREEY__K__GILVAP_____A_RL__K_GLEF_KLEP_KRDSKKK_RQ__LF,0,mask-Q5JER9
mask-BD6kif-1-1-SQD1,M_T__NPEV__DW__GN_RFANLSGLFIAAHVAQA_LIMFWA__F__Y_ISW__AD_SMGEQ__IL_P_LATLG_GVGDGGQVTDTYPLF___AVHLIA_AV_GA__L_HTFRAPSDLAAASGA__RFHF__ND_KQL_L___HHL_FL_VGA_LLV_KA__WGG_YDAAS__V__VTEPTLN__VIYGYQT_FA___N_ED_V_GHVYVG_MLI_GG__HILVPP_QW__KVLIYS_E_ILSYS___IAL_G_VAAYFCAV___AYP_E_Y___LEIKL_VTPY_A__VQL_FGAHT_R_WLSNA__FLA_F____HLWHALR_M__DF_R__KA_SSVEA,1,mask-nan
mask-nan,_AFK_WFVF_AVL_A_Q_L_T__EVPQ__S_SAPD__EEDDYT_YAPLTCYFTN_TLGL_A___CSVL__STTTW_NE__P__ASCL_TVD___Q_AI_QENQPYN__VGHCDNGTC_GPPRHA_C_,0,mask-P0C8E9
mask-nan,_EKFRA_LDL__K_HS_LGY__V_LLTAGG_RIFSA___QC__S_A_NLPY_LVF_LVPAL__FL_G__LS_RT_RLL_GC_SSARA_CG_ALR_SLVCTQISAA_ALAP_T__AVALLGG_F_E_AA_G__AF__RL_LGRNR_CAA_L__VP__QA__S_____LKDLK_QSQVLGWILIAVV_IIL_IFTSVTR_LSP__FL_L_F__IYLEQE_QI_KS__TEHA_E_AKENIKCFFEGSH_KEYNTP__K_W__I__LYTFNPKGQYYS__HKY___KE_TH__RSTEGDTVIPVL_F_DSSGIN__PE_,0,mask-Q5R3K3
mask-BD7wg5-e-e-SQD1,MAT_TIL_PKSIPKV_D_K__ARV_DQI__VVKCGK_GRRL_L_KL___AGLS_IEP__NE__IGQ_ETN__EME_FKYG_YDGAHTY_EG__Q_GT_W__IADD__AV___N_F__LI_CMF_PAIA___YF_AP_EY__IGAALFTVV_CIIEMDK_D_PHNFEP_IY_LERGA_DKL_NDYNTM_IW_FN_K_GDVWDFT_E__DIATR,1,mask-nan
mask-BD7qoa-A-A-A6L1,DNN_S____PI__RKGGL___FV___LT_FSAS_WTG_ALG__L_FN_FFLA__IGNLL_GI_T_F_G_IGSKTG_T_HLL_RYSF_IKG__L_SFL_G_T___WFGVG_AMF_I_VGKATGIDINL_IA_SGI_MT_T_FFGI___TVLSI_AVPAIAI___YSVYLAIH__GGLSTLM_VKP___LDFNL_L_M____FISAG_LTADFVRFGR_PKV_VV_AIIA___G_TLMF_F___GAA___MADI_D__IAQ_LLLPAIVV__LNI_T_NDN_LYA_GLGF__IT_LSSKKL__ING___TV_ALWLYNNF_GWL__LSAAI_PV_GV__AD_LMNKAR_NTFNIATMQ_VNWV_LLAV_IGIVA__WLPG_VPVNAVLGG_IS___LNPIL_R,1,mask-nan
mask-nan,MKF___L_LLTAL_LTSI_V_EG_L__CKTYDDCKDV___RKG__EFGICK__IKSGK,0,mask-A0A6P3CW73
mask-BD7ytb-A-A-OLC1,M___TL_LQQ_ST_Y_M_S_AVASMLG_F_F_VMGRK_VGPKY_LAL_VSSLVV__AG_H_W_IM_SW_AAY____G_Y_PT__PFNDAY_Y_D_L_T_PLL___LVL_MKL_KESGSVLAKL__AAIAMIALGY_GEIS_PESQ_G_RLMWGVLSTVP_LY_LYVLWV_LGD__GE_P_K__VL_KNTRYLILLTWG__PIVY_MGSYG_L__AG_VVAVQ__YSIAD_TAKALY__MIF___YA_SE_D_SL_A__HHH_,1,mask-nan
mask-nan,_AAPRG_PKKD_T_EDLTAKI_QLTVENRELRKAL__TADP_DR___ATE__A_LTAT_GAL__A_A_KIEARVRTIF__VVT_KQ__DA__GLS_R__VC__DG_TA_P__GANN_R__GASTTRAG_DD,0,mask-Q2HR80
mask-nan,MS_FLQG_IFS_SK___RY_STRPFLVAPSIA_SIT_EA__INHSP_LANAR__LP___G_ITRKKGMMP_FDKST_ERSAATIL__NNV__IMHRT__V_GY_ACQ_GYG_R_LS_V_RQM_G_FASKVVN_KEHVA_F_VKDEKGLI_P_T_LK_SF__EGQYVD___VSK_K_F_GVMK__GFK__RAS_GTSI__RHGGSYGQNQ_PGRVLP_RKM_GH_G__H_TIQ_VKVL__D_E_NVIW_K_SV_GPK___VK__D__K_T,0,mask-P31334
mask-BD6ly5-A-A-SQD1,EMS___PFVKA_ANT_G_V_DV_FD_LG_SD_FDMKWLRE_E_KHG_ASMLACLGFVV_QYITIP_YTHV_DSNL_P_AVGVSAMLQ_V_WM_VLE_W_N_G_VTM_T__SSP__V_G_LG__PMG_SVGKS____DE_AL_EI_NGR__ML_IGGMIH__WV__EPL,1,mask-nan
mask-nan,MESSSS__HH__LSYLNPK_GK__LVS_PLMQS_RKCKQ___CSNKM_VP_F_E__P___AA_HLHD_FTYVAVRIVS_Q_ESYN_E_Y_EL___LD_NS__DG__FC_T_M_RSSRHM_LALRIL___SAY_K__F_WDNMK__AFKNV_D__TRLMREYVLETSHVETDS_K,0,mask-Q94AU9
mask-nan,M_R_GKN_T_GAVYTYHE_KK_T__SG__TQ__R_SRDAVKDF____LSLQP_H_P_V__D_YLY_RE_ILEYI__QKK_IA_QM_A_EKQRG__R_E_KELQR___Q_HV_GFL_KESAIVSR__NP__AKA_SGTSP__VQ_GPSV__PSKDK__VLPSFW_PSLTPEAKATK___PSRTVTC___GK_LRM_DL_P_HF_PL_S__D_VG_ITR_E_YVCAVTRDSL___TPC_VLR_SGAVVTLECVEK_I_KD_VDPV_GDKL_DRDIIVL_RG_TGFAG_GVKL_A_K__P_MQA,0,mask-Q9Y314
mask-BD7q4h-B-B-OLC1,__KAV_I_YN_K__RG__HLPD_VKGKV_M_IMFH__TGNKV_SHF___K_SRALEKVG_GSVRFDFYG_GESDG_F_EMTF__ELED_RQI_K_V___PTT___RIGL_GLS__G_IA_IVA__Y_DEIK_LV_WA__FNMPELIMHESVKQY_A_M_QLGFVD_GGH__SKDF_E_ISKL_IFEL_K_Y_K_VLI__GTNDEA_EYKVSDRIL_EVY__NA_R__I__A__T_K_LEWEKKAIE_SVEFFKKE__KG,1,mask-nan
mask-nan,M__SVALAVLAL_SLSGLEA_QRTPKIQVYSR_P_E_G_PNFLNC_VSG_HPS_I__DL__NGEK_G_VEHSDL_FSK_WS_____YT_FTPNEK__Y___V_HVTL_GP__VKW_RDM,0,mask-Q6V7J5
mask-BD8ps0-A-A-CDL1,M__L_RF_SSDAS_G_IL_IAAI_AMI_ANSGA_SGWYH_FLETPVQLRVGSL_I_K_MLL_IN_A_MAV_FLL___EVK_ELMQGSL_SLRQAAFPVI___GGM___T__Y_A__YA_P_TRE_W_IP_A_DIAFA_GVLALLGSRVP_A_KIFLMAL_I_DDLGAIIIIA_FY_N__SM_SL___A__IA__A_LNLC___RTGV_ILVG_VLW_AVLKSG__A_LA_VIVGF_IPLKEKH__SPAKRLEHVL__WV_YL__PL_AF_N_GV__GG_TLD_LTSILP_GII_G____KP_GIS_F_W_ALRLKLAHLPEGTTYQQIMV_GIL_GI___MS__I_SLAFG_V__ELIN_AKLGILVGS_SSAV_G__W__V_____VGS_NLYF_,1,mask-nan
mask-nan,MT_SLAN__A_L__G_LVLSAIG_ALIIIS__DRVQR_,0,mask-A0T0N4
mask-nan,M_G_KEIRS_IA___NTQK__KAME_VA_S_MRKSQD__AASRP_A_TMRK_IGHLAHGN_EYKHP__ED_DVKRVGYLV_STD___CG_LNI_LF__LL___K__T_K_VQCDLAMIGSKG_SFFN_V__NVVAQ_TGM_DN__L_EL__P_KV__QAYDEGRLDKLYIVSNKF_NTMSQV_T__QLLP_P_S_DDDLKH_SW_YLYEP__KALLD_LL_RYV_SQ_YQGVVENL__E_A__MV____AT_NGGS_IKE_QLV_N___Q_SI_QEL__I_S_AAAV,0,mask-P0ABA6
mask-nan,_PLWVFFFVIL_LSN_S_CSP___LTL_MRRYADAI__NS_RK__GQL_A_KLL_DIMSR_Q_ESNQ_RGARA_LGRQV_SMW___KQMELES_LV_L__K__R__QG,0,mask-P01286
mask-BD7dl9-A-A-OLC1,MNL__QLKI__F___C_WG_W__TLGS_MFV_L_FDG___GA_YSSL__AA_FM_AL_GIVA_K__SAKWVY_ICH_IGA_TLFMAA__T_PE_M_LVILINS__YM__L_LINTIS_YRL_N_G_DIVTDFPPIR__GTIG_IMA__V_SLSGFELS_MQL__G_A_SAIL_LF_LT_PHI__A__QAN_SWTTLL_LDAFALFKN_RMAIFFI_SML_GA_L_ITN_F_NTFLH__DK___FASSFIVQHASI_MS_SQ_S_TL_ILTI_FFLSRYGIKN____SIVAWIL_F_LFAYG_P_P__T_LLVLSM_VYGC_F__F__S__V_V_KEVSP_I_ASAQ__FL__TNGFGCILG_IV_GK_VE_Y_QNGITDWQTVW_I_AGYSVVL_F_F_AM_K_K___V_TGTQT_SH,1,mask-nan
mask-BD3ga5-A-A-RGG1,__IG_T_YKYD__FM__VRK_IE__GKSAPDVQLL_N__QN_QSKQND_I__LL_K_VKALAI___DPAA_GTVIE___GQ_VPVVFFNK__SRKA_DSYDKAYYVGTDS_ES_V__GDL_A_HWQA_QG_DLN___KIQY_LLKGEPGH_D_EAR_TYVVKELND_G_QTE_LALD_A_WD_AQAKD___AWL__PNANKI_VVI_N_DAMAM_AV___KAHNK_S_PVFG__ALPE_LA__KS__MAGTV_ND_N_QAK_T__LAKN__E_K___D_TS__IENKIVR__YVGV_KDNLSEFT,1,mask-nan
mask-nan,M_EKAP_PHVEED_D_ELD_KL_YKP___KSLK__QEM_K__E_LIK__KTLLG_GP__T_PKAPN___TR_TL_CE_APGPITMDLTG_L_ALKKETI_LK_G_EY_VKI___VNR_I_SGLK_V_HTYRTGVKVDKA_FMV__YGP__EEY__LTPV_EAPK__L_R_TYHNK_FFTDD_K_DHLS_EW_LS__KEWT_,0,mask-P52566
mask-nan,_APG_PSS__SPILA_L_FSSLVLSPTLA_V__TDR_V_GAVG_Q_TLHCS_W_SEWVSDD_SFTW__QPE__RDAI_IFH_AKG__YIDEVGTF__RI_WV__PSWK__SIVI_NLD___NG_FTCD__NPP__V_KTSQVTLYV_EKVP_RY__V_G_VI__ILGV_L__LL_F__IRY_W_R__AA_QRRLS_M_K_KFHKSSKDSSKRGRQTP__YAM_DHS____AASE_KSK_LG_SR_DKK,0,mask-P06907
mask-nan,__I_QFFLQGRCRF_D_CW_EHPGARGA__GRQ__QQ___GNN___W__TSQRYSNVI__SSF_KSTPW__SRDQEKPY_S__DSGAS_NRKEGFGL_ENPFASLSP_EQK_E_KLLEG_VKDME_WESS_QWMF____PV___P_I____DI_P_E___E_HNFL__NN__SY_N_V_RLINQWRNRVNE__S_NI_TKV_LLSDVKDGVNQ_A_A_G_GSSQAATF_SPG_P_NNSSSD_A_NFSFKTNSGF___SSG_PA_FG____FGAAAST___ISTS_PAFG__K_EV_SA___SF_SPAA_SF__PGFS_LP_S_ATG_V_APVA_AFGGGSSVAG___PGS__HTAFSKP_SDTFGNS_IS__LSASSSIIATDN__F_PR__L____LEQF_S_KFTLGKIP_KPP_LELLN_,0,mask-O15504
mask-nan,MADEMDFYSS_YH_D_AFE__S_PPTSTS___KGSGAQ_GGGMR___EE_REA_LR__L_G_RKINE_IEGMIGT_E_AKGN__T_SQT____T_LLNTWT____QTEH_QRLILNP_WKGA_Q_LL_LEAEERRR_EEVE___AE_E__REEARRKA_EEE_RRA_AAAAA_AP_GR______TRGRVRG_GL_RG__SS_SGSETTRTTSGI_RG_FGYT_G_AR_R_A_,0,mask-G0SAN7
mask-nan,_PV_I_PVEH__DT_VG_PAWRE__RALAEE_HQLT_RCGQEAV_MW_P_ESVRD_HV_HH_CR_A_I__WR_R_EM__GGST_E__PPGEGVTLWKSK_KPP____RLPLPMHRDARALQ_A_V__AH_R_ARLTA___GRAQHQI___LRLLQRQ___TDR_L___RKAL_I_QQS____GYRPKSE_ISDKA_SMLTW__E_LK__KRK_EADM_KSE_LLKTLA_CR_AL__CCKE___AV__MN_PLDKV__QAG_HSWVN____P___TQ_LK_PP_DPV_TYT_ECAKA_YEA_R_L_ESKDTLLDMA_NEED_R__QQQISDRVC_SLAQKMRETLELK_R_NMTLGL_R_T_HRCTK___E_YI_R_LIKGPLSK_H_ET_EK_DR_LVRMYQRH_GT_L___ARLAQGTDK_Q___SHV_KNLDELLSM_KK_T_SF_C_KIGH_VDY_VVR__L_QRH__VC_EQ_QR___DWD_RT_P_V_SNTAIT_,0,mask-Q2YDN4
mask-BD8bd3-Y-Y-SQD1,VWYGPD_P__LGPF__GLVPA_LTG_FP_DYG_DTS_LSADPETF__Y_TIEVIH___AM_G__GCI_PEVL_KYSGV_F_E___FK__A_I_ADGGLNY_GNS_LVHAQS_VATL_V_VLLMGAVEI__A_GEG__G__EGQD_LYP__AF_PLGL__DP_TLAELKVKEI__GRLAMLSMLG__VQAIV_G_G_LDNL_____E_GEFN__ALYA_S_A,1,mask-nan
mask-nan,MYQ_FV__HDTAIQTS__S_TGNVIPAAPTGNIP_I____IT_ER_VV_LY_NM__ST__DG_FIV_MK_D_SPTDPNCVISA__NLS_AG_S__IV_IVR___AS__PTSIA__E___Y_IEMS_GSGGVCSA_DCA_VDI_P_TS_NNV_V_VICSSAK___GRVIGTI_TTQVIH__QVLQPL_,0,mask-P31281
mask-nan,_VVL_V_L_VVF_ALL_L_L___L__LG_GLS___N_YLF_THPGG_AH_FQAPLLPGAG__WAF_L_GL___FFLTIA__V_LG_L__RVEGR___LAL___GLLLGLF_ARDLLVF_VF_E_ALIPA_LMLYLYGG___T___YT___F__VGS__M__A_LGARLLSGSPTF_LEDLLAHPLQE_AAF__F__FAL_FAI_T_L_PLHA__P_FHQEN_PSGLA__L__LYKVGVF_FFR_A__LAPEGFAQAQGLLL__AALSA__GAWV__AAK_FKTLLAY_GLSHMGVA__GVF_GTPEG___GLY__AASGVYTGG_FL_AGR_YERTG_LEI_RYRGLAQSAP_L__LALILFL_MV__PG_S__PGEF_TLLGA_KASP____LAFLS____A_YA_T_FQK__WE_GG_G_KDLAGAEWGF_LLSVLA_L_MGVF__YFA_G_HPLAEA__K_LGGGA,0,mask-Q56228
mask-BD6li0-A-A-OLC1,GGIVNVSERHSCPLGFG___V___CIF___VI_LLT_L__AGNLTV__VFH_AP_L_HYT_S__IQ_MAY__L___V_CL_PT_SLL_Y_TGVHES___Q_FGYI_SVL_S_S__C_AC_S__RY_A__KPLSYN_LVT_CR_RI__I_I_IYSCLI_LP_FF_WGKP_Y_G_IFE_CATS_LT_AYFTGFI_CLLY__AAF_VCF___HIF__CRQH__E_KALIVYGST_GNTE_T__TIARE_A_AGYEV_SR__ASV__GG_FE_F_LVLLGCST_GDDS_E_Q__FIPL_DSLEETGAQGRK_ACFGCG_SSWEYFCGAVDAI_E_LKNLGA_I_QDG__IDGDPR__R_DIV_WA__VR___RRYL_V_F_ITS__YML_LPY_I_FLL_SSRVLD_PT_SFLTT__A__NSFCNPV_YAL_DSTFR_G_RR_SE__CTSCM_FLEVLFQGPHHH__H__HH,1,mask-nan
mask-BD8bd3-X-X-SQD1,AATPS_NNLIGS__AGGL_LAAI__A___VSNF__IR,1,mask-nan
mask-nan,MQK__LS_LM__ETL__ELLN_LAHN_EMQ_TW__Y__IR_S_RGDTPEV_HF__SSRVMAAI_EEP__QPATLIPEAQPAPH_W_KMPF__K_RPWA_QLTQ_GVAA__S__VIVGV_HYNGQSETS___ETPVF_T_PMMGK_SP_SLGV___ATANNGQQQ_VQEQ_RR__AML_D_ELQR_L_S_QL_____QT_QA__Q_PG__TLGTQSQ,0,mask-P0AFX7
mask-nan,MS____NNVG_PQSSPQGPLTEQQRA_Q_YQIFEN___KVS_S_YQM_L_EM___A_G__R_I_GDV_S_DSNV_SE_GNI_NM__RLKIEEHHTVD__RSHNL__ELYKA_EEEKE_VLAR___IGF_IGL_LSE_LIF_NNP_LKFKE_D_L_I__FI_RD__KQI_G__IDNLKTNHR_TFY_LD_DY__IQSF__EE_AK_EEL_MIEPFLE_PVGII____SS_G_S_EEVI_LASF____TDRPK_A_PKGVSFHVQVT_PQ,0,mask-Q99394
mask-nan,MTMCSGARLA_LVYG__MHSSVYSSPAAAGLR__G_RP__E_YGE___PLPD_DG__P__AG_P_SAPRAA_A__RPAGR__V_HGILNEAY__VLDQL_A_K_LQS_V___V_GSLGG_AGDDAEPLSKR_S_G__TDSY_RYRKQ_A_KKYL__V_G_R_KQRVKNK__R_AY_,0,mask-P18509
mask-BD6ly5-A-A-SQD1,EMS_AVP_VKA_ANTAG_V____FDPL__SDYFD_KWLR__E_K_GRASM_ACLG_VVQQYITIPGY__VDDSNL__QAVGVS_ML_IV_WMG_LEF_T_KG_V_METMFS_PDR_P_N__FDPM___VGKS_A____M_L_EIK_GR_A_LA_GGMIHHN_VT_EPL,1,mask-nan
mask-BD6vpv-0-7-SQD1,I__VNH__DPQ_GN_STPINGS_FT_AF_N__P___KGLSP_R__LEV_M___Y_L_G_FAVL_PL_L__YGPTAGL_AT_GLVSIL_ICLSIYGAVG_SKPTETLTTPEV_MDL__KEG_SEF_GGFLLG___GAFFAF__C_TPHLQP_IE_A___WS,1,mask-nan
mask-nan,M_LF_LTLLLVT__ITP__IQTT_AGSSF__SKC__RCS_AGLA_RCLK_CG_C_EEC_CV__GT__NKHEC__YRDKKN_KGKS_C_,0,mask-Q948Z4
mask-BD8wb4-3-5-SQD1,_THSR_LR_AILALC_A__SAFT_S_ALY__AS__AA__GMK_QDR__AM__LS_PP__DGS_AGDV_FD____SNY__L_WLREA_L__GR__ML_CLGFLVQEQA_LPL__FDNKLATEAF_SVPAG_LW_IFFSLGA_EIITN____TPGSM_TG__AP_D__FDPLNL_VD_T_LRRFELA_LK_ARL__IGL__MLHQML_TKQAPIEQ__NFKSLA,1,mask-nan
mask-BD5zgb-J-J-3XQ1,_N__K_LSTAPVVA_L_LFLTAGILIEL__F___SLFY,1,mask-nan
mask-BD7vrj-3-C-DGA1,P_QLYKIWLAF_PRMA_I_LGAF_FALAL_I__MLLSSPGFDW__G_DHAPVA_S____A__A_R,1,mask-nan
mask-nan,MKIE_I_PV__SQDA_AEA_G__EGR_VT_AA_RGEDRSS_AGL___L_RN_AGDP_SEQ___RL_DGDGTPLEA__VRRR,0,mask-Q9I322
mask-nan,MRAVS_FLY_GV___ALG_WGAS__AE__S_MD_YE____VSCLDPEQV_CES_E_THASYNR_TGQCEEQ_GTECGGG_N_FE_LL_CNESC___PKPPCSL__D__VGRAN_PRWY_DTNN_TCE__T__GITG_KN_FESEEEC_ET__GFSLLK__N__I_,0,mask-Q964Q0
mask-BD8bd3-G-G-SQD1,EF_GP_RA__LGPF_EGS_P__L_GEFPG_YG_DTAGLSAD_ETFARYR_IEVIHAR_AM_GAL_CLTP_LL_NNG_A_F_E_AVWF_AGASIFNE_GLN_LGNP_L_HAQ__V_VLLTQLVIM____A_RYS_EGPVET_G___YP_GFFD_LG_A__PDT_AELK_KEI__GRLAMFSMFGFFVQG_VTG_________HL_E_SVN_GFASAT_F___P,1,mask-nan
mask-nan,M_V_A_S_RR__I_GI__S_NSPV_TYME_E_DPNFRNSKL__APHTVHMMDSGFLA_NRQCLV_GKAI_A_E_K_SNEHMIDD_P_H_HD_H_LS__RDFI_QLKLHNV_EINFY_PLD_SG_L__IP_L_ALWKCML_SET_IC_QEVL_________KFEL__PCKNAVI_A_LS_SREEVH_IAE__SL_NS__T_EHFNK_H___FVK_D_HP_D_TPQ__P__AKA_LLR_A_N_E_DED__PDI_VP_YMTAHSKNR_R_EDY__LEV_FD__VALEKLMNEHEQ__GF__Q_GGILV__KKDS_F_DE_I_KIA_AIA_ESRQ_VSS__FDL_KLGPGA__V_LAN_RRFE_EC__V___EVKPVSPG_TS__GIS_EHHYE_YDE_DIMEEEEAPSAR_DD_Y_EDEE,0,mask-Q23229
mask-nan,_LS_A_L_FAQGSV____VSARD_PTKISTLAVKV_GGSRYA_K_G_AH__NR_NFQNTNT_SA_KL_RE_ELLG_T_KS_L___YI_LKATFLK__LPYYVN_LADVLYK___KPHELTES__PAAR_DYAVA__CPVK_A____YA_TFRKGLGN_LLY_G_ERV_L__IKDF__KV_T_ENLEVS_EN_VEA_LK__VD_SL___LP_G_S_VSKSEP__FLG___RVRFIG_SV___GIP__K_SL_QY_VLA_YLTSAL_ELS_L___AK_DK_TDGG_FTLFVRD__SAVVSS_I_KI__DLKKGKDLSPA_NYT_LK___QNESVSSPIELNFD_V_DF__G_FN___VGDVSNLP_LDE_,0,mask-P07257
mask-nan,MAL_____K_YLPP_____VL_SETYV_RKS___HAETERLL__GHP_YPVSIG_K_VP_VSANQ_R_FK_QL_DP___ALPDRTVH_PSK_R_VWAV___Q_SRGQPL_GTVTGHPT__ALLD_EN_NRK__T_T_DDR_QT_LDA__QQI_L_GCT__EGEYW_TARPC_T_RL_NG_CPPL_LKN_HIEDGDM__IGFGAA_F_E___S_S_LP_D__N__C_YPDYLKMAED___N_M_F_A_K_QVYVRH_____GSEK_APTT_FY_KNNKGDATL_I_SVH__S__G_LVS_D_QIFN__YWLFRA_GMN_G_AWNNLL_LTVG_NTRG__LTISVASDGT__TEYD___FNVYHRHMEE__LAFILELC_VE_TAQTVS_LQGLMP_VLE_WE_GV_PP_SS_LED_YRYIESP_T____N___A_E_PYAG_KF__I__KEKLSLD_DQFP__RRFL_QQGAGCSTVRK_R_SQK_SSKPAKKKKK,0,mask-P03103
mask-BD2f13-A-A-DYM1,__PVLQKESVFQSG__AYRIPA_LY__GQQ_LL_FA____AEL_VLRR_D_D__T_QV_W_AQE_V_____DGHRSMNPCPLYD_Q__TLFL___AI_GQ_A_VTRLC_VTS_DH_R_WSSPRDLTDAAIGP__REWSTFAV_PGHC_QL__R___LVVPA_AY_K_H_I_RP_PSAFC_LSHDH_RTWA_GH_V__DTL_CQVAEV_E__V_TLN_RS_L_A___A__TNDGL_FQE_QLVKKLV_P_P_G_QGS__SFP_PRAQWL_YTH_THSWQRADLGAY_N_R__APEAWSE_VL__KG_CAYS_LQS___GPDGSPL__CLYEANDY_EIVFLMF_LK___P_E,1,mask-nan
mask-BD5zgb-J-J-3XQ1,MNLK_YLST_____TL_LF_T_GILIELNR__PDSLFY,1,mask-nan
mask-nan,DE_IRCTGTKD_YI___Y_TGCFNS_C_N_SC_CYG_T,0,mask-P58490
mask-nan,MTRII_GV__GRRIAVP_R_T__TTDRVR_S____VTAR__LTGL_VLDL___SGALG_EALS_GAAS_LFVESDQ_S_AVIA_N_EAL__SGATLR_G_VAAVVA___TS_V_L_LADPPY_V_S_D_DA_LAA_GTNGW_REGTVAVV_R_T_CAP_T_PE_WR_WPQR_YGDT_L___ER__ANV,0,mask-I6XFS7
mask-BD5itc-A-A-OLC1,MAQLAL_MS_L_V_G_GI__ALG_I_M_LGMLYFIADGLDVQDPRQKEFYVI_ILI_A_AAASY_SMFFGFG_T_VSL_N_RVVDVY__RY_DWLFTT_L_LLDIG_LAGAS______LVGI_A_M_VTGL__TL_K__VARY_FWTI_TI_MV_L_Y__VAVFGE_VSDADEDT_S__N_LRNI__V_W____VAWLVG_EGLALTGL_GETLLFMV____A___F_FI_LRSR__MG_GSEP__SA__TA_D_H_HHH_EH_HHHH,1,mask-nan
mask-BD8eqm-L-L-SQD1,MAD_PTN__KQPV_LNRTS_Y__LL__FVTGL__SSY_FN,1,mask-nan
mask-nan,MSSTN___PA_P__DQN_L_TRF_VELEFIQSLAN__YV__LLTQQQIW_S_N_K__LKYLE_WCN_PYSQ_IV_PNCLFILKLLN__M__AIVNED__L_GL__L_KIIQLQ_P_WM_E_VE_W_N,0,mask-P38633
mask-BD6bar-A-A-OLC1,M_PA_P_WLAYDWG__FLV_AI_ALGFV_LG__APDP_LLY_QS__L_LGLLLAFL_Q_L_RRRLFGL__PL__AS_L_LAL_LVVGREIN_A_A___LGPLQFQP_ELAK__LLL_LA_A_E_RP_A_VWDY_LPALLTLPV__LLLLQPDLGG__VV__G___VV_V_G_P_RH___G_F__A_L_PT_VWP__KPY_RERVL__L__YRDPLG_GFQV_QSTI_IG__GLFGKGYG_GTQ____F_PFRH__FV_SVWA_EWGFVG_VG_L_LY___LARLFALALACPRLSDRL_LSGFAG_LG_QV___LGVA_GVM_VT_LTLPLFS__G_SL_A_LAGLGLVLLVH_DR__D,1,mask-nan
mask-BD6tjv-K-K-SQD1,MTNTT_PAI__PIAR_EVPQE__ENI_LTSLND_YDWAR_S_L____YGTA_CFIEFA_MIG_R_DFDRFG___RNS_R_AD__ITS_TI_MKMA_____LYEQMPSPKY_I_MGA___TGGM_S__SYS__RGVD_LI__D_YLP_CPP____IMDAIVKL_KKIAN__INERGNLAQTHRLFT_KHKMK___PIL__Q_LNAP_RQAP_P___AA_GIAVPA_GEAVSE_TSV__,1,mask-nan
mask-nan,_FQ_ILMIVL_VM__SL__C__RTLI_P__SDRIVALDTFGINLIGF_GV_MMLQE_LA__EV_LV__ILAF_G_I_LSKF_ERGV_FD__,0,mask-Q9RGZ0
mask-nan,M_RL_KQP_TSPG__SPS__SSVP_S___IVAK_DNQ_LG_KDLAAIPKD_AIL_I_RPDLMIYEPHFT_S_______PRS_E_SLSPK_TS_PP_P_VWADS__PGIISQ_SAPRTTGTP_T_LPHFH_PET__PDSNI__KP___KQRESVGGSP_TK_L_ED_II_SS_F_A_Q_PD_NQ_AK__T_YW__PP_LAVVET_W_KRKASRRG__E_EEE_DDD_GEEMKALRE_QREE__K_TS___KMIL_EEM__SL_IR_K_RS_PDR_PF_TSLHQGTSKSSSLP_YGRT_LSR_Q_TEF__S_S_TGSPGLQNGEG__GRMDR_NSL_CV_EQKI__Y_ML_V__KG_T_L_PGVD_MR__RHLS__DFSR__AM_P_EFGKLA_____ELKK_ASLF,0,mask-Q08495
mask-nan,MAGA_EIR___ASV__T____KA_EMV_AS__RKSQD_M_AS___A_TMR_VIGHLA_GN__YK_PYLED_DVK__GYL__S__R_LC_GLNINLF_KL__EMK__TDKGVQCDL___G_K___FFN_VG_NVVAQV_G_G__PSLSELI__VK_MLQA__E_R_DKLYIVSN_F_NTMS_VPTISQ_LPL__S__DDLK_KSWD_LYEPDP_ALLD_LLRRYVESQVYQG_VE_LASEQAARM__M_AAT__G_SLI__LQLVYNK_RQASI_QE_T_IVSGAA_V,0,mask-P0ABA6
mask-nan,GP__CG_NGGVCIP_RC_VPM_QIG_CFGR_VKCC___,0,mask-P46170
mask-nan,MALR___N_____E_K_K_N_AGAKR_PTA_AATSK_GL_P_TALGDI__KVSEQLQAKM_MK__AKP_____V_DK_L_KPLEK__ML__VPVSE_VPE__PEPE__PVK_EKLSP_PI_VDTASPSPM_TSGCAPA__DLCQA_SDV_LAVNDVDAEDGAD___CSEYVK_IYA__R____EQAVR_KYLLGR___GNMRAILIDWLV_V_MKF_LLQETMY___SIID_FM_NN_V_KK_LQ__GVTA_FIAS__E_MYPP___DFAF_T_____KH_IRQMEMKI_RAL_FGLGRPLPLH_L_R_SK_G___VEQHTLAKYLMEL_M_DYDMV_F_P_QIAAGAFC_ALKIL_NGE_TP_L_HYL__TE_SLLP_MQH_AKNVVM_NQ__T_H_T_KNKYAT_K__K__TLPQ_NSAL_QDLA_A___V,0,mask-P14635
mask-BD6k4j-A-A-PLM1,_S_EFM_VKGGTKC__Y_LFGF_FI_WLA_I_V_AIGLWL_F_SQ_KSI___E_N_NNSSFY__VYIL_GAG__MMLVGFLGC_GA_QE_QCML__F_GFLLVIFAIEI___IWGYSH_DEVI__VQE_YKD___KLKTKDE_QR__LK_I_YA_N_CGLA__V_QFISD_CPKK_V_E_CPDAIKEVFDNK_HIIGA_GIGI_V_MI_GMIF__I_C__IRR__E__,1,mask-nan
mask-nan,_ASSSISFSC_P__A_SLFS__SS_PR_LSSRFL_TR__K_RIRP_RLG__NGSR_T_WFKF__NGVDA_NAGI_G_QSRD_F_R_D__QYF_YMGM_A_EGTYSKMEA___LNI_PVDILLML_ATEGD__KIE__L____DYS_KDA__R_AIDRAN_EEIRDLIL_Y_TQ_A,0,mask-Q8VY88
mask-nan,MII_I__YFI_M_FKGNQLVR_T_PLRREEIF__MDGEVVSNP_DE_LKVAE_ILKLYFA__DDKK___LISY___VP__TKK_LDIVKD_EFG_T_T_GDIAK_L_T_P_A___ALKR___PLIIPCHR_VAKN_LGG_SYG___KKF_L__E_LN_VSFKF_KV_,0,mask-Q58924
mask-BD5iyu-A-A-OLC1,__S__SVNPRPS__P_AL_L__AL___AP_FA_NSGEAP__FG_DVK__GE____RDLGTAP_GTLNDIGIDLR__A__QWG_W___F_G__VAATDTIE___LQ_DT_DG___RNDGR_PDKSYL__RE__V_Y_GL__YP_E_L_FGRQRLRE_SGQ__DT_IEALNW__ETT___A__GV_QRFSEYR__LDELAPE_KDRTHVFG_I__QWAP__RI_VR_HH_DDSGH_RR_GEEVD_LDKTYT_Q_TWLGI_ATGDAYNYRSSMPLNY_ASA_WLTG_RDNLT_TT__DRRIAT_K_S__VNAFGVD_G_RWNID_QWKAG_GYA_GSGGGKDGEEQFQQ_G_ESNRSNF_G___RVHRFG_AF_GEL_NLQAAT_F_SWQLREDYD_SLVY__F_RV_DDSDIG_S____A_QPGEK___QE_DL__T_YF__G__PASMSQYVDEPS_LI__R__LFK_G_AYGPGT_ST_HR_FV_F__R_,1,mask-nan
mask-nan,MAQVGR_NILNATD_DIKQLLAAN__IGSKNLEVRM_NYVW__RS_GVHI_NLG_TW__LVL_A_VI______ADVCVV__RTYG_R_V_K__A_TG__A_AGRFTP__FTNY_TRT_REP___VVTD_RA_AQA__EA_F_NIP_I_LCD__S_L_HVDIAIPTNNKG_KSIGL_WY_LARE_L_VRG__SRSA_WDV_P_L_FY_D_EEV_RE__AK__AA__A_EA_VE_A_A_AEF_ITDSAAGSVDPNVLA_AT_GQV__NTWEGA__WNTTG_AQ_SD_TA_AEA_,0,mask-Q9Y7L8
mask-nan,__RRLVQQ_SV_V_L__YAVPSCG_SVEGL__RL_RAV_EHQLLHD_GK___DL_RRFFLH_L_AEIHTA_I_ATSE_SP_S_PSP_T_N_PVR_GSDD_GRYLT_ETNK_ETYK_Q___TPGK__K_K_GK_KEQ_KK__RTRS_WLDS_VT_SGLEGD__SDTST__L__DS_RH,0,mask-P12272
mask-nan,MAL_S_N___E__LL___M__PAR_LL_N_RPVCCLW_D_IDLV__WK_KCLR___VTEDWDQPVSDWKVF____SLR_NLLR_PCAEED_KS__IDS_G_D_WKVESLP_A_GTGF_DSKVKKYFVTS_DMC_K__I_DLKA_GY_EELL_KFRPDI_V__WFAPR_DC_CTYQIR__L____Y_VL__FEPPPVTIHQWN_A__TE_SHT_S_YPPGV_H_FFQ___KDTQ_W_GWYGPRVTN___VI_HRVTR_PPHA_AQP,0,mask-Q3SX24
mask-BD7c86-A-A-OLC1,M_RRPWLLA___A_A_AAGSAGASTGSDATVPV__QD___YV_HR_HERMLFQ_SYTLE_NGSV_C_PNN_QCFCLAWL_SN___AEK__ANILQWITF___ALCLMFYGYQTWKS_CGWEE_Y_ATI_MIKF_IE_F__FDEP_V__S__GNKTVW_RY__WL_T__VILIH_SN_T__AN_Y_KRT_GLLVS_I_TIVW_TTAALSK_YV__IFFL_GLCYGI_TFFN_A_VYIEA_HTVP_GRCRQV__G___LF_VS_G_FPIL__L_PE_FGV_S_YGST__HT__DLMSKNC______Y_RVLI_EHI_IH_DI_K_TKLNIG_T__EV__L__DEAEAGAV_SE__Y_Q,1,mask-nan
mask-nan,MA__YWFVFA____A__WLS___EVP_MTSS_APDLEE__DYTA_A_LT_YF_N_TLG__APPNCSVLC__TTTWF_E_SPNNAS_LLTV___TQD__LQENQPYN_SVGHCDN__CA_PP_HAQ_W,0,mask-P0C8E9
mask-BD6zzx-2-2-DGA1,RPTWYP_ATPP_YLD_T_L_DYGFDP_R_GSKDKDVL_YY__GEL_NG__AMA_VAGILFTDLVGLGP_WEAGA_VESSF___TLI__EV_T_AIL_GFRVK_Y__TGETGLGPFAPF_P__MRS_ET__K___NG__A_LAFL_FSS_A__QGK__IE_LQ_HLAD_G_NNIF_S_VGN_AL_AVLV__I_PC_IEA_N_LQ___E__FRPLPW,1,mask-nan
mask-BD5t1a-A-A-OLC1,MLST_R_RFI_N_____EEV_TF_D_DYGA_CHKF__KQIGA_L_PPLYSLVFI__FVG_MLVV_I_INC_KL_CL_D_YLLNLA_SD_L_LITL__WAH_AA___V__N__CKL_T_LYH_G_F_GIF_II_LT_DRYLA__HA_FALKA___T_G__TSV_T_LV_VFASVPGIIFT_C_KEDSVYVCGPYFPRGWNNFH___RNIL_LVLP_LIMV_CY__ILKTLL__RNE_KRHR__R__FT_MIVYFLFW_PYN__I_L_TFQ__FGL_N_ESTSQLDQATQV__TLGMT__CINPIIYAF_GEKFRSLF___L__RIA_LQKP_CGGPGV___KNV__T_Q_LL_GR_KG_S_GRAP__S_QDKE_A,1,mask-nan
mask-nan,M__WVF_F___TL__S___SPPP_LTL___R__DAIF_N_Y_KVLGQLSAR__LQDIM__QQG_SNQER__RARLGRQVDS_WAEQKQ_ELES_LVA_LQKHSRN_QG,0,mask-P01286
mask-nan,MAA_GA_RP_LLLLLAGLAHG__AL_E_KNNGTTC__ASF___F_TTYET_NGS_IVN__L_ASAEVLKNG_S_G_EN_SD__L_IT__R__LLTL_FT_NTTR_SV_HMYF_YNLSDTE_FPNAI___IYTM_STTDIK_DIN___RCVS_IRVYMK_VTVVLR_AT_QAYLSSGNFSK_E_H___DG__PT_GP_S__PPLVP_NPTVS_YNV_GN_GTCLL_SM___LN_TYLKKDN_T___AFNIS_ND_S_GSC_INLVT_KVE_K_RA_E_QF_M_A__S_F_L_GVR___T_PD__VP_FSI__HSLKA_QATVGNS_KC_TEE_IFVSK_LSLNV_SV_VQAFKVDSDR__SVEECV_DGN____PI__G_AL___VL_VLIAYL__RKRSH_GYQT_,0,mask-P11438
mask-BD6lgv-A-A-A6L1,RA_H___VKITR_F_VWALLLSVA_YFR___F_GI_P_VGPLLMLI_FAM__TLRLDDFKR_LSRP__V_AAT__H_LI_P_T__I_A_LFRM_PDLSAGMVLVG_V_SG__SN_MIY_A_GDVA___TISA__TL_GVFATP_L_RLYVD_T_SVDV_G_LK____IVVIP_T_GLVIHH_F__TVKRI_P__PA_SMVCIL_II_AVVAGSQS_IASVGFVVIIAVILH_GIGLLSGY_GG_LFGFDEST_RTL__E_G_QN_GL_AT__K_YFSP__ALP_AL_S__H_LS___LAG__SG___KKDQ,1,mask-nan
mask-BD6xbo-A-A-OLC1,M_P__E_VSLFFKLYCL__MTLVAAAY___L_YTR_TAEE_YFSTTA_CITE_I_LLI_V_LL_K_TGSLGRF_A_LSENVLGSPKE_A_L__P_L__AVQNNM_F_A_SNLDAA_Y___YQ_KI__T_L_T_LMLN_T_SKLQ_I__FM_CGG_TL__W_PAQA_KVVVAQNPLLGFG__A_A__CSG_A_VYFE___KS__TSLWV___QMYLS_IVVTLAG_YLSDG_EIQ_KGFFYGY_YY_W_VI___SVG_LYTSVV_KYTDN_MKG__A__A_VLST_ASVLL_G_Q_TL_FAL__L_VC__IYLYGLPRQD_T__SLE_LFQ,1,mask-nan
mask-BD5iy5-V-V-PSC1,M____A_PQ_R_LLARRLRFH__GAFMV___FATFYKF_VAEKRK__YA_FYRNYDSM_D___MRKAGIFQ__K,1,mask-nan
mask-nan,MQIFVKTLTG_TI_L___PSD_IE_VKAK_Q_K_GIP_DQQRLIFAGKQ__D_R_LS_Y_IQKE__L_LVLRLRG_AKK_K_K_YT_PKKNKHKRKKV__A_L_YYKVDE_GK__RLR_ECPSD_C_A_____S_FDR_YC_KCC_TYCFN_PE_K,0,mask-G1SK22
mask-BD7r3k-7-7-PLM1,MA__M_AQRRAGA_SARQA__AV_A_AAV_PV_F_GNPPP_H_DGSLAGDY___P_F_G_EPQ__KWYVQAELVHGRFAMLGAAG___TSIG_KV__GF__WYD_GK_V_E_NNID__T_MVI_FYLMG__E_K__Y_F_NPGS_ADGS_LGFT_EFKGLEN_Y_GGRF_DP_G_SR_DAA_YQEYKQK_VK_GR__MIAC_G_AA_YAATGKGP__NLAD__AD_NHVN__T___S_PIA,1,mask-nan
mask-BD5iy5-V-V-PSC1,MSTAL_KPQ_RGLL_RR_RFH_VGA__VSL__A___K_AVA_KRKKAY_D_Y_NY_S_K_F_EMRKAGIFQS_K,1,mask-nan
mask-BD6eb3-B-B-J3G1,M_YA_V__INLHYEIEGQG______M__GAPA_AWDPIFVQT__K__QV_I_DNRGT_____PD_PYSIAM_ASDA_GLL_ALNIP_AHVFGVSMGG_I__E_A_HYPQR_A__I_G_T__GGKHAVPAPPE_LKAL_GRAGLT_EEAI_EGW_L_F__EFIHTHKAELE_H_P_LL__LT_R_AYERHFQA_____VFKQLK_IQ_PT_V_TG__DML_PA_NSEILA_EI__A_LAIFES_GH_FVTSAR_PFLK_LKE___RQSV,1,mask-nan
mask-nan,MAA_KDSCGKGE__TG_GRRLHLGI_EA_F_EDVD_F___P_NETADT_LK_LD__YQKYK_M_LNLAQ__R___G__PEIK_TLE__KYMQKKKESTNSM_TRFLLADNLY_K__VPPT__VCLW__ANVMLEY___EA_AL_EK_LSTATK__DSLEEDLD_L_DQ_TT_E_NM_RVY_____RR_KD_S_KNK_,0,mask-P61758
mask-nan,MP_G_LQPLATL_L_G__VASCLGR_S__DPDFQ__LT_S_S_C__QL_V_L_DGWHMVC_Q_WGRS_KQWEDPSQASKVCQR____V_LSL_P_LV__TPQ___IC__QLGSFSNC_HSR_DMCH_L___C_EPQKTTPP___PPP_T_P_P__P_RLQ__AQ__GQH_A_V_EF_SG___G_ISYEAQ__TQ_LE_FLCN_LQCG__LK__P__EA_RA___GEPREHQPLPIQWKIQNS_C_S__HCFR_IKPQKSG__L_L__SGF_P__QS__V_G__I_EG_VEVRQGAQW_AL_DSS_AR__LRWE_VCREQQCGSVNSYRVLDAGD__SR_L__PHQKLS_C__LWE__SYCKK____CQ_PNPAG__AGTVASIIL_LVLL__LLVV__PLAY_KLV_K_R_KKQRQWIGP_GMNQNMSFH_NHT__V_SHAE_PTA_HVD_EYSQP_R_SHL_A__ALEGALHRSSMQPDNSS_SD_D_H_AQRL,0,mask-P06127
mask-BD6sl5-F-2-SQD1,D_AGL_PCSESKA_NKL_R___KVLDKRLKQYE_G__PYL_LQ__KERTEN_F_T_A_QGLLCGNDGLPHL_SDP___LRFNH__E_F_T_G__YVAGYI__VGRQY_IL_K_DAKPT_KE_IL__PLALKLA_Q_W_WPLASI_ELR_G___E__ENIT_S,1,mask-nan
mask-nan,_ST__LYQED_E_L_DY_D_STEQHWSEEDGEPSG_ATAE__DHAAQEE__EP_A__S_ALDLT_RC_ELRLTLA_L___D__TILEVT__SPG__TLC_G_Q__A__ELVDVEG__GLQITRL_TRS,0,mask-O85094
mask-BD6kqi-A-A-OLA1,_E_I__G_NF__I__FM__NPS_QLAIAVL_LTL__FTVL_NL_VLCVI__SRSLRCRP__H_IG__AV_DLLGSVI__YS_ID_HV___KD_RN_FLFKLG__TAS___KVGS_FLAAIDRYISI_R_L_YKRI__RPKAVVA_CL_W_IAIVI_VLPLLGW___K_QSVCSDI_P_ID_T__MFWIGV_S_L_L_IVY__MY_LWK__ID_S_WN_SYLTGS___R_K__LS__GMD_GVTFM_IGRF__GQKG_D___KAI_I_SSKK__QEMRFIIIGK___ELEGWARSLEEKH_NVKVITEM_S_EFVRELYG__DFVII_S_F_PFGL_ALEAM_LGAIPIAS_VGG_RDI_T__TGI__K___PGE_A_AILKA_E__R__LS___ENCKKRAMSFSDQ__M_I_LAKTLVL_LV_LIICW_PLLAIMVY__FGKMN_L_KT_FAFCS_LCL_NSTVNPII__LRSK_LRHAFR____E__YF_,1,mask-nan
mask-BD6iiu-A-A-OLC1,DYK__DD_AP___E_NW_T__D__KVIE_A_N___VKDAL_KMR_A_LDA_KATPPKL__KSPD__E_KDF____DILVG_IDD_LK_A__GKVKEAQ_AA___KTTRNAYIQKYLP_F_P_NI_LEERRLIA_PWF_A_FC_V_LASNLLAL__LAG_RQGGSH_R__FL__L__LVLTDF_GL__TGT_V____AA_FE_HAVDPG_R_C__MGV_MI_FGL__L_LGAA_AS_RYLGIT_PFSR__VASQRR_WAT_GLV____LAL_LLPL__VG_YTVQYPG_W__LT_GAES_DV_FGLL_S___GLS_GLSFL_N__SVATLCHVYHG__KYTC__C_YIYNPE_G_PD_GVNPGTDFKDIPD_W_CPLCGVG_D_FEEVEER_SEV_MMAQA__I_VVAS_CWLPLLVFIA_TV_RNPPAMS___Q_S_T_E_ELL_Y_RVATWNQI_DPWVY_LFR___L_RL_P_L_FLE_LFQ,1,mask-nan
mask-BD3vw7-A-A-OLC1,_GTAFI__DASGYL_S_WLT_FVPS_YT_VFV___PLN_MAIV_FILK_K_KKPAVVYM_HL_T_DV_FVSVLPFKI_YYF_GSDWQF__ELC_FVTA_FYCNMY__ILLM_VISI__FLAVV_PM___SWRT__RASF_CL__WAL_IAG_V_L_LK____QVPGLGITTC_DVL_ET_L_GY_A__FSAFSAVF__VP__I__VC_VSIIRCLS____IFEMLRIDE_LRLK__K_TEGYY___I_HLL_KSP__N__KS_LDKAIGRNTN_VIT__E__KL_NQDVDAA_RG__RNA_LKPV___LD_V__AALI_MV__M___GVA_F__SLRM_Q__RW_EA_V_LAKSR_YN_TP_RAKRVIT_FRTGTWDAYANRSKKS_ALF__AAVFCIFIIC__PTNV_L_____FLS_T_TTE__YF_YLLCV__SSI__CIDPLIYYYAS_E_QRYVYSIL___E___PSCYHHHH___HHH,1,mask-nan
mask-BD6xbo-A-A-OLC1,MAP_RENVSLFFK_Y_L____LVAA_Y__ALRYT_TTAEE_YFST_AVC_T__I____S_GLLAK__GSLGRFKASL__NVL__PK_L_KLS_PS_V__VQ_N___L_LS_L_A__Y_V_YQLK_PC_ALCTVLM___T__K_QW_S_FMLCGGVT_VQWK_AQA_KVVV_Q_PLLGFG_IAI_VL_SGFAGVYFEKVLK_SD_S__V__IQMYLSGIVVTLAGT___DGA____KGFF_GYTYYVWFVIFLA_VG_LY_SVVV_YTDN_MKG___A__I_LST_A_V_LFGL_ITLSFA_G_LLV_VS_YLY___RQDTTSNSLEVL_Q,1,mask-nan
mask-nan,MATA_L_RT_MSALVFPN_I_TE_QS__LVK_LL__SVSCI_YLRGIFP___YGTR__DD__VK_L_E_K_CPGS__L_K_M__C_DA__KK_LR_VVL__Y_NPED_QTISECYQFK__Y_NNGPLMD__SKNQSNE_SML_TDTKKA_ILLIR__YILMQNL_PL__DVC_TM_LFYYDEVTPPDYQPPG__DG___GVI_EG_P__LNV_EV_TP_HI_K__VTTER_RM_NIDSTIL_P_QIKT___KIL_DKDVE_E_EHYTSD___I__K_EEQ_KNP_S_ELE_P__VCEE_EIMR___SPDLSI_HS_VEQ_VN____L_MS__KTR__KVFQNKM__G_QPV_SS_E_RK_SQHE__RIVLH__DSSSQ_SVPKRRKFSEPKEHI,0,mask-Q86X24
mask-nan,ML_LLLC_V_YC_S_RLDPRASSFDY__E_VR_VNLG___V_EPWITP_IFD__GA_A___W_LT___GK__AEARLSAHWKS_V_AGDF_R_AD_GL____I__G_WALGPLEGDP_VDGQLE_LDKAV_WAGAAGL_V_ID_HGAPGSQNG____GRRGAIQ_QQ_DTVE_TL_A__LL__RYL_SDTVA_I_AIN_PNIP_GVD_GKL_E_YGSV_G_VNKYNAGTSVVY_DGFLP_E_WNGFKTE_S_V_MDTH__HMFD_GL_AMDI__H_DA_CQFAHQ_L_AS_K__IV_E__G___DCAK_LNG_GNGA__DGSY__D_AIGDCSS__T_F__KLSD__RSDMRRFIEAQL__FELK_G_V__T_KTEGA_GW_M___L_AGVFPTSP_D__FPKQC,0,mask-Q7Z9L3
mask-BD1poe-A-A-GEL1,__VN_HRMIKLT_G_EAAL_YG__GCHC_V_GRG_P_DAT_RCCVTHDCCYKRLEKR_C__K_LSY_FSNSGSRIT___QD_C___LCEC__AAA_CF__NKTTYNK_YQ_YS_KH___S_PRC,1,mask-nan
mask-nan,MV_Y___PENP_KSCKSR_SN__VH_K_TRETAQAIKGMHI__AT_Y_KDVTL_KQCVPFR_YNGGVGRC_QA___G__QG_W__K_AEFLLHM_KN_E_NAE___LDVD_LVI__IQVN_APKM_RRT_RAH_RINPYMSSP_HIE_ILTEK_QIV_K___E__QK__ISQ_KLKK_K___RE,0,mask-P18621
mask-BD3rze-A-A-OLC1,T_MA_PQ__P__VVL_TIC_VT____L_VLYA___ER___TVGNL_I_SLSVADL__GA_VMP_NILYLLM_KW_LGRPLC_FW_SMDYV_ST_S_FS_F_L_I__Y_S__Q__RY_KYRT__RAS_TIL_AWFLS__WV_P_L_W_HFMQ_TSVRR_DKCETDFY_V_W_KVM_AI_NFYLP_L_M_____KIY__V_QHC_IFE_LRIDEGLRLKIY___EGYYTI_IG_LL_KS_SLNAA_SE__K_IGR__NGVITK___E__FNQD__AAVRG_L_NA_LKP_Y_SLDAVRRAAL___VFQM_E__V_GF__SLRML_Q_RW_EAA_N_A_SRWY_QT_NRAKRV_TTF_T_TWDAYLHMNRERKA__QLGFI_AAFIL_W_P_FIFFM___FCKNCCNEHL_MFTIWLGYINS_LNPL_YPLCNENFKK____ILHIRS__NLYFQ,1,mask-nan
mask-nan,M__YTMQ__TY__M_SQGETGLSTAE_IEKGR_KL_D_N___FDES_R_IFETHFIR_FYMREIG_E_EGL_K_HLETWL_IN__Y_NK_F__ELI__D___N_RVGV_S__K___DRNDN_DVKQ_LT_N___ST_AKQ___SKTT_N__SS_SG_I_DDN_KRDLNA_TADDRL__TTKDGEGV_EYA_Q_EEH_ENKKRDT_TSN_TDT_S___G_S__DSDSKTSNKANT_SNDK_N_QINSVE_YI_DR_GK_GTQSYARLV__Y_EALLRIEQRIFN_MQEL___VY,0,mask-P68930
mask-nan,MSWLF___KS___SA_GS_G_LTSLQQQ_QRLIESLR_SH_SIAEIQKDVEYRL___INN_TIN__IL_PPQFPQ_KP_IS_YPP_RH___DKQGV_VTSPLVNNFTM__D__KIIQ_L__E_WKNP_VLAP__TA__YLYSN_SG_SPYASQ_F__LPP__PQEA_RSIT_L_VADTVS_STTS__TAKP_A__FG_LSNLPLP_P_V__S_PT_QNGFGYKM_D_P_AFP_LSE_SVS_LT_MNEQEE_L_EQFLTL_QLKQ__T_K___VKS__ELAR_N_L_EP_LE__RQ_VLDKY_LLTQMKSTFEK______E_SES_SA___QARL_VAAHE_EEE_DN_AED___G_ME_D_FLSSFME_RTI_HCR_AKE__LQQAI_MHS__H_PL,0,mask-Q8NEZ2
mask-BD4jkv-A-A-OLA1,GG__DLEDN_ETL_DN___IEKADN_AQVKDAL_K_RAA___A__ATPP_LE_KSPDSPEM__FRHGF_____QIDDALKL_N_GKVKEA__AAE_LK___N__IQK___G_CEV_LVRTDNPKSWYEDVEG_GIQ_QNPLFTEA_H_D__SY__A_G__TG_C___TLA_FVA_WRNS_R_PAVIL___NA_F__GSIGWLAQFM__ARRE_VCRA_GTMRLGE_TSNE______I_VIVYYAL__GVVWFV_LTYA__TSFK_LGTTY__LSG_TSYFH__T__LP_VLTV_ILAV_Q_DGDSVSG_CFVGYKNYRYRAGF_LA_IGLVL_V_GYFL_R__MTLFSI___HPG_L___A_SKINETMLRL_I_G_LAFGFV__TFS__FYDFF___E_ERSFRDYVL_QANVTI___T__PI_D_EI_NRPS__VEK_NL__MFGTGI___T_VW_KATLLIW_RTWC_LT_Q,1,mask-nan
mask-nan,__L_ATTLTFA_G_A_____MSAPASV_RGQA__AQ___SIYVQ_____GVV_GLA_PNL_TS_CVGCVGR_IGYT_LF_DKADVQ__PSGTVGVQVTV__D_APGEYL_I_GAS_LVGAS_VTG__Y_NT_VQVCE,0,mask-G4MQL4
mask-nan,_Y_E_AQ_QQ_SGSDNS__P_WIVILLFITAYFVWAL___Y____V_TINI_QARLVNLFL_NQLLANQ_YLMQ_LD___V_WDQM_TVMR_VGDYMRYPVI_I___L_FVL_N_N_TLKYRKT_DMKSLRAQEQF_WPAIMPIV__DLV_Q_V___PWA_ALTPMEFARKY_LLRKDDAL_DNPV_GEEMTA_IRR__AKRV_T___G_Y_DGFERCSPQAYAL_A______N__RD_AN_ILK_LD_T____KP_F_VA_P__KK_QN_ELV___V_KHAYVLTVIAS_LE_AR__GV_P__EFLW_KPV__R_W_M_NCV_R_TPYS__AGP_AHWK_EK___R_S_VPMI_E___ALEIA_KEVRLTP_QMEELEP,0,mask-Q5ZYC7
mask-nan,MAQ_V__P_VRMG_W_EDVYLEEE_M_HFLEKREKGE__IQ___R_KKNILRPMQ_SVSE_GYVHYGDKV_IVNP_QV_GEEA___MRG_L_L_MSP_EV__QL_D_LE_PCGVSAVQT_A_M_RN_FTIL_DGANSCEMGQV_V_GQNF__GIAA_LEGK__YLT_D__TLL_SSLK__LQEV__TD__T__NCW_AAF_DP_LRLEY_G_PV__N_KIV_Y__HTN_ALA__R_LFLRTYF_KE___V_H__L_SHKV_KPKNQWMLV___PRNKS__MLDISKPITE__RA_EQ_MGI__,0,mask-Q6P8Y0
mask-BD6k61-i-l-SQD1,MATAFL_SILAD_S__S_IFVP_IGWV_PIA_F_FL_LYIER_D__,1,mask-nan
mask-BD3v5u-A-A-MYS1,M__LG_GYFLLG_ILL___S_WFVLGS_RIA___NVSNFVI_AT_MA_G__L_EI_TSAYAS_MH_P__SI__AIGSCICN____L_LSAIIS___VD__LQK__LV___FVI_A_VIG_DGFSWI__V_L__L_IIYLR___KN__AEI___NDK__PS_V__L__LIIGLIGV_VGAELFV_GA_K_ALA_DISD__IGFTLVAFGTSL___MVS__AA_RNL_GMVL_NVI_S_IADIGGAL__G_LFMHLPAENVQMA__VIMSL___LFAKYSKI_RWQG_LF_ALY_IAIASLR_GGGSLVPR_SRSHHHHHH_,1,mask-nan
mask-BD7b1k-A-A-OLC1,_GSSH_H_H_S_G__VLFQGPH___IRKIITISDYVTMLN_ITGLLA_LLNSFSLIYLSIIFDSLDG____K_GTV_DF_A_L_SI___VSF_VAPA_L_YNNFESNLALI__IIF__C___RLAR___LNVKGFIG____AGA__LVGF_QLIN_YL__S__A_LIGL_M__DI__PKY_NKIF_YIFAVSLC_AI___PHFAL__CLIYAIYGII__IR_D_E,1,mask-nan
mask-nan,ME___D__AG_AKSA_GA_TSAA___AT__KTILE_I_N____GGIRRR__T_Y___IETM_ETLKST___RG_P_P_NII_DDMD_CRVEFNLP_E_NEAGQVIVRVSKGDHSET_EIPLASF_KICRALLFRCEFSL_Q_SVIL__QGGM_LK__VLT_A_LTS_N__DA__SGA__EG_V_FM_DCEGAN__GAN___T__GDSNFKN_CLE_SIM_GA_LDHAN_TGANLQHASL_GC_M__C_C__A_MDH_NLS_ATLIRA_MSGAT_QGATIMAA_M____L_RANL_KAS_IST_LDGA_LAEAN___TC__DCT_____TE_A_M_T_TQTLFNEFYSENI,0,mask-Q8ZMM8
mask-nan,MEV_TN_SSNI_PG____MNDS_TH_PSKV_IQD__MELH_PLC__WF_D_LMLSCGH__CEA__QDFWR__AKETF_PECKMLCQYN_CT_N_VL_KLV_KI_K_P_LKGHP_CPE__E__KLFSKPDGKL_CFQCK_A_L_VG_SKEF_Q_SD__H_FTEELA_QQGQLE_TL_ELQ__RN__K___A_H_ENKL__Q_H_SM___K_HQ_L_S_EK_ILT_LRE__K__NEEMELNLS_LQE_CLLAK__LVSIQ__T_QQ_SF___KDITTLLHSLEQG__VLA__EL____LNLGQYKGPIQYM_WREM_DTL___LSPLTL_PKT____L__SK_QT_V__GDI__IMPD_PER_DSS_AVL_S_GF_SGKW_WEVEVAKK_K__V_VVRESI_RK_SCPLTPE___WL_RLR__TDLKALDLPSFSLTLTNNLDKVG_Y_D_EGGQ__F_N_K___H_YTFSNTFME__Y___CPCL_DGGENKEPLHI_HPQ,0,mask-Q86WT6
mask-nan,_AA_A_LSLLEK__GLS_GNK_SAQ_ERQI_VLQT_NG_S_T_LT__AA___KQANKE_L_GSTAEEK_IVQQWL_YR_TQV_G_SSKNDIH_L_KD__S__ED_VYLTGYN_TLADI_LYYGL_RF_VD__VQEKEK_LNV_R__CHIQH_P__R__L___VFI_NRLY_NSH,0,mask-O43324
mask-BD4zra-A-A-4RF1,GPLPDAK___E_ATAQ__ALKSAHM___VN_K_PGLSLK_LSGDLTTNPTA_TGN____L_GSDIDADFV___G_LYAT_T_N_W_D_GPAAD__DPAQV_NPD_GLANVLANF__AK_EG_D__N__N__RISG_V_AQ_VNQIAPPFNAT_PVPAT_WI_ETG_HQLAQAQL__GS_NSVQ_T_S_W_E_V_V_,1,mask-nan
mask-nan,MMVDENV_TKAS_L_ASVDHG_GS___HD_HG_SAS_PLL_V_WKK_RMPRQR_S_SSFNL___PP_MPPI__VPTP___R_IDPR_LRFLFQ__LK_SDVSSLRR_ILPKK_A__H_PAL_CKE__P___ED___F_VW_FKYRYWPN__SR___LE_TGDF__AHGLQL_DFI_VY_DLYSNNYVIQAR_AS__E__DVI_LEE__VYT_L_RIENT__NDL_L_D_NHH__NNNN_SNSN_NKC_YYYPVI_D_T__TES_V_D_TALT_NDTP_DFLGG___T_NNYYS_FGTFD_LGSVE_IS_DDFY,0,mask-Q9LW31
mask-nan,MGQ__S__V__VSRNDSQS_FKPIIP_E_QA__VK_ARIDI__D__PAS_DLQLKH_W_SED_SLNIFV_ED__LTF_RH__A_S_DCIR_KV_LTKG_H_WE_YWPTRQ__T__VVGVC_ADA__HSVG_Q_LV_S_EQSW_WDL_RNK_YH_SK__AGVTYPAI_KNDE__LVPDKFLVALD_DEG_LSFIV_Q_YLGI_FR_LR______IVSAV_GHCE__M_YI_GLD_EPL_LM_LC_R__RQKIG__N_EE_IQQL_LPLSMKTYL_YKNR_,0,mask-A1Z6E0
mask-nan,_ADG_EDL_ADD__GPAFESYE_MEL_C__E_SG_V__SDG__MF_WGGYKSN_VRGLY_FYLPR_E__I_NMET_RWKKINTEGDVP_SMS_SCA_C_D_VL__FG_H_S__NTNKFY_LD___TD_VLQWERIDC__IP___KDKL_VW_YKNKL__FGG_GYLPEDKV_GT_EFDETS____S_PRGWNDHV_I__TETFTWS___T___APSP__AHAC___GN_GFVF_GRYRD____DLHYLNLDT___NEL__QG_CP_GRSWHS_TPV_SD_LF__G_FTTDK__LSDAWTY_ISKNEWI_FNH__T_KPRL_HTACA_DEGEVIVF_GC_NNLLVH_R_A_SN_ILIF_V_PKS_VRL_LEAV_CFK_M__N_W_CL__HL_H_VN_RFGSN_TS_S,0,mask-Q9Y2U9
mask-BD3o9w-A-A-1O21,_N_T___LQMSSFANR_WS_TDS___LGDLQTH_WS_DSATIS_TKPW__GKLS_Q_WE_LQ_MF_VY_VSFTRDI_EL_KMM_P_E__P_EI_L_AG__MY_G_ASE____V_F_GKY_VRFWGT__QTVP__PSW_DL__KVLNADQGTSA___M_L_D__PLFVRGLLE_GK__LEKQ_KPVA_L_SVPSSAHGHRQL_CH_SGFYP__VW_MWM_GDQE_QGTHRGDFL__AD___YLQATLDVEAGE_AGL_CR__HS___G_DIIL_W,1,mask-nan
mask-nan,M__ARKG_AK_E_A_V_LGPQAKEG_L__GVAHIF_SFNDT_VHIT__SGRE_I_RVTG_M___ADRD_SSPYAAM__AQD_A__CKQLGINA_H_KLR_T_GTRTKTPGPGA_S_LRA_A___MK_G_IEDVT__P___TRRKG_RRG_RL,0,mask-P48150
mask-nan,M__KS_RR_SWAAAPPCSR___S_SPG__KIRSSTQQ__R_RDP__DVYLDITDRL_FAI_YSRPK_A_NV_YFSIDNELEYEN__A______LAMV_RYCCKI___LKS_TM_R__IVHFTG_DQR________VG_YMV_YLG_TPEEA_R__IF__TSY_PFRDAA_G_CNFYIT_LDCFHAVKKAMQYGFLNFN_FNL__YE__EKAE_GDL_WIIPDRF_AFCGPH_RA____G__Q_SPET_IQ_FKNHNVT___RL_KR_YD_K_FT___F_H_DL_FADGS_PTDAIV_EFLDICE__EGAIAVHCK_GLGRTGTLIA__IMKHY_MTAAE__A__RICRP_SVI_PQ__FL__KQT_L_LE_DYF_Q__K_QEN_QHRA_FSKL_SGVDDIS____ENQDQQ___PYS_DDE_N___QG__L_AL__RRQSK__AIPL_V_LQSSVQ_CK_SE_NI_GSAGI__R__R___RKSSVKSLSISRTK_VLR,0,mask-O60729
mask-BD7qrm-K-K-SQD1,___INTFSWIKEQITRS_S_SL_LYII_RSSIANAY_IFA_Q_YENPREAT_RIVC_NCHLANKPV__E_PQAVLPDTVFEA_VRI_Y____KQVL__GK_G_L_VG__LILPE__ELAP_DR_SPEM_EKM_NL_FQSYR____N__V_G_VPGQ_Y_EITFP__APD_A__KDVH_L___IY__G_RGRG_IYP__S_S__T_YNSTATGIVKK_V_KEKGG__INI_D__D___V___IPRGPELLVSE_E_IKLDQPL__NPNVGGF__GD_EVVLQ__LRIQG__FF_ASVILA_I_L__K_KQFEK__LSEMNF,1,mask-nan
mask-BD8jw0-F-F-PID1,FE_ELGVT_P_G_F_PLGL_SDG_K_TF___R_SEL_NGRVAMW_CMGWIVPEWYRFPG_LSPSS____SE_P_G_AALKALPTEA_AQM__FVALLELG__WQDE__AP__F_____YGF_MFFVGGRE_S_SD_V_NQYSLN_EI_NG__AM__IT_MVFQN__TGTTGPEM__,1,mask-nan
mask-BD7r0w-D-D-SQD1,_LV_I____RF_MT_IS___DV__LG_R__MNL_T_GT_TGVAAGAL_PAVKY__PPSSG_SGGGVT_KDA___DVKVTE_L__HNA__RV_AQGLKGDPT__VVQGDD__AN_G_N_VCTH_GCVVPWNAS___FMCPCHGS_YNAE_KVVRGP_PLSLA_A__TV__D__LVLSTWTE__FRT_EDPWWA,1,mask-nan
mask-BD4cjz-C-C-OLC1,_H__HHH_LANNTTGF__II__AGYS__G_RAA_I_EAAFRQ_GVAVL_A__I_CWLDVDACTRVLLISS__LVMIVE__N__IEAVVDRI_SE__E____AKDLGSAAV___I_DAV_TWCIL_WS__G,1,mask-nan
mask-BD7e4g-A-A-OLC1,_EQI_F_LGI_M___ST_MFFFLK__NAKLASI___VSFV_IV_YILMLSGL_T___TSGD__Y_T_WAFY__S_S_L_V__SYL_RIDN_TRLE_L_FNSMVM__GLFA_ISEDLYKWLFFIIS_V_YLNVLFLI___R_E_KA_I_FVAIFW__FPIV_I_SP_GLMVLNAFW____YLVLDFI__IY_GF_TT_KH_EQ_EHHHHH_,1,mask-nan
mask-BD8c88-M-H-NKP1,_EY_NIF__VQ__GPAD_CMT_DVNL__RSG_GP_S____WFGN_Q_GP_Y_GSLGV_SLF_G___FF_I_IWFW__AGWNPAV_LRDLF_F_L__PAPEY__SFA_PLKEGG_W_IASFFM_V_V_S_WGRTYLRA_ALGMGKH_AWA_LSA__L_MV_GFIRP_LMGS_SEAVPYGIF_HL_W_NNFS_V_GNL__NP_HGL__AFL__S_L_FAMH_AT_LA_SR__GER____I_DRG_A___AAL___WTM_FNATMEGIHRW__WMAVLVT_TGGIGILLS__VVDN_YVWGQNHGM,1,mask-nan
mask-BD4azq-A-A-G2A1,H_ASLKDL__K_RL_ESHG_EEY__ELGV_LA_R_MA_MAKPDCI_T_DGN_IT_K_E__V__TVFS_N_GEK__ETT__GR_TE_VCTFQ_GALVQ_QQWDGK_S__TR_LKDG_MIVECVMNN__CT_VYE_VQ,1,mask-nan
mask-nan,MSAIA_YL_INKL_L__D__MQ__IWP__FPL_CDE_QSV___TD_LINFM__VARKS_NTILNNNA_I_S_YAAGNAD_VA_P__AQ__PR_V__LFA_ANA_A_AQPS_E___M_RYRNAA_KL_HHY__N_TS_T_YKI_DVVM_MIF_L_SEK_HS__K_LETT_DDYTC_PQMT_VQTD_LLD_VRSLLE_PST_IDLTTVDI_RSSF_RC__S_IMRYAKIV__Q_VALQ_DK_TT_EE_LI_RGEKIQMLQPQQ_INS_TEI_FC__A_FL_RLLK_IDPYP__RMYYNAA_TMF_TTM__YAVS_CK_NI_____IFKV_ENI_KHS__N_N_Q___N_Y_GV_SSNAKRKKY,0,mask-P25695
mask-nan,M_VE_CS_S_YK__PGH_RRYAR__GKVF__LNAK_E_AFLSKR__RQINWT__YR___K_GQSEEI_KKRTRRAVKF_RAIT__S_A_I_A___QK___RKA_REQAIRAAKE_KK__QA__KTAMAAAKAPTKAA_KQKIVKPV_VS____G_KR,0,mask-P83731
mask-BD8kde-K-C-SQD1,MT__AL_LAK_P_AYAPFAP_VDVLPV___FFI___FVWQAAV_FR,1,mask-nan
mask-BD8hju-Y-Y-DGA1,_NWIVA__M_MFVL_AF_PLVVS_AYT_VT_P_TQSTE_,1,mask-nan
mask-BD7pqd-x-x-SQD1,__TNLRLWV_F_MMKGAG_AGGVF_GTLL_I_FF_VVGRML_I_EN__PA__I_G,1,mask-nan
mask-nan,MP_FL_EL_L_ISLHPS_FG_RMQD_L__K_LA_VEGTCSGQ_G_IICVLDS_T_DI__GR_VPG__FAEFEV_YRAV__RPF_G_V_D__V_T_NKMGF___IGPLN_FV_S_L_P_D_K_DPT_NPP_YS_EDQVI_K__NVR_KIVGT_T_ATEIFAI_TMKEDYL_VL,0,mask-O14459
mask-nan,GE__YIA_GD_C_YICTFN_Y_HAL___KKGDS_ACDWWVPY_VV_WC__L__PV_IRGSGKC_,0,mask-P60277
mask-nan,MADEMDFYSSDYHND_A__TPS_PPTSTSGRP_GSG_Q_G_GMR__TEEAREA_LRKELE_VR__NEVIEG__G_LERA_GNMG___Q_V_N_T___N_WT_MLSQ__HN_____N_E_KGA_Q_LLELEAEER_R_EEV__R__EAERRREEARRKAEEEE_RR_AA_AAAAAPAGRS___GTTRGRV_G_GL__G__S_AS_SETTRTTS_IARGG__YTRG_AR_____,0,mask-G0SAN7
mask-BD8jw0-F-F-PID1,FEGELGVTPPMGY_DPLG_SS_GDK___I_RRKS_LKNGRV__WACMG___PEWYRFP_EL_P_SGLKFS_IPN_MA__KA___EAWAQMGA_V_LLE_GPL___ESR_PGDFK__AKY__PMFFV_G_E__DSDPVK_QYS_NSEI_N_RLA__AIT_MVFQN___G_TGP_M__,1,mask-nan
mask-BD7qhm-H-H-PLM1,C_AG_ITQT___VA_VD_N_AGSANDPVLVRDVTVHL_TD_EAGVK_TA_NQDT__T_H_LES__VDGEEV_LD_AEP__R_CSLV_DIQSEL__IEEPEV__IQH____LE__GFAYGG__PVEFVFDTG_I__DATVS__VLE__V_NR_VGGDT_E_SH_,1,mask-nan
mask-nan,_L_RA_RP__LG_TRT_VK_PSCGSYF_RTF_TA_N_TMPPMQEGMLSTMMMM__T_T__TGTV___L_GS_IVM_LD_VMRKRKKKMKK_K_RK_R__EK__RRK_S_GR,0,mask-P32344
mask-nan,MCRRPDCGFSFSPGP___LWCCLLLPI_S___VS____AAE__P______TRRCLLGEVFEGDK_ESW__P_VN__GRDGPLSQL_R___VTP__ANSV_LDE_FL__L__LYNNPDQLRAL_T____D__PRWMTVMRGYSE_GDGSPAVYTC_D__CRGY_LTRLS_GR___TEHVLG_E___PS_FNV_VA___EAT_TNRAVR__VS_AAAPEGITLFYGLYN_VKEFC_RHQ__PPLLRHL__YYAG__P_LK___VNLP__SRY_PQ_VDA_,0,mask-F5HCH8
mask-nan,MANVLCNR_____YLPGFC_L_KR__NPKA_STAGSS__D_SH___A_PDICSRT___DE_MGPFG_Q_Q_FQLPGNIGFD_HLNGTAS_K_S_VHK_LPDVLAEPLSSERH_F__A_Y_N_F_G_DAP_EQ_I_SAET_FES_R_E__IQTCPELL_KDFES_FPE_A_GKLM___VTQK_KNDMTVWS_EVE_E_E_LLEKF_NGAK_IC_A_RAEGY_ADF_DP_SGLAFF__YTNNT_F_T_ERYR__GFSV__L_C_KVI__SL_GT__VV_S_F_NAT_DSHIMK_L___,0,mask-Q9H3L0
mask-BD7vod-A-A-OLC1,GGTHL__KNWSAL_TA_VI__TIAGNILVIMA_SLEK____ATNY__M_LAI__ML__FLVMPVS_LTILYG___PLPS_L__VWIY_DVL_S_A_IWHL_AISL_RYVAIQ_PI_HSRFNS_T_AFL____V_T_SVGIS__IPVF_L_D_SKVF_EGSCLLA__NFVLIG_FV_FFIPLT_MVIT_F_TI_SLQK__ADL_D_W_TLNDN_KVIE_AD_____KDALTKMRAAA_D__SGSGDI__GQIDDALKLANE_KV_EA__A__Q__TTINAYI_KY_Q___N___A_KV_G__F__FVVMWCPF__TNI_AVI__ESCNEDV__A_LNV__WIGY_NSAVNPL_YTLFNKT__SAFS_YIQ_Q_KEN_,1,mask-nan
mask-BD8wb4-0-p-SQD1,__VL_ACVAS_AA_APG__VLPR_A_RA_S_KGPS_Q_LPL_GE_KLQG_GTQAIPGSE__P_LDG_W_G_VGFDP_G_SRVI_MRWLREAE_KHGRV_M___TGMIVQ_I_LFPG_TKT_GPAK_T_LHDVAVK__SMQQ__V_L_F_EIF_FVAIVQ_L_GSG__PGD___D__NC_A_TDTLARRQL_ELK_GRLA____GGMIHHF_LT__GPIEF__TLG_,1,mask-nan
mask-BD7y7b-3-3-SQD1,MLRTLA_L__V_S_S_FT_APMLST_TRAK_VSS_SGM_MQ_KSA_VPFL_KPEK_DG_MAG_VGFDPLGISY_IDVKWLR_A_LK_GR_CM__TA__LV_EVIHL____F_S__AL_A___A_RG__VQILIAI__IEM__NRFA_TATDMF_NP__KP_DLG_DPLSLG_NPAT_AKYE___V__GRAAMMG_SGMI_QMIVS___VI_QLLN__PVDAS_KL_G_AGT_GMGI,1,mask-nan
mask-BD6z70-A-A-OLC1,MQ_IIV_PNEPY__VI_KVVKLSI__IVVNLLYTVENMIS___VSSIS_S_V_A___S_SL_W__YSLMA_S__GT_ILIA_F__A_KD_S_IL__GLFLS_LI_LP__FYGKDFVLFLM_VLG_SETVRS__KEYLT_IFWFIPI_F_TNTFYG_YN__GD_KTPMKV_I_MN_T_IG_A__LI_GKF_LPK_G_E_AG_____SEI_AF_I_TFLLI_FK_PF_LH_R_EP_L_FK_VRLG_P__LE_AI_TLSFNVFVGFLAKFGDK_L_AHQIGL_I_SISFMIG_GVM__ST__A_Q__GARN_RG_VHA_N__AH_T_LV__LTGLILIL_PH_LV_PFSR_PEVIE_ASYY_Q_V_IS_PAMAY_SI_SG__KGM_KT__PLFVNIS___LFRII_SYFL_KVIHSPL_PWGFMTF_TA_RALFYY_VF_KV_GKLL_____EEEPE_EDAEGDKPL___RSK_T_N_ENL_FQGG__SHH____H_HH,1,mask-nan
mask-BD6wm5-A-A-8K61,M__AYVK__E_YGEKLLGL__RE__E__LQR_GFDVR_FDEL_LEEAE_YLII_EPVLILERD_LLE__KIL_SDGFT__YF_GG_FRTV_D_NL___IEKY_SLNN_ES_E_WAIKLSN___KTAE__L_SSLIGSGSS_VPF__RA__ARITLP_ARA__RIG_TPD_VT_I_TTASV__ALVLF_MG___PGA_VVW___LFD_LDG__ARL_S_G_R_GAV__A_C_R_SD_AVF_G_LWWI_F_MR_RLLVVATLTCL_T_QVISYIKARAE_S_L__D_G_I_RP_RLIIV_VG__VSDF__IAW_PALP_AMWVLAV_SV_TLGQRLH_VWTSPG_TD_IPA__G__ET__H_E_GN_GKTQ_,1,mask-nan
mask-BD8c29-H-D-DGA1,M__QTIDDT_KTTP_ATGV_TSLK_LN__YGK__PGWG_T__MGFT_A__AVFL_IILEIYNS__L_DGI_VS_G,1,mask-nan
mask-BD5dsg-A-A-OLA1,_P____RY_TVEM__I___TGSLS_VTVVGNILVMLSIKV_R_LQTVNN_FLF__ACADLII__FS_NLYTV_IIKGY_PLGA__CD_W_ALDYVVSN_SV_N_LI_SF_RY_CVT_PLT___RRTTK_AGL_IA_AWVL_F_LW___ILFW__VVGKRTVP__QCF_Q_LSNPAVT_GTA_A_FYLPV_IMTVLYI_I_LASRSRV__FEM_RI_EGGGSGG_E___LFNQD_D__VRG_LRN_KLKPVYD___AVR_A_LINMV___G_TGVAGF__SLRMLQQ_RWDE__V__A__RWY_QT_NRA_R____F_TGTWD_Y_MA__E_KVT_T_FAI_LA_IL__TPYNVM_L_NTFC_SCI_DTVWSI__WLCY_N_T_N_ACYA_CNAT_K_T__HLL_CQ_RNIG_ARH_HHHH_H,1,mask-nan
mask-BD7clj-A-A-OLC1,MH_HHH_TE_EE_NF__F_I__GIM__IHLIQVF_VLYLSN__S_PIT_N_PVYN_I_NSISPVA_T_FSIE_GPLVA___F_SA_AHIL_ATV_YY____NLKNHM____WF_YSI__S_MI_IIAML_T_Y_LGTLLAL_T_T_V_NLM_LMM__H_QTT_NTNW_SYII_CI_GFVPW_VIFIP_ISA___PDFV___FISIA_FFNCFAINMY_QY_KIGKW_NY_HG__VYIIL_L_AKSALAWQ_F_G_LRPM,1,mask-nan
mask-nan,M_T_LL_AA_G_ALAAA_PGGAPL__PD__ATMDRSL_QRQD_PYR___V_L_SVD_QRH_RL___R__QAP__A_YPV__ML_G__AVG_LDES_LR_L_____PL_VAIGYRTP_RI_R__RTFDYTPASPGQADQRDPL_GL__GG_DAFLD_LR__MRP__AAQAPLD_ARQTLWGHSYGGLL____LFTRPGE_A___A_SPSLWWR__AILGE____E____GKRAEL_LW_G__EPASPRG__KAE_GQAMA__V_DLR_VAGL__DF_P_DGLGHGETLGASLRLLLAR_AV_RQR,0,mask-Q9I0F2
mask-nan,M__Y__GDE___I__Y__NGRGGGRR__RNQIA___LL_EES__LH_DR_V_EAQ_WLRDS__L_EFACDLL_EEA__PR___L_AE__LVFL_GV_LNPG_EPEDMVSL__FADA_RVISL_L_P_KAVADLL_DLEA_KGPKTASEVVY_L__YLTDRV_TLISG____LDA____VEADERA__DQ__LRTLRRR_AGL_R_LAPQR_IYS_LARY__SWFVED_ADYWNEL__RLT_NLEE_EL___RIS_L_E___RRI_ER_N_T__LL_II_GFF_PMSFVTG_L_I_VGG_PGADAPHGFWLACL_I_GVATF_WW_FR_LRWL,0,mask-Q9ZIH2
mask-BD4us4-A-A-78M1,GFILAA__SA__L_NIWRFS_V_GENGGAAFL_V___FI_LIGIP_VL__FTIG__AQSDA_GS_E_LA_GK_WK__G_M_VA_GF_ILS_YGVIA__ILFY_F_YI_G_LWS_PA_GFG_FF_G_IA_PTLPLF_QA_FMIA_I___AIG_KK_IER_NKIL_PL__VLLIALAIYSLTLGGAKEG_AF_FSPDWSALK_PG_YL_A__QA_F_LS_GMG__I_Y__YVSKDSR_P_____VAGLD_A_AII_GIM___AV__LGLSP_G__GLV__VLPDIF_SIR_GPIV_IAFFI___AA__SSAV_L_EVPVA__MRK_DWS_KQ_AITL_VII_L_G__S_LSF_VLGE__I__GLN_FDSVD_I_S_VFLP_G_MIIALF_GWG_KTSDALAESDLTDSV_GKL_ILSLRFIAPI_IL_V__S_F_,1,mask-nan
mask-BD5zgb-F-J-3XQ1,V__PC____AFH__E__EVR_L_NRQA__EA_S_S_LALQS__DQ_HKR_DKYGT_LCGQ_GLPH_ITDG_W_HAREFTIPA__F_YI__WI_W_GRS_LKY_KET___TEQEIILDVPM_LKYMLSGF_WPLSAWQEY_S_Q_LAKED_IT__,1,mask-nan
mask-nan,M_LF_LTL_LVTL_IT_SL_QTT_AGSS__DSKCKLRC_K___ADR_LKYC_IC__ECKCVPSGTY_NK__CP__R_KK_SKGKS_C_,0,mask-Q948Z4
mask-BD8apy-A-A-OLC1,MNI_R_T_D_SAL____I_L__IW__RSCA_I_GK_QLLF_LVF_TRYL_L_TS_IS_YNTS_K_IYI_CS_ATVYLIYM_FKAT___N__TF_VEFL_VP__GLSF_V_HDFSP_E__WT__IY_E_VAILPQLFMIS_T_EA_TITTHYLFFLGL_R_LYL_N_IWRY_FEGFFD_IAVVA_VVQ_V_YCDFFYLY_T_V_KGK_L__PA,1,mask-nan
mask-BD6l7p-B-D-SQD2,D_VTLAG_LNAGTILPETILI___LVVLLADLIQG_QAD_W___FAIVGLGGA_A_MIP_WT_PATIS_FGSFIS_HLSL_FR_LIA_S_LGTILM__RYVEQTGSSLGE__TILLTATV__M_IAG_QEL_FI__AL_TLSI_SYL_T_Y_KRDSR_N_AAL_Y_LIGA__SAIFL__S_LLY__SG_H_QL_A_A_ALSSESLG_V_AL_FV_AG__FK_S_V___Q_T_D_YEGAPTP___FL____KAA_FAL___FLTLAFPSVTDQWQL__TVL__LSMILGN_V_L__TSMKRML_YS_IG__GFVM_GFV__TE_GYA___FYLLVY__MNLGA_TCVILF_L_TGT_QI_EYA__Y_KDPL_TLGLSL_LLSLGGIP_LA_FF_KIY__WAG_Q_G___L__LGLLT_VI_______VV_MMVV_EPQ_M_EAV_NY_EVSWSS_G_RPLQV_LVMTVI_TSL_GILAN___N_V_TA_W__P,1,mask-nan
mask-BD7wfe-BJ-BJ-SQD1,M___K_Y__VA_V_STLWF_SLAGL_IEIN__FPDA_TFPFFSF,1,mask-nan
mask-BD4n5i-X-X-2HD1,EAM_AKV__SW_QTAAR_KARY_DER_P_DV_W__EYR_EQ_ADPQ_TLNLYYPAKRRNAT_PTVIDIH_GGWFYG__NLNR__CR__AS_GYAVMGM__RLLPDV__R_QI_DIFASLRWLSHF__Q_GFDLD__L__G__A_GH_ASLV_CI___A__QELF___RVNF_FT_VALV_PV_EP_K_PEAA_DMSDMAAFYLDK_S_GD_AL___LN_SQ_VKG_DLPP_MLI_GQNDSF_LQ_QALL__F___H_TYT_K_WP__AGPHLKHV_NV_HWEWPE_I_TNL_M___FD___K_QDQA__NE,1,mask-nan
mask-BD6sl5-5-5-P3H1,LP_I_LA_VQS_SYL_____GDMGFDPL__GSGVLS_DW_RYAEV_H_RWAML__VG_L_PE___M__TIPPERGVED_QTL_IIEIAVF_FLESKRYE_YKKTGE_GF_N__PFDP_GLNS_KHAVNELQQ__RL__L_F_GFAST_AVNG__PIESLQ_HI__P___N_F__SVGKE_C_FV__LSI_PML_E_NKA_GK,1,mask-nan
mask-BD3w4t-A-A-OLC1,MSEKT_KGVQ_LR_DPK____RL______GMS_QTLY_L_DG_WV_GL_PESL_AVGLF__V__G_IA_AAGLGVGTS_A__RRIG_R_KEGA_NVA_HSLI_SLILG_T_TITM_PA_D_L_R_MGAKG_AV_LAIEYARV_L_GAF_IVF_NVGNGI_RGEGDANR__L__VL_SG_N__LDP_F__TLGF_VV_A__ATLLS_VV___F_A_WLFVKRDTY_DI_LR_FSPSRE_LKDILR__LPSS_SQ_SMSIAM_FLNSVAI_A_GENGV_VFTSA_RIT_LG__P_LG_A_A__S_TG_AYGERNVEKLETAYLYAIK_AF_I_LAVVAFI___APQV_YL___S_SA__IKGDLI__LR_LP_F__LT_FGMMT_A_FQ_IGEGEK___LTIF_T_VMQVGF_Y__V_YTTLGL_G__IGI__GNM_A_I_GFLWG_M_IS_L_K_SATGG_R,1,mask-nan
mask-nan,MQLLA__L_FAS_AAAY__SMSAPASVQ_G_A_TA__NSSI__QNYDDFGVV_GLAPP_LNTS_C_GC_GRRIGY_N_FGDKAD_QVPPS___GVQVTVPAD___GEY_L__GASY_VGA_GV__FN__N_TV____,0,mask-G4MQL4
mask-nan,MME_I___MQM_KL__EN_LDRAEQ______QAEE_S_QLEDELAA_QK_L_GTEDE_DKYSEA_K__QE_L_LA___AAD___EV__L_R_IQ_V_EE_D_A___LATALQK_E_AE_AAD_S_RGMKV_EN_ALKDEEKMELQE_QLKE__HI__EADRKY_EV_RKLVII____ERTE__A_L_ES_CSELEE_LKNVTNNL___E_QAEKYSQK_DKYEEEIKI_TDKLKE_ETRAEF_ERSV_KLE__ID_LEDELYA__LKY__ISEEL_HALN__TSI,0,mask-P06753
mask-BD7m93-A-A-OLC1,GPGG_SMGTLG____LEWF__FYFLSH_PITLL__LQ___PRDLYPVELRNL_QWY_E_F__P_LQ__PAWF_SF_FC__VFQLPFF_IA_YA_FKG____IRTP_IIYS_HTMTT_IP_LST_L__D_SKASHFRGQ_P_TF_E_LF_ISV__PY_LI_LI_LLFMVR_P_YK,1,mask-nan
mask-nan,_A_VINTNSLSLLTQNN__KSQSAL_T__ERLSSGL_IN_A_DDAA_Q___NR__ANIKG__Q_S__AND__S_A_TTEG__N_INNNLQRVRELA_QSA_S_N__SD____QA_I___LN_ID_VSGQT_FNGVKV_AQDN_L___VGANDGE_IDID_KQ__SQT__LD_____QK__V_DTAATV___A__TIALDNSTFKAS_TG_GGTDQKID_DL_FDDTTGK_YA_VT_TGGTGKDGY_E__VDKTN_EVTLAG_AT_P__GG_PA_A_E_VK_V__ANADL_EA_AALTAAGVTG__S_V_M_YT_NNGKTIDGGLA_K_GD____A_QNKDG_ISI____Y__D__TSKT_LNKL_GADG_TEVVSIGG_TY_AS_AEGHNFKA__DLA_A_ATTT_NP_QK_D_AL_QVDTLRSDL_AVQ__FNSAITNLG__VNN__SARS_IE_S_YAT_VSNMS__QIL_QA__SVLAQANQVP__VLSLL_,0,mask-P06179
mask-BD4x5m-A-A-OLA1,MDTILL_GLFAA___T_AFAPQSIK_IRTRNTEG__VV_Y_MFLT__ISW_AYG_MR_DFA__IA__V__FL_APV___TLINRRKK_VLES_GE__Y_Q,1,mask-nan
mask-nan,ME_SSSLLHHSY_S_LNPKFG_RPLVS_P__QSSRKCKQ__ICSNKMY__GFG_____AK_AKHLHD_FTY_AV__VSAQL_SYNPEA_ME__E_LDT_SVSDG_K___TLMR_SS_HM_L_LR_LEV_SA_CKN__EW_N_KRLA_KNV_D_NT_LMRE__L_TS__ETD_DK,0,mask-Q94AU9
mask-nan,MVI_INQVRQLYVA_A_KANTA_LTT_GD_VPKAD____T__FQS__PAGIVASDKINL_H___AKATPSEALAHK___Y_VTLDA__SATP__GQNYILR_AF_QY_G_SEED_Y___GE_I_R_GMTA_DFY_KM_ISL__NLENKTES_P_VN_YLI_A__ASTDV_VTS_T__SD_T_TD___IIIEETE___VL_MMP_AF_P_T__FLTIT__G__RLWGVAT_VT_T_TVP__HLIAD_EYF___ARGDIYRGMGYP_I_KT_Y__D_GAVY_V___HYFYTG_NESV_KSEKT_T_V_VD__SHTAM_ALI_AINTASGLTIA_L,0,mask-A0A385DVS7
mask-nan,_QLTDFKALT__CYGTL_DW__G_V__LQ_LA_R_GK_FTSDEL_E_FG_NESPQQ_E_PG_LY_DI_RAV_DR_A_E___E_D_AERE_F_TSVKN__AF____EALQYLKKHY_LVILSNI_RN__KLSN___G_EFDHIIT_QDVGS_KP_PNNFT_MID_L_____EK_D__HTAE_LYHDHIP_ND_GL_SAWIYR__GKEGY_ATHVPS_M_NVDFRFN_M_EMAEAHK__L_G,0,mask-B2Z3V8
mask-BD6li2-A-A-OLC1,_GIVN_S_RH__P_GFG_YSVVDV_IF_T_VIVLLTFLI_AG_LT_IFV_HC__LLH_YTT__FIQT__YAD__VGVSCL_PTL_LL_Y__GVHE_L_C___GYII_V_K__SMWC_A_ISVD_Y_A_TKPLS__QLV_P__LRI_II_IWIYSCLIFLP_FF_WGKPGYHGDI_____TSWLTSAYF_GFIVCLLY__A_FVV_F_Y_H_FKICRQHTKMKKYTCTVCGYIYNPED_D_D_G_N_GTDFKDIPD_WVCPLCGVG_DQFEEV_E_LMVLF_I_S__YMLQLPY_I_FLLE_SRV_D_PTL_F_TTWLA__NSF___V_Y__S_S_FR_G___L_E_M___C_E__EVLF__PHHH_H_HHH_,1,mask-nan
mask-nan,____Q____TGQARPCSSS_VPRC__LH_SRPISSGVSSSQE_SS_S_A___K__RSSG_VITRA_AT__PSELDDVGVSAAAESII__AI_FA_A__TY_V__WMVL_GI___ETCT_____K_LG_EDL_GA_NEVLWAL__CDG_QPR_FVTDIK_A_RAFKV_TA_SDFAV_H_K__MYSE_V_MA_A_GG_LEDL__DLNLSFERVRKAVE_ES_RRYQLPD_TEE_G_LK_E_D_SFL,0,mask-A8J353
mask-nan,_MA_QT_SI_SY_DG_Q__V_TELKTEQD_NCSEPDA_GVSPPPV_SQ_PMD__KQAI_RHPLFPLL_LLFEKCEQST_GSEG_T__SF_VDI_NFVR_Q_KEGKPFFC_DPE_DNL_V_A_QVLRIHL__LEKVN_LCKDF_SRYIA_L__KMNS____SGEPGS___PV_SQQIQ_AITG_I_____V_PASALQQGNVAMA___GG_V_QP__VV__QG_V_T_TL__G_IRIQ_SQL_LQLNQDLSILHQ_D_SSKNK__VLP_HATNVMR_W____IG_PYPT_DE__Q___QT__TLL__NNWFINARRRILQP_L_S_CS_T_KTK_KTAQN_PV_RF_P__IASGV_Q_PPSE_T_SE____TI__PVNMN__SLQ_L__D_AT_A__QVMMAGQSED_S_DSTE_DAGA_APAHI_GL_L_N_D_LQ,0,mask-P55347
mask-BD6iu3-A-A-OLC1,_HKEA_FTAGEIVR_II_GVS__LTVPFA_AAGLSGANASSSIVLTA__A_VAAGAIS___GGYLAAKSEADNYA____R__EE_I_VPDTEAAEVA_ILA_YGIE_HE__PVVNA_RKKPQA____MMKF_LGL_KPD_K_AL__AF_IAIAYVLGGL_PL___M_I_VA_K___A____TLM__LI__Y_KG_F__NKPF_SAL_T_LIGAIAS_A_F_M_KA_QS__LYFQ,1,mask-nan
mask-BD6dry-A-A-OLA1,TESIPEEMKQI_EE_GN_LHWA_LLILMV_IPTI__NT__I___SLEKKLQYATNYFL_S__VADLLV_L___P_ALL__MFEAM__LPLV_CPA_L_LD_L_STA__WH_C__S____IAI_KPI_ANQYNSR__AF__IT_V__I__GI_IPVPIKGIETDVDNPNNI__VL__ERFG_F_LFG_LAAF_TPLAIMIVT_F_TIH_LQK_A___EDNWETL_D_LKVIEK_DN_A_V_D_LTK_RA_ALDAQ_A_P_KLE__SPDSP_MKDFRHGF____GQIDD_LKLA_EG___E__A_AEQLKTTRN__I_KYLVQ___NEQRAS_VLGIV_FLFLLMW_P_FITNI__VLCD_C__T_L__L_E_F_WI_YVSSGV_PLV_T_FN_T_RDA_G_YIT_NYRA_KS,1,mask-nan
mask-BD4qnd-A-A-MYS1,GPGSMAL_ERI___LEPL_LVMG_ISPL__MP_LYKLYVS_SEH___L_L_T_L_YSFI__LWT_YGIYHKNPT_W__N_LGFLMYVAM_V__IA_T__TY,1,mask-nan
mask-BD5ys3-B-B-78M1,MGNT_LAN_AP_GLMG__M_TIL_NL_N_GFF___GIIL_MG__YGGI__IF____E___GN_FGLT_FTSY__FWLT_VAIL_M____LT_A_NAQ_L_AYLGLWG_FT_FMFFGTLKAARALQFVFLS_TVLFALLA_GN_AG_E___HVAGWI__VCGA_AI__AMG_VLNEQF__T_L_IGEAHLVPR,1,mask-nan
mask-nan,MNTKL_V_FL_SAI_FVSVT__RPGKDLERDEAY__Y_DERPYF_RAC____P_ATC_N_KANNN_SS___KT_CA_T_GEC,0,mask-A0A330KUG5
mask-nan,_FS_SIRL_V_GF_RT__LK_PVN_PSVF__VP_FF__ESKSTG__SRSVAMSS__K_GSDSGAIENRASRMR__LQK__EPVELV_E_VS_Q___HA_MKG_TDD_THFNVKIVS_G_EG_NLV_RHRL_YHL___E_DT_L_AL_IVS_TPSES___D,0,mask-Q682I1
mask-BD3sdf-A-A-LTC1,Y__VVWCAVGPEEQ_KCQQWSQQS___V___TAS__DD_I__V_KGEADAL__DG__IY__GK__L_PV__E_RKSSK_SSLDCVLRPTEGY_AVAVV_K_NEGLTWN_L__K_S___A____AGW_IP__LIV_QTGSCAFDEF_SQ_C_P_AD____L_AL__GDDQGLD_CVPN_KE_YY_YTGAF_C_AED_GDVAF_KND_VWEN_NGESTADW__N_K_EDFRLLCL_GT__PVT__QSCHLA_A_NHA_VSRSDR_AHVEQ_LLH_Q_LFGK_GKNCPD_F_LFK_E_KNLLFNDN__C_AKL_GRP__EEYLGT_YV__I_N_KK_SL_AC_F,1,mask-nan
mask-nan,M__LEEFNN__IN_DF__NNMFSCVFATTPSTKSSSL_S__SNFS__NL__NSD_LG_TQGDINQ__TTLI_A__QKLIR_S_V_K_LIGAM__RTVQ_LLGSFT_GTYLI___N_AY___GL_I_SVK_PEN_LSYET___YNS__IR__G_E___LVISFR_DS_A_NY_AMQDWVNSVQD_VTGLRALPQD_EA_IQ_NLHS__GL_HTAVMFT_HSISVSA__LS_D_D_Q__T____F_Y_VM__GAVDRQ_ALEWLES_AI_G_Q_VL_N__GV_GLSNS_S__S_L__TAG_IS_INTMTGIVNSQSKILGA_,0,mask-P13341
mask-nan,MA_PH_L__RIS_LS_SLEKGLYE_SHAIRL_L_A_LSGES__LLGP_GI_KSL_A__LKFAF__A_AFE_L____STPE_V_G_LSIQ_LK_EGRY_RLTSGY_PEAEI_F_D_IW_AGP_IL_TL___I_E_QF_NGAH_EKIPMRLLVAASNE_PEADS_LEALY_RM_IRL_LDKVQDKA___SMLTSQQDENDNPVP_ALQV_DEE_E__QKE_GEITLP__V____FM_RQ__D_L_DAPYV_DR_WKKAIRL_QASAFFSGR_____VDLILL_D_L_YD___LNLIQQQI_VL_TGH__Q__G___R_G__VQRHLQLQQQ_SDKT___V_RLGG_FSRRQQ__LPVNV_A_T_TLLLQKPL__HD_EVVHISF_RS__EQW_S__GEIR_KL_GI_FA_K__LEVDSAQHLVV__VS_QG_T__LPGSSAE_____IKQQLEEL__DW_K_HA_FSE_QKCL_I_G_WL_RI_ASLQDV_AQ__QA_Q_,0,mask-P31473
mask-nan,_ATP_PNKQP_EL__A_LFIGL__V_VLAL_FSSYF_N,0,mask-B0C6T1
mask-BD7r3k-8-8-SQD1,MA_TM_R__V_ARSASS_K_VVTCV_RQS_LP__QIPA_LDTPAAQA_AGNFGF_PLG_GKDPV_LR___QAELIHC_T__AG__GIL_PGLLTK_GAL_V___Y_AGKVAIE_SF_PWGSLLA__LFLC_FV____WQ_IRKPGSQG_PG_FLGFE_SL__TSELG_P_GPF_P_GLSK_ADK_ADWKLKEVK_G_LA___FL_FV__KY_TG_GPVDNLA__LKDPW_____TNGV__PF_,1,mask-nan
mask-BD7qhm-I-H-9YF1,S_TIEPEIY__VSTLDE_SA__GWHGL__NT_QLAGWISV_F_LG_NFGNHKG__ETI_LLV__A_LVIGL__H_FE__LSQ_RTI_SRN_PVG_VE_DW_Y_QATLT_TWGN__D___RS__IE_SRVAHLRA_,1,mask-nan
mask-BD4ogq-B-B-8K61,MATH_K_DLSDPT__AKL__GM_HN_YGE___PND_L_VF_IVIMGS___IVA_AVL_PAM_GEPANP_A_PLEI_PEWY___V_QILRSLP_KL_GVLA_A_V_LGL_LV__IENVNK_QNPF__PV_TT_FL__TLVTL_LGIGAALPLDK____G_F,1,mask-nan
mask-nan,MQALQASR_TGQ_RPCS_SVVPRC_SLHV_RP__SGV___QELSS_S_A_ATKSWRS_GRV_TRA_ATAAPSE_D__GVSAA_ESI_Q__I_F_RASE_YEVH_WM_LMG_L_Y__CTAAKILK_LGLE___G_WN__LWA__V__GLQPRSFVTDI_FADR__K_ITAA_D_AVWHGK_K__SE_V_MAL__GG_LED_FP__NL_FERV_KAVE__S_R_Y__PDETE__GP_KSEDD_SF_,0,mask-A8J353
mask-nan,_STG_T_D_DRKTQ_IAQYES_RE_V__EAKNV__NEN_SKILLL_V_KLK_AS_IQILYDH__REF__N_VQEL_E__KLLPDD____FI_G_QTNKCKDLAKV_NL_S_ETI_SLKKAKKL_ESRAKFQ_DCNP_LC_VQINTS_EDQK_GL___AEI_EVI_FFLS_ECKYIKL_GLM__G___VSHEDS__NRD_AT_VEW__K_DAK__TS_KLS____A_F__AI__GTA_VR_G_DIFGARPPK_EA__I,0,mask-P38197
mask-nan,M__TSYILAFQLCLIL_S_G__C_DTLTRETEHLKAYLK_NTSDVA_GGPLFLN_LRN_KEES__K_I_SQIVSF__KLF_NL_D_EVI____ES__ED_FVK_F_SN_T__D_F__LTRI_VDDRL__R___SEL_NV__FLSPKS_LKKRKR__TLFR_R_A_KY,0,mask-P30123
mask-nan,M__NV_IKSL_ALTILTSVTGI_T_LV_EVQ_TAKA__NV_KVKD__IF___G_VAF_SAT_FV_GKN_I___KHV_KNY_VGDRI__HPN_DKGNGG__SIKK_____GKEDV____VE_R_IERG_KGFNFN_NVTPFKYAAGA_A_E_IKVIGYPH__KNK__LYES_G_V_SVE___IVYSA___SGNSGS_VLN_NN_LVGIHF_SDVKNDDNR_A_GVYF___IKKF_A_NI_K,0,mask-Q2FXC3
mask-nan,__NPY___T_NT_EDR_ASSQGGPF_Q_LNR_____G_FPSLTYN___FIANQQP__PLPEPRL_W_NVNQ_SNPL__T__PGLQK_MNKNIK_KLP__SK____LSN_VS_N_MSNSNI_GH____SASG___E_GG_DE_ERR_RR__RFSQ_P__T__SN___NEDFANLNA_SSK_HQYDKKIHVV_RCQTL_K_YLRL__E_NP_L_RPPNILQKMYCLLMDKY_SK_ATY_YLCDQ_KSMRQDL_V_MIENS_TIKV__T_ARI_LEN_D_GEF__CQ_RIMALFENPTIP_KSYSE___YSV_Y__LT_DYPSISH_K_KLIDDGSSEI____HVKMI_E___M_LV_N_HYF_KN_L_L_KFE_CLI_S___LEKLIF_TII__SYNQV__DFVKS_F_FNSIEETTNFL_EQNLT_FILNK_ITDSNG_SS___ILNT__CRV__I_N_MK_K_IDI_GQ_,0,mask-Q12049
mask-BD4n5i-X-X-2HD1,_AMLAKV__S_AQ__A_D____ADERV_EDVHWET_Y_YEQS_DPQQTL_LYYPA_RRNA_M__VI_IHGGGWF_G_RN_NR____YL___GY_VMGMGYRLLPDVDLR_QIQD_FA___W__HF_P_RGFD__HVL_TGD_A_GHL_S_VAC_QQ_AELQELF_VSRV__NFTL_AL_CPVAE_SK_P_AA_DMSDMAA_YL_KLSGGD______LNFSQVV_GLDLPPFML_GGQND_F_LQSQ_LLKVF_AN__TYTTKLWPAS_G__L_HV_NV_HWE_PESI_T_L_ML_TFD_L_K___QAEE__,1,mask-nan
mask-nan,MLP_LLCIV_YCWSSR__P_AS__D_N_EK_RGVNLGGWLVLE_WITPSIF_AAGAEAVDEWSL__ILG___A_AR_S__WK_FVS_GDFQR__D__LNHV_IPIG_W_L__LEGDP_VDG_LEYL_KAVEWAGA__LK_LIDL__APG_QNG_D_S_RRG__QW_QGDT__Q_L_AFDL__ERYLG____AAIE_IN__N_P_G__QG_L_E_Y__VYGI_N_YN_GT_VV__DGFLPVE_W_G_KTE_S_VV_DTHHYHM_DNGL_A_DIDSHIDAV_Q_AHQHLE_S_KP_I_GEWTG_VTDCA__L___G_GA_YDGSYAAD_AI_D____A__F_SKL_D__RSDMRRFIE_QLDAFELKSGW_FWTWKTE__PGWD_SDLLE_GVFPTS__DR___KQC,0,mask-Q7Z9L3
mask-BD6ki1-A-A-OLC1,QITNKIHFRNL_G___GGVTAA_I_LPMA_AF_IA_GAGATAGLW_AVIV_F__AL__GT_T_ISEP_G_MT__Q_AVIASLVA__PDNG__MAF_VV_MA_LF_IAFGLL_L__YVT_M___VISG_MS_I_IILVILQL_PF______KGGVIGTLQ___NLVSNVRP_E_L_A_M_V___WF_P_RW_KFAPPQL_A_VLG_IIS_TLF___D_RRIGEIQ_GLPA_QLPV_QAD_LQRMLIDAA__GMLGC_DA_L___VAD_L_RTEHNS____V_Q_I_N_MSGL_GGLG_AG_TMGTVVNIQ_G_RTA_SG_I__MVL_V_I_G__KLAATIPL_VL_GIA_KVG_D__DWGFL_RAHH_SIK_ALIMY__IV_TV_VDLIAAVG,1,mask-nan
mask-BD6khi-L-L-SQD1,MAVSTELLVLGVY__LAGL____VPA_VYAY__ARW_VASS_E_AFMY__V_FFFPGL__LAPFIN_R_QPRS___,1,mask-nan
mask-nan,MDG_TYQRF_KIKI_ELK_DYAKFE_RE__VSMANA__RVMI__VP_VAI_L_EI___SSV_NDEF___RL_LIPLTS_RA__MRFS__CDACDGD_QC_F__V_FRLS_KCVT_QTLDV__RD_YSA__TVT_VDF_ID_SVS__SEH__III_KL___QELKL___ARKG_GK__AK_S_AATVT_M__P____NEDM_DTL_DEEKIDLI_S_P_KV_GMDPV_R_VVV__PEAYTYD_EVIKKAEA_GKPGL_EIS_KD_SFIFTV_STGAVK_SQ_VLN_I_L__QKLDAV_L_D_T_EADDQFG___AHMR_G,0,mask-Q39211
mask-BD3t6e-C-C-HTO1,M_Q_IVNS_A__ALA_L_AGCFE_P_ATTTQTGFRGLSMG_VLH_ATVKA_KER____PPA_A_V__EGPPVSQV_KNVKV_GNL_EAEFLRTM____E__SP__GC_Y_HDEN_L_SE_K_PYVVA__ML___RA_NT_WTQHVAQTGVTCYTC__GTPLPPYV__LEPTLP_NNRE_PTH_ER_ETRSGYV_RLA_Y_A_S__NYD_FTMFL_NDKRQ__VVP_TALPL______KER_PL__AYAT_AL_M_I_D__GTNCT_CH_A_TF_SWGK_STP__AIAWWGI_M_R_LNMNYLAPLN_SLPASRLGRQG__PQ_DC_T_HQ__TK_LFGA__L_D_PE__P_KA__K,1,mask-nan
mask-BD5dsg-A-A-OLA1,G_S__NRYE_V_M_F__TV_G_LSL__VVGN_LVMLSIKV_RQLQTVN_YFLF_LA__DLI_GAFS_NLY_V___KG___LGAVV_DL__A__YVVSNASV_NL__ISF__YF_VTKPL__P_RRTT_MAGLM_AAAW_L_F_LWA__I_FWQFV_GKRTV_DNQ_FIQF__N_AVTFG_A_AAFY_PVV_MTVLYIH_SLA_RSRVNI__M_RI_EGG__GGD_AEK__NQDV_AAV_G_LRNAKL__V__S_D_V_R_ALI__VF_MGETG_AGFTNSL__LQQKRWDEAAVNL_KSR__NQTPNRA_RV__T___GT__A_QMA_RERK_T_TI_AILLAF____T_YNV_VLVN_____CI_DTVWSIGY_LCY_NST_NPACY_LCN_TFKKTF_HLLL_QYRNIGTA_HH__HHH_,1,mask-nan
mask-BD6ol9-A-A-OLA1,GAPL_RHR_W_VIT_A_VTA_VS_ITIVG_VLV_ISF_VN_Q_KTV____LLSLACADL_IGIF_MNLYTTY_LMG_W_L_SL_C_LW_ALDYVASN__VMNLLV__FDRY_SI__PLTYRAKR_P___GI_IGL___I_FI_WAPA_L___Y__G_R___LDECQ_Q_LSEPTITFGTAIA_F_IPVSVM____C_I_RE_E_RTNIF__LRID_GLRL__YKDT_GYYTIGI_H__T_SPS_N_AK__LDKA__RN_NGVIT_DEAEKLF_Q_V__A_RGI_RNA__KPVYDS__AVRRA__I_MVFQMGETGVA__TNS_RML_QKRWD_AAVN__KSRW_NQTPNRAKRVITTF__GT_DA_RVVLV_ER_A__T__A_LL__II_WT_YNIMV_VSTF__KC____L_H_GYWLCYVNST_N_ICYALC_R__RK_F__LLLC___KK_VEE_L_WQGN_KL_S_HHHHHHHHHH,1,mask-nan
mask-BD7d7q-A-A-OLC1,MGR_KR_A_T_N__IA__K_VQWQG_FMI_VW_C_MGSL_FF_N_E_SRRV_AK_SH_QS_YGA_SV__AF_TGLDI_A_VN_VSD__R_LSGILAY_DGV__ISYLSM____LYF_VD_TQG_PVWLMR_AEWIITCPT_L_WCGLAS_____SV_D___ADA_LL_GGALSSILPSWPA__VFA_SFA_YI_VMLHMWGMFGKAMQPDFQ_PPP___H_LHL__CEIVMSWSIFPL_EF__RQGY___QVGE_MNC_ADYA_KVGL_M_M_N_NLE__NA_RVQQMH__LTGM____RKTNLS__RMA___GVDD__KSWIM_E_S_S_DGK___D_KAQQRARGENLYF_,1,mask-nan
mask-nan,M___EIRAELE_M_____DFRGSLDLES_EARI_E_DE_MADPEFWNDQQKAQT_I_EA_G__DYV___KKLN___E_LQ_THDLLKEEPDT_LQ__LE_ELKS_TK_F_EFE____LS_PYDKN___L_L_PGAG_TESQDW____LR__TR_G___G_KVETLDYLPG__AG_KSVT__IKGHNA_GYLKAEKG_H_LV_ISP_D_SGR_HT_FVSCEV_PEFND_ID__I_T_DI__DTYR_SGA_GQ_V_TTDSAVR_TH_P_NV__T_QTERS_IK_RERAM_ML_A_LYQRR_EEQQ_ELD_IRGE_KE_GWGSQI__YV__PYSMV_DHRT__E_GNVQA_MDGDI_TFI_A_LR_KLS,0,mask-P28367
mask-BD7f83-A-A-OLC1,LQ_FPA__LAGVTATCV__F_V_I__NL___LVV_R_REL_TTT_LY__S_AF___L_FLCMPLDL_RLWQY_P_NFG_LLC_LFQ_V_ESCT_A___TITAL__ERYFAICF_LR___VVTKG_VKL_IFVIWA_A__SA__IFV_VGVEHEQGT___DTNEC_PTE__VR__L_TV_VWV_SIFFFLP_FC_TVLYSLIGRKL__R_G_T_M_DL_D_WETLNDNLKVI__AD_AAQ__D_L___R_AALDAQKAT_P_LEDKSPDSP_M_DFRHGFDIL_GQI_DALKLAN_GKVKE_QAAAEQ_KTTRN__I_K__LR__NH_QTVK_LA__VFAFI___LPFHVGR_LFSKSF_PGSLEIAQ__QYCN_V__VL_YL_AAINP___N_MS_KY__AV_R_LG_EPE__YF_,1,mask-nan
mask-nan,MASASA__T_LKP__PPHKP____SSVSP_LPPPR__HLLR__F_SLAAT_TL_T_SI_FLA___V_AAEDEEY_KDTSAVI_K_RS_LSMQK_D_NV_D_V_E_RE_S_S_VAKYRKEKALL_K_SF_DIYSALN_VSGHY_SF_P_AP__A__KA_I_EEMET_EK_LT_GR,0,mask-Q9LR64
mask-BD6ssu-A-A-OLC1,__HH_HHA_NSILL___S_LSACQQSYFAL__GKARL__KVTPPAVTG_PEFE_____QQN_VEF_P_FIITLWMA__YFN_V__T__G_VYIYGR_LYFW_YSEAAKKR_T_FRLS_GI_ALLT_LGA_GI_NS_LDE_LDL__A_K_RR_F,1,mask-nan
mask-BD4rng-A-A-OLC1,_EF_IDLN_L_G_IAGAI__S_LIPQA__I_K_KS_RD_SL_MFIF_AI_IT_W_FY_VLIK___VIL_NLISLILIFLI_FM__RYGHHHH_H,1,mask-nan
mask-BD4or2-A-A-OLA1,_GTAD__DNW__LNDNLK__EKADNAAQ_KDALTKMRA_ALDAQKATPP_LED__P_SP_MKD_RHGFD__V_Q_DD_LKLANEG_VKE_QAAAE_LKT__N_YIQK_LIP_RYLE_S_I_SI____FS_L_ILVTLFVTL__V_Y__TPVV_SSSRELCYIIL__I_LGYV__FT__AKP__TSCYLQRLL_GLSSA___SALVTK__RIAR_LA_SKKK_CT_K___M_AWA____ASILIS__L_LVVT__IM_PP_PILSY_SIK____I___S_LGVVAPLGYNGLLIMSC__Y__KTRN_PA_F_E_K__AFTMYTTCIIWLAF_PI_FGS_YK_I_TC_AV__S_TVALGCMF_P__YII_AKPER_VRSAFT___V_R__V,1,mask-nan
mask-nan,M_PQSV_RVVAAAPQSPVVSS_A__SA__A_ASYI_SSYQ__ALQKR_YSSSK_SSPD_GS_RA__ARAS_PA__TS__PGE___RKA_EPVMPPLPS___TRH_KD_A_ALS__F_LH___S___LLPK_VTE_SF_EIFNHRKGHKATDVLSTLS_AVHDLESPMSG__LSDNDVE_G_T__S__H_DGT_SDVYFQLN_MS___L_F_PPPPP__I_E__EAAA_A_ASA_IAEEIAA_AEQ__ET_VYK___TI_E__DTN_QY_IMAHS_QLVED__VQPRSFL_R_A_R__RYE_ARQQQGIM____VR_Q_KLK_K_KK_KKLM_RTR_ERRK__RL,0,mask-Q7SHR6
mask-nan,MR_L___RMQ_FH_G_L_VI_SIL_E___LI__I_S_QLS_S_RDPF___ER_MMLTKA_S_NGI_A_R_Y__PV____CNALWVGHIKMLTPPFDRVYSGNPLVQ_L_S__GY_VTAPPLFYRD_Y_GTE_R_RM_DDGDWRSLLP_SVVEVI_EI__VE_IK_L_K_E_SELGGIS,0,mask-O26253
mask-nan,MST_DLYQ__VEMLD_YED_ST_QHWSEE_GEPSG_____PDDH__QEE_D__PA_DSLALDL_LRC_E_RLT___LRRL__GTILEVT_ISP_H_T_CHGE_V_A_GELVD__GRLGL__TR_VTRS,0,mask-O85094
mask-BD3a7k-A-A-L2P1,_T_TL_PVTESA_AL_AEVTQ_ELFEF_LN____A_SLYINI___GL_ILLFVFM__GLDDPRAKLIAV_T_LV_VVSI_SYTGLA_G_TI_V_E_PAGHFAEGSSVMLGG_EVDG___MW__YLTWALS_PMI_L_LGLLAGSNA_K_F_A___DIAMCVT_L__AL_T_SHL__WF_YAI__ACF_VV_YILLVE__QD_K__GTA_IFSTLK___V_MW_GYP_VW_LGVE___VL__GYTSW_YSA_D_VA_Y_FA_LL_N_LTSNE_VVSGSI_DVP_A_G__A_D,1,mask-nan
mask-nan,MNG__D_SGKLII___LG__IRRIPIHNEDI_YDELVLMM___FRG_L_S___VTIKYKDED___ITIF_S_DLS_AIQCS_ILK_T__VNGQ_RPLESSQVKYLRR_LIEL___VNRLLD___PPGEPGP_TN__E_D_V__RE_KSASDS__KQ____M__SM___DPL_NQDEI__NVMSAFGLTDDQVSG_P_AP_EDRSGTP_SI__SS_AAHP_GVQPQQPPYT_AQT_AGQIEGQM_Q_YQQQAGY_A_Q__AP_QQ__QY__QY_A_YS_QT__QQ___F____Q_P_SQA_APAFSGQPQQLPA_PP_QY__SNYPAQT_TAQTSQ____T_A_A_Q_GMA_SQPGAY_PR_GFTS_PGSTM_P_PSGP_P_A_NR__FG_G_TQPGPG_R,0,mask-Q92734
mask-nan,_PF_KAVKSSP_FSRYQTKYR_RRE_KTDY_A__RL_AQAKNKYNAPKY_LVVRFS_RFVTC_IVS____G__VL__AHSSE_P_Y_IK_______AAYATG__VAR_A__KV__ADKYEGVTE__GEFELT_AI__GPRPFKV__D___K_TSTG_R_FGAMKGASD_G_FIPHS_N_F_GFD_ETEELDDETL_KYI_GGHVAEYME_LIDD__ER_QK_FSGLIA_GIE_DQLEDIYA_A__KI____SF_KSGKD_AAF_AE___Y_Q_K_TAEE_KER_N_KV_E__R_,0,mask-O74306
mask-BD1v54-B-E-PSC1,_A_PMQLG__DATSPIM__L_HF__HTLMI_FLISSL_LY_ISLM_TTK_THTST_D_Q_VE_IW_ILPAII__LIAL_S_R___MMDE___PSLTVKTMGH_WYWSY_YT__EDLS_D_YMI_T_ELK_GELRL_EVD_RVVL_MEMT_RMLVS_ED_L__WAVP__GL_T_AI_GRL_Q_TLM_SR_G_YYG_C_E__GS__S_MP_VLELV_LKYFEKW__SM_,1,mask-nan
mask-nan,___P__N_HYRIPQGFGNLLEGLTREILRE_P_NIP__AAAYF___LE__EK_N__PAEWGSK_ED_F_NNH_F_EQ_PP_KSDP_Q_E_QI_GKEE_T_VT__D_SEEDKE___V_AVK_QA_FRG_IAREE_KK_KTNSL_NEEKEE_K,0,mask-Q15506
mask-BD8jjr-H-H-SQD1,MA_GA_AAA_LG_SAVQAFLA_SA__PAL___PGTSGTSA_A_SS_FSATSFGATAV_T__LALAR_G____P_A_E_EP_AG__I_GESAFA_Q_F___P__LATKCE_FLPWFR__ELKHG_IAML_W_GLVAPEFVRIP_PE_C____TV_EA_NAC__DPYF__IID_TDF_G__GHQVG___QVFAFCGAVE_L__F__T_N__N___LTLAN_GDYRLG_NF__EDEAKAKEMKL_ELK_G_LAM__FGGAITQA_LTGNGFPWL,1,mask-nan
mask-BD6o9f-A-A-LTV1,MR__LVLFF_S_W_ALA__IRR__SQD_FNQF_LFAQY_AAAY_GK_ND_PA__NI_CT_N_CP__EKAD__F_YSFED_GVGDVTGFLA_DNTNKLI__SF_GSRS_E_WIG___FD_KEINDI_S__RGHDGFTSSWRSVA_TL_QKVE_A__EH___RV_FTGHSL__ALA_VAGAD_RGNGY_I_VFSYG_PRVGNRA_AEF_T__TG_T__RIT_TNDIVPRLP_R_F_Y_H__PEYW___GTLVPVT__DI_KI__ID__G_NNQ_N_PDIP_HL___GLIGTC_,1,mask-nan
mask-BD6li2-A-A-OLC1,GGIVNV__R_SC_L___HY_V__VC_FET_V_VLLTFL_IA_NLTVIF_FH_APLLHHYTTSY_IQTMA__DLFVGV_C_VP_____H_ST_V_ES_TC_VFGYIISVLKS_SM_CL_CISVD_Y_AI_KPL__N_L_TPCRL__C__L__IY_CL_FLPSFF_WGK_GYHGDI_EWC__S_LT_AYF_GFI_C_LYA_AAFVV_FT__HIFK_C__H_K_KKYT_TV_GYIYNPEDGD_DNGVNPG_DFK_IPD_W_CPLC_V_KDQ__EV_EYL_VLFRITS___ML_LPY_IY_LLES_RVLD___LSFLTTWLAIS_SF_NPV_YAL__S_FR__L_R_SET___S_ME_LEVLFQ_PHHHHH_HH__,1,mask-nan
mask-BD6ab9-A-A-OLA1,__SMT_GQ_MGR__NSM_NI_SL_DYSAG_FE__DH_L_MGVGVHF_ALIFF_VVS_F_APKY__ATALS_IVM__AG__LNSQ_VM_T_AYA_V_GSY__QD____NGYRYVNW__TIPCLL_QLL_VL_L_G__LFSTA_WLIL__WGMIIT____Q_YE_D_IAQLMIWGAVSTAFFVVMNWI_GTKIF_N_A_MLGG_DSTI__VFW__MFAWTL__IA___PA_MNNADG__LRQ_LFTIADI_SKV___L_ITYIAIQQS_AAGY__A_Q__GRIGM_SKA_LE_H_H_H,1,mask-nan
mask-nan,M__A_PAIG__P_P_LL_PE__R_LQSLS_PE__P_P_D_S_R_CVPA__STAPGA_EGRS___A_RGNLE_PPRASRPARPLRP_LQ_RL_RRPGA_RPRD_RSIFEQPQD_RV_AE_GE_HCFAE__L_GGPG_C_L_GREVL_QALRCTN_KFTCH_E_RS_IQLDC_QQE_L_RDRP_PESTLTVTFSQNV__PVEETQR_PTLQEIKQ_IDS__TR_KNCLGM_LS_D___T_FI_V__KLRRPVT_PAG_R_QSI_DAIKEVNL_AT_D_RTSFYLPLDA_KQ_H_SSTTT__E_I_GL_K__MVVD_P_KFA_FK__H_DGQVLF____IA_R_L_LR__AG___E_L___L__NETG_VEWDA_SIP_LQNFLT__EKE__DKI__VQ_KYDKFR__L_EAL__SQ_KP_,0,mask-Q8WWW0
mask-nan,M__AGGDVQVAP_AVAQG_MDK_GA_RA__R_A_HA_GLA__LHE_CKALDKR_AHFCVL_EN_D___YVK_VETLCA___IPLIK__D_KI___YCG_C_Y__EGKARKVVGC_SAVV_N__NEEQGRA__TDY__SKN,0,mask-P49196
mask-BD7mdf-A-A-97N1,__AQD___ST_IH_R_QEA_VPALSV_V_IKGV___FVY__AD____KANTLDT__ELGAM_KAF_GL_VQILI_EGRL_______TYL_E_RLNYQG_PA_LT__DFLY_TSGLP_S_LARLENPMPG_AV_Q__RN_N_L__PGAKFSYASAN_D_L_AVI_NVT_K_FTE_IAERLT_PL__SA_V_VKGD_IIVNK_SGYKLG_GKPVLFH_PL_RNHV_AAYIHSTLP_MEIW_DA_LH_K_LPATLRE___NS___NSDV_LAADNRILY__GW__DQ__GPY_SH____PNFS__IALRPD__IG__AL_N_NSNLI_QLCA_IDNYLR_G__ADG_GDAITATDTL_VY_TL_LCF__AV_V_RGAFRVYRATAH_LR_R_YI_A_A_PGL_A_MLYV_PG_M__GLD__FILVWGPSS_LAIPFGM_L_A_VLTL_HQ___IL_,1,mask-nan
mask-nan,__NQT_YIGS_I___SKLDI_YEGILYTVDT_DSTIALAKVRSFGT_KRPT_NP_A_R_D_YEYIIFKA__I_D__VCD_P_M__I_G_LPYDPA_IS_S____PASDGA_A_S_G_SRAG_PSR_S__GQIIQ_QRP__G__QQ_FQANRGYNNYRG_FA_GYNNQR_H_NYG_PR_NHREK_KFE_D_DFEKA_EKFQEVLV_NLEKL_IEDKA_P_VEEKKDA____K_TS_F_NIS_ESLEKAEG_TGRP_WK__RETNQET_G_N_V_SLNY_RG_G_RG__GNRGYGGYNN_YQH___HRG_YNGG___NN_GY___G___R_NQ_N_A__A_Q,0,mask-Q9XW17
mask-nan,____GGR___AADQRFKQFND_L_FD__LAE_DIV__VAW_KALVT_GVLTAEEQA_L____NV__EDV_A_PQQ_LES__EDIH_WVEG_LI_K_G_LGKK_HTGRS_NDQ__T___L_CK_TVSE__TA__QL_SALV_TAQNNQDAV__GYTHLQR_QPVTFA__C_AY_EM_ARD__R_QDA_K__DVS__GCG_LAGTA____REQL_GWL_FA_A_RN__DSVS__DHVL_LLSAAA__MV_LSRFAEDLIFFNTG_AG_V_LS_R_TSGS_LMPQKKNPDALEL_RGKCGRVQG_LTGMM__L_GLP_AY_KDM__DKEGLF_AL__WL__LHMA_LV_DGIQVK__RCQ_AAQQ_YANA_ELAD_LV_KG__FREAHHIV_EA_VEA__Q__PLEDL_LSELQK__QV_D__V_P_LS_Q____K__AKGGVSPQQVAQ_I_FA_ARL_,0,mask-P11447
mask-BD8jw0-m-B-SQD1,_RIPG_KF__AQ_KIV_T_DEDGFTDSE_A_AL__A__V_Y_A_E_T_SL_YGEDPET_AKGP_TP_EKRVVEKGL_GSR_DS__PFRP,1,mask-nan
mask-BD1e14-L-M-CDL1,AL_S__RKYRVP__T__G_N___FWVGPFYVG_FGVATFFFAA_GIILIAWSA_LQ_TWNP_LI_VYPPALEYGL_GAPL_K_GL___IT____GAF_SW__REV__C_K__IG___P_AFAF_I_A_LT_V_FRPVMM_AWG___P_G_WT_LD_VSNTG_TYGNFHYNP__MIA_SFFF__A__LALHGALV_____PE_G_EMR_PDHED_FFRD_VGYSIGT__IHRLGL___LS__FFS_LCM_ITGT_WFD__VDWWQ_W_KLPWWANIPGGING,1,mask-nan
mask-BD7arh-E-V-PLM1,___L____RFS_GR_RG_MVS_I_VIS_I_IA_GVAV_I_G_SAMNGFERELN_RIL__VPHGE___VDQPWT_WQ__LDHVQK___I_AAAP____TG__ESGANLRAI_____NPQQEQRLSA_P_FVQG_AW__FK_GE_QIIIG__VADALKV_QGDW__IMI_N___EH_LMQPKRV_L_VAGILQ__G_L_H_FAM_P_A_A_Q_LDM_SSVSG_A_KMTDVFNANK___DAG_VTNS_V___SW_GTYGYMYRDI_MIRAIMYL_MVLVIGVAC_N_VSTL__A_KD___DIAVLRTLG__DG_IRA_FV___LL_GL__SLCGV_IGVV_SLQ__P__E_IEKL__H__LSS___FI_FLPSELHWLDV_YVLVTALLLSLLASWYPARRASN_DPA_V_S,1,mask-nan
mask-nan,_KI__I__VQPSQ__GAE_V_HFE_R_VTRAA_R_ED_SS__GLARWL_RNV__DPR_EQALQRLAD_DG_P_EARTV_RR,0,mask-Q9I322
mask-nan,MKNAPLTLNF_SVR__VSA__L_H_PTA__QLGLT_SWEAALVEHGLP_T_RDF___PEAAVS_PDF_A___AL_T__A_R_Q_RARELLA__MQGD_RV_A_IAERNPEPDARR_L_A__E_T__R___L_TVARHGGEGR_YGQLG_I_NR_V__K_SASV_Q__GVKAT_D___SAEL_RL__I_TVT_R_IQ_SEARGNAAILTL_EQVARSE_QSW_RA_Q_QRV_,0,mask-Q9RYE6
mask-BD3sdf-A-A-LTC1,Y_RVVWC____E___KCQQWSQQ__Q__T_A_AS_T__CIVL_LKGEA_A_NLD_GYI_T_GKC_LVPVL__N_KSSK_SS__CV___TEGYLAVAVV_K_N_GL_WN_LKD_KS__TAV_RTAG_NIPMGLIVNQTGSC_FDE_FSQSC_PGA_____LCALCAGDDQG__K_VP_SKEK_Y_YTGAFR_LAED___VA_VKNDTV_ENTNGES_A_WAKNL_REDF__LC_DGTRKP__EAQSCH_A___NHAV_SR_DRAA_VEQV_LHQQAL_GK_GK_CPDKF__F_SETKN_LFN__T_CLAKLGG__T_EE_L_TE_VT__ANLK__S_E__AF,1,mask-nan
mask-nan,GYCAEKG_R_DDIH_C__L_CKC_AS_YN_VCR_K,0,mask-P86269
mask-nan,M_KDK_TVI__P___EL_S__NS_LLE_AM_TI_ARCKVH_DGRAKSEL_S_DRVII__PDG_F__HQSKKREP_NWQPP__RVRLE_REN__LVSIRRKPRE_L_V_LE__YMVS__RAED_EE_A_T_SEAEMAELIF_NPE_I__G_KPLF_E__I__GIVDVLGRDSD___V_LELKR___E_HAVRQLK_YV_ILRE_YGDKVRGIL_A_SLTS__K_L_EKE_L__R_LEPPK__SKK_G__KTLF,0,mask-Q5JER9
mask-BD7f83-A-A-OLC1,L_LFPAP__AGVT_TCVAL_V__I_GNLL_MLV_SRFR__RTTTN_YLS_M_F_DL_IF___PL_L_RLW_YRPWNF_DL__KLFQFVSESCTYA_VLTITA_SVE_YFA_CF_LR_KV_VTKGRVKL_IFVIWAVA___A___FV_VG_EHEQG_D__DTNECR__EFAV_S_L_T_MVWV_SIF__L_VFCL__LYSLIGR_L_RRRGGTTMADL_DNWETL_DNLK___KAD__AQ_K___T_M___AL__QKATPP__EDKSPD___MK_F_H_FDI_VGQIDDALK_A_EGK_KEAQAA___LKT__N_Y__K___RDQNHKQTVKML__VVF_FI_C_LP__V_R_LFS_S__PGS_EIA_ISQ_CNLVSFVL_YLSAA_NPIL___M_K_YRVAV___LGFEPENLYFQ,1,mask-nan
mask-BD7qhh-B-B-79N1,K_VVVTTILESPYVMMKK__EM_EGN__YE_YC__LAAEI___CGFK___TIVGDGK_GAR_ADT_IWN_MVGE_V_GKA_IAIAPL_IT_V_EE__DFSKPFMSLGISI_IKK_QKSK_G__S_LDPL_YEIW_CI_F_YIGV_VV_F_V__FSPYE_GIF__LWFSLGA_M_QGC_I_PR_LS_RI_GGVWWFFT__I_SSYTANL_AF_TVE_MV_PIESAE___K__EI_Y_T_D__STK_FFRRSK_AVFDKMWT_MRSA_P_VFV__TAEGVA_VR____KYAY_LES___E_I_Q_KP__T_KVG__LDSKGY_I_TPK__S_GT___L__L_L_E_GVLDKLKNKW_YD__ECGAKD__K_S_LSL_NV_G__YILV_GL__AMLVALIEF_YKSR,1,mask-nan
mask-nan,MPT___T_FEP_HTHP___SAQA_QELHG_ELP_G_GV_SA_LPV_PHAAGA_____L_E_DP__V_L_GLAA_RP_VTLERV_VGVMDFQIPDN___T__DQPIE_DA_AA_LA___LR_ILAAWREAEIPGDISN_AGLYV_NF__Y_ALHWL_EHG_GAV__GFLHVPA_AAVALA__AD__PLP_L_QSEITR_VR_A_EA_TA_SSVLQ_G__,0,mask-Q9RX25
mask-nan,I__G_A_YA_GGGRCSLGF_VR_SS__TYA_TA__C_EIA_T_YT__GQT_LLGTRA_T_F_GNDYGLIRHSNASAA_GRVYLYN__YRDI_GA_NAYVG_TV_RS__T_G___G_V____ATV_YGGGDIVSGLI__NVCA_PG_SGGAL_A__TALG___GG__NCRTGGTT,0,mask-P41140
mask-nan,MALVSSR_T__S_PSRERIV_VVY___RNGRL_HPH_IEV__SS_NGLY____INR_NDLRGN___CLYSWSSKRTY_N_F___DL_D___IFP_H_QEYVLKG__ILDLD_N_G_FSAVT_RR__SWS_V_HY__YKASELN_EATR_LS_D_STQTD_R_RR_S_VDEV___TE_SREEITS___SDSS_ET_E_LMR_DGR_ILLQE__ELN__VEKMR_SAVL_QLIS_GAMSFKK_GPT_MN_NTRS_A_RGTGNY___RA___L___GRVKLE_KEYFSGSL_DESSKKELVPALK_SSSY_IDR_SR__LT_EKEGE__ARA__I_R___SVVGQ_,0,mask-Q8GY65
mask-BD5oqt-A-A-OLC1,MN_F_KK_IQLLMKESG__GASLR_E__AFDL__LG__AII_TGIF__TGV_____AGP_LVLSFILSG_A_V_AALCYAEFAST_PV__S_YTY_YATF_E_IAW_L_WDLI_EYGVAS_AVAV_WS_YFQG_LSGFGIEL_K__T_A_DPA_GT_I__PA__IV_F_T_LLNL_A__SA_FN__I___KVAVVLL___VGVW_VKP_N_T_F_PYGFSGVATGAA__FFAYIGFDA_S_A_EE_R_PQRD__IGIIVSLL__T_LY_A__LVLT_IVPY_QL__KNPVAF_LN__H_DWVAG_ISL_AI_G_TT_LLVMMY__T_LFY_ISRD_LLPKVF__I_PT__VPYV__W_T__AVAVFA_IIPLNKLAELT_IG__FAF_TVSI_V___RKTQPDLK____V_F_PVV_I_AVLFCG_L_L_L_A_T_IGFVSWLLIGLVIY__YGRKHSELNEM_RTE___G,1,mask-nan
mask-nan,MTFAELGMA_WHD___P_IAGILA_MI_NW_N__K,0,mask-Q6BF25
mask-nan,MMT_MW__L_KV_L_L_AFFATYEAKE_ERI__EL_T_TNDEG_VLFN_SADS_P__P_PT_HDDP___QKQNQNQSPIPETNRH__QYHS_I_PDQY_KV_RS__GKLNLVF_D__V_L____T_V_S_QP_PPRH_SDT_V__DSPI_K_RPPQSP_R_L__D_KE_N_CAKDES___RNFCTNVDD_PD__G__H_LKN__AKF___D_QPTDVSSRVGGSDER_LCR_IRKLV_PKKGLRADD_WQLIVNNDEYKQ_IQI_EC__ADQ_CDF_AN_PQ_YNP__K_H_T_QTLAS_KSD_ELDV_QNS_K__S__KC__KTG,0,mask-P48607
mask-BD4qnc-A-A-MYS1,_E_L_GYVAAFLTT__FLP_VLR__MTKQTRD_S_NMYI_F_LG____FVY__LR__LP__L_NVVTL_FVTIILYYKLTE_NQTG_L_VLFQ,1,mask-nan
mask-BD7ahk-A-A-BOG1,_G__RKYIEYP_L_K_LIGLILGAIVG_IL__YG__HA____V_PF_DL_VRLLKML_M__V_AS_VV__ASISP_____VG_K_VV___LTSA_AV_LG__MAR_FNPG_GIH_A_GGQ_FQPHQAP_LVHILLDI_PT_PFGALANGQ__PT__F_II_G_AI_Y_MNSENEKVRKS_E_LLDAIN__AEAMYK_VNGVMQYA_IGVF___AYVMA_QGV_V___LAK___AVY_GL___ILLV_FVL_KI_GID_I_F_KH__DA___AF_T_SS_GT___T_RVAKEMGISEGIYS_T__L_ATI_MD_TAL_QGVC_FFIANAL__H_TVGQQLT_VLT_VLASIGTA_VPGAGA_M__M__HS_GLPLT_PNV_AAYAMILG__A_LDMGRTMV_VTG_LTG__IVAKTEG_LVPR_S_,1,mask-nan
mask-nan,_DGR__SANNKATDL_A_P_RG__SD_PCR_KHP_LCG_RR,0,mask-K4RNX9
mask-BD8j7z-A-A-SQD1,A_E_E_GA_PPLG_FDP___LS__CTQE___RLRYV_IKHGRI__LAFLGQ_VTRA__HLP_S_NYAGDS__SF_NG__A_F_PNSIPTAGLVQII_FIGV_ECA__R_VPGTGNEH__D_R__YIDF_WDS_DEETK_QK_AIELN_GRAAMMG__G__V___II_LGY__D_PIIGHLQ,1,mask-nan
mask-nan,M_RCA_LLLM_LMLGR_LVVPVTP__T____PQ_SPQ_T_RP_ASESPSA_P__PWAAQSH_SPT_____RIVLSLD__IGLL_I__EQA_AR_A_EQATTN_RIL_RVGHC,0,mask-Q96RP3
mask-nan,_FQSIL__VL_V_S_S_F_C_I_TLIGP_M_D_IVALDT____LIG_IGV_MM_Q__LAYSEVVLVI_ILAFIGSIAL_KFIER__V_DRG,0,mask-Q9RGZ0
mask-BD4rng-A-A-OLC1,_EFS__LNNLI_II_G_ITTSA_IP_ALKI_KT_SARD__LAMF__MAIGIT_WF_YGV__K_I_V_L_NLISLI_IFLI_FMKI__GH__HHH,1,mask-nan
mask-nan,MKLRH__LTGAAL_SF_A_TVHG_TVVN_AK_TVT__L___NS__LIPN_DFT_KIE_DTT__EDGNK_KG_AL__P_TKV_YTNSD_GGSN_KTAEFDFS__T_EKP_VYYYKVT_EKI_KVPG_S_DT_S_T_QVHVLWN__QQ_PVAT_IVGYKE_S_VP_QFKN__DST_LTV_KKVSGTGGDRSK_FNF_LT__ANQYY_A_E_VMI_KT__G_QA____EASI_QLYH_T_KD_E_I____LPVGVDYV__ED_YKS_KYT_NVEVSP_DG_VKNI_GNSTEQ_TST_KD__ITF___K__E_PTGVA__VAP__ALG_VAVGGAL___K_K_A,0,mask-Q9A1S2
mask-BD3v5u-A-A-MYS1,_VILGVG_F_LGLIL_YYGSDWFVLGS_R_ARHFNVS_FVIG_TV_A_GTSLPEIL__AYAS_MH_P__SIGNA__SC_CNIGL_LGLS__ISPIIVDKNLQKN___Y_LFVIF____GID_FSW_DG_V__ILFII__RWTV_N_SAEIEENNDKN_PSV_FSLVLL__GL___LV__E_FVD__KKIA_ALD_S_K__GF_LVAFGTSLP__MVSLAAAK___GGMV____I_SNIA__GGAL___SL_M__PA___QMA____MSLLLYLFA_YS_IG___G_LFLA___I_IASL_M_GGSLVPRGS_S_HHHHHH,1,mask-nan
mask-nan,MSR__R_GGET_VYVGNLG_GAGKGE__R_FSY__PL__V_IARNP_GFAF_EF_D_RDAED_V_G_D__V_C_S_VRVE_ST_M_RRSRFDRPPA_RP__PND____CGE__HYAYDCHRY___RRS_S_SRS_S__R_RR__RS_SRS_GRRS_SASP_RSRSISLRRSR_AS_R__RSG_I_G_RYFQ_PS_SRSRSRSISRPR_SRS_SRS_SPKR_RS_S__PRRS_SP_R_D,0,mask-Q16629
mask-BD8wdu-L-H-CDL1,___LSF_RKYRVRGGTL_G_DLFDFWVG__YVG_FGV_G_FFA_LGVLLI___AT__PNA_LQTY__W_ISIAPPDLSY__G_APMTEGGL_QII___AIG_F__WAL__VEICRK__IGFHIPFAFAF__GA_L__VVVRPILMGAW_HGF_Y___SHL_WV_NVG_QFL_FH_NP__ML_ITFFFTNC_AL_M__SLILSVTN__KGEE_KTSEHE_TFFRD_VG_SIG__A__RLGL_L_LSA__W__V_IV_S_P_WT__WPEWW__W_EL_LW,1,mask-nan
mask-BD8jw0-J-J-SQD1,_EA_____GTGGPLPESFWDPAG__NN_T_EELL_YRAA_LKHG_IAMAAVVG_FTNAS_FHYL_DLWLKKP___N_IE__NQLS__GVF_M_FF_GCLEWL_T_P_P_P_____D_IGM_DVLEED_DEN_M_EYKK_QMQ_LNNSR_AMVA_I__IVQAT_T_,1,mask-nan
mask-nan,_DNKTY__SSAEWEVM_I_WM__YAS_NN__E_IQ_Q_DW__KTIRTLI_RLYKKG__DR_K____FQYYSLV_ES__KYK__KN_INKVY_GGFNS__LNFV_KED_SQDEI_ELR_ILNKK,0,mask-P68261
mask-nan,_T_IIG_VAG__R___PPRGTRPT_D_VRE__FN_VTA__D_TG_AVLD__A__GALGLE_LSR_A_SVLF__SD_RSAAVIAR_IE__GL_GA__RR_A_AAVVA_GTTSP_DL_L_DP_Y__DSADV_AILAALG__GW_R__T_AVVERATTCAPL____GWRRWPQRVYGD_RLELA_RL_ANV,0,mask-I6XFS7
mask-BD3iiu-M-M-J7Z1,ADE__D_AKKLG__SY__AK_VD__NG__LQAPGK_Q__E__K_ID_MIVMGAAAD_KLLKA_A__HHK_IGSVS___GVT__ADWDSVLAAL_RVIA_VPEN__MD_Y_S_SK_TDPKV_AYMKSLV_GAD_EKA_EGFL__KDVV_KS_,1,mask-nan
mask-nan,_I_Q_V_R__AAAP_SP_VSSL__SSAPRAGA___LSS_QP_ALQ_RR__SSKPSSPDDGSS_A__ARASV_AAGT__TPGEKRKRKA_E_V__PLP_V_ST_H_KDEAL__S_F_A_HRP_S_TQLLP_TVT_E_F__IFNHRKGHKATD_LS_LS_AVH__ESPMSGLRLSDNDVEDGS_KISLKH_DGTE_D_Y__LNS_SG_F__F__P_PP_PI_EV_EAAAEA_ASAAIAEEI_AT__QE_ET_V___V_TI_E_RD_NGQYKIM_HS_QLVE_DAVQPRS_L_R_ALRQIRY_E__Q__GIMHA___RR___LKI_KK__KKL_R_TR__RRK_DRL,0,mask-Q7SHR6
mask-BD4xu5-A-A-LBR1,MRL___EAVVL_LLGAV_ALI_DHS_VVTG__VYHTDA__F__S__FW_P__VGAATA_L_ELRLHLP__RDGVT_R__LGGVA_VVGTYV_T__VHAFP__PVT____AA__I_W_V_GD_PGAAC_VVI___GP_VE__LVQLGVF_YHPDSDG_FGVA__LAPLYFAFG_VAALLGE_AVAR_PQ_,1,mask-nan
mask-nan,G_G_L_K_LAKKVAK_VAKQA_KQ_AKY__NKQ_E,0,mask-P83619
mask-BD8oyg-A-A-OLC1,_NIL_K__S_IGKT_SLW_ALFA_AAF_APDTFKW_GP_IP_L__II_F__G___KP_DFD_LFKHPKVVIIGVIA____MPATAW_LSKLL_L____AVGV_LVGC_P_GTA_NVMT_LA__NV_LSVAVTSVST_I__LLTPA__LM_A_E_L___A__M___IVK__LLP__L__IVHKV__SK_EK_TDAL_LVSVA__VL_IG_VVGASK_KI_ESGLL_FAV_V_HNGIGYL__FFA_KWTGLP__AQ_T___EVGMQNSGLAAAL_AA_FAAAPV_AV__ALFS_WHNI_GSL_ATYWAAKAGKHKKPGS_EV_F_,1,mask-nan
mask-BD4mbs-A-A-OLC1,__P_YQVS_PIYDIN_YTSEPC__INVKQ_AA__L___Y__VFIF_FVGN_LV_LILINYKRLKSMTDI_L_N_A__DL_FLLTV__WA___AAQ_DFG_TMC_L_TG_____FFS_IF_I___T_____A_VHA_FA__ARTVTFGVVTS_I__VVA_FASLPNIIF_R_QKEGL_YTCS_HF_YS___FW_NFQ_L_I__LGL__PLL_M__CYS_IL_TLL_MKK___T_CGYIY_PE__DPDNGV_P_T_FKDI_DDWVCP_CG_GK_QFEEV_EE_KRH__VRL_FTI_IVYFLF_AP_NI__LLN_FQEF_GLNN_S__NR_DQAM_VTET_GM_HCC_N_IIYAF_GEEF_NYL__FFQKHIAKRFCKCCS_FQQE_P__ASSVYTRST_EQEISVGLG_P_EVL_Q,1,mask-nan
mask-nan,_SD__GDVQ_APA___Q_PMDKE_ALRAV__A_HH_DGLAK__HETCKAL__REAHFCVLA__C_E__YV___ET__AE__IPLI_VAD_KIIG_YC_LCKYDK_GKA_KVVGC_S_VVTNWGNEEQ_RA_L_DYFA__N,0,mask-P49196
mask-nan,__QA_QII_FTT_G_LV_YV_RKVIV__RD_K_LIGI_RSFDQ_A__MLQY_IERIYVD___GD_D_GVY_VR_EN_VLLGELDLDK_YD__KQLRR_PAEELYPL_K_HEE__KKN_RE_G__L__VGFS_D_GHDDL_,0,mask-P87173
mask-BD7y5e-F2-J2-3XQ1,_AGL_PC_DS__F_RRL_LSVKKLE_RL__YEP_TPP_L_IQKSIETTKIRFD__AK_G__CG__G_PH_I__GRLS_ATE__I____FL_IN_WIGWVGRA_L___RSSDKP___EI_LDIPLALGFMSSGFLWPLS__KE_TSGELL_D_NE_TVS,1,mask-nan
mask-nan,M__A___IPF_TSGS_VDYVDRKV_VVL___K_LIG_LRSFDQ__NLM__YT_ERI__DDMYG_IDR___IV_GEN_V_L_E__LDKEYDAVK_LRR_PAEELYP_A_LH_EEK_KN_REKGKY_HSVGF_V_GG__DLY,0,mask-P87173
mask-nan,MM___A_LALAL_LL_PPVE__G__PPPIQD_EFTFLLP__RKQCFY_SA_A_A_L_TEY_VI__AGL_VDF_L_SPQG_LLV__SR_A_G_HT_EPTEA_DYK__F_NSFS_ISEKLVFFELI_D_L_DD_EVEG_AE_V_PE__LDVKM__IKE_IE_MRTRLER_I_MLTLLR_FE__DR___EGNL_R_NF__AVNVAV_L_VA_LQVC_L_RF_QDK_PVPT,0,mask-Q13445
mask-BD4z3n-A-A-OLC1,MT_NK____NGT__D_LF_VAGMFDG___KLL____LPMFVGM__Q_T__IADIFWL_HI_VTN_______GL_FP_GMGL_AI_NG_QIGMGS_L__AIGMQR_D_AQRIL__GI_IA___AIVITVL_Y_Y_Q_LLRSLGA_K_IIGYATEFY_YSLLTVFS_ML_GV_M_LFQGA_KIMV_MKA_L_G_LVN_MLDPIMIFVF__GV__V_LA_FLAQ_SMVAYFIYTLM_LHIGLSIR___RPFSWK_Y_EF_SV__A_MLMQ__I___I_IYNFF__RL_V_AMAAF__TGRIDYFII__M_AIATA_L_VVG___G__NVT_T_NAY__AVALA_S_VLV_AV_HI_LAP_MYPLFTRVV_VSDY_VL_T_IMALALPFVAISLLASE_Y_AIG_PW_SVLLTL_R__FISVPVVYL__I_LE__IT_VYFG_MSGT_VA_L_AWR_L_LS_R_LRW__E_V_S_HLDMEVA_ADDDDK_A_A___HHHHHH_,1,mask-nan
mask-BD6rz6-A-A-OLA1,__PN__FSNNNSRNCTI_NFKRE_FPIVYLII___GVLGNG_SI_VF_QPYKK_T_VNV_MLN_AIS_LL____LPF_AD___R_SNWI_GDL__R_MS__LY_NM_SS_YFL__LSVVRYL_MV__F_LL__TSIR__WILCGIIWILI_ASS_MLL_SG_EQ_G_VT_CLELN_YKIAK_QT_NY_ALV_GCL__FFT_S_C_L__IRV_L_V_A__E___ET__DNL_VIE_A_NA_Q_KD_L_K__A__LDAQKA_PPKL__K_PDSPEMKD_RHGFDILV__IDD_LKLANEGKVKEA_AA__QLKT__NAYIQK_LVSHRKA_T_II_TLIIF_LCFLPY__LRTVHLT_WK_GL__DR_HK_L_ITLALAA_N__F_PLLYYFAG_NFKD__K_ALR_,1,mask-nan
mask-BD6zzx-5-5-PLM1,Q__LWFPGV_A__YL_GSMAG_RG_DPM__GA_P_M_TWYRQAELQN_RWAM_GVAG____EIIN_AQWWYT_GMPE_L_RFD_QPVNMGGILAWEFI__HFVEVRRWQ__R_K_SVNA_P_NP_L__PNP__GYPGGP_DP_GFSK_N_K_AQT____N_R___VA_AAFTIQ_Q____GPLQ_L_D_LSA_FSN_WTTNIGHC_V_T_V_V_GLTIP__CLWPGQQM,1,mask-nan
mask-BD5y78-A-A-OLC1,M__QKSS__VSPTLVHT____FYFF_W___N__FN___KR__NM_KY_WVLST_QLGV_A_Y_TFLWV_GLR_K__V_KKLIK_L_WPSLGHTLGH__TCMS_S_VAI_FT___KSAE_VF__V_SA_VLGE_F___T_LTL__IVSGVAL__ATELTFT__G_I_AMIS_VAFVTRN__SK_T_V_FK___TLI_QNTY_LI_IISFFMELPFA__MEGF_P_VS_IA_VSKAK__GS____SLFYHL__EVSYLC_DNVSPVSFSIGNTIK_VIIIF_SILVFRT_V_RL_FI__TIA_IGTM__SLAKAK_P__REKQGTENLYFQ,1,mask-nan
mask-nan,M_KGAAK__FK_GVFP_TR_ILKSPTTKQT_IINKVKS__PK_VLGIGYAKG_KH_K_SHRLSPKV______NLIAKTVAEPQ_IKSSN___Q_V__QKAE__RKFLI__F_K_EA_L_H_HE___KRTK_LEK_K_L___KLNK_KSSD__I_TLDKMM_Q__LRNRSPEESEL_K_K_NYNRS_LN_Q_HK_KL_ELLN_YHVA_EF_VTESQLLKK_DKV_N_E_EEF_D_Y_V_SNFTQFGNRK_L_SGN_TLQT_I_____G___NEKFFD_SL_DSYLN__LKNISN_I_S_L_P_SNGAG__GNN_NT_NL,0,mask-P17558
mask-BD7y6i-A-A-Y011,GWV_G_MIRC_L_I__VILYLR_PWI__QAGIVLTWI_I_LSVTVT__TGLS__AI_TNG_VKS_G__FLIS_SL_P__GG_IG_IFAFA_A_GV__HTVG__E_VR_LL____APIVDPI_DIRII_VVS_TVLLA__LAGM_W___AQVL___V_MVSFANYLV_T_IPPSEDK_SKGFFSY_ADIFV____P_WRGP_G_F___FS_FFPSA__IL_GAN_SGDLKD_A__IP_GTLM_IFW_TISY_AI_A_IGSCVV_DAS_VL__TVT_GWGAC__LA__YG____E_T_Q_S__YG__NY_QTM_M_SGFAPLITA_IF_ATLSS_LACLVSAAKVF_CL_EDQ__PLIGF_GKGY__NKEPVR__LLAYAI_V__IIIA_L__I_P__SNFFL_SYA___F_CFHASITNSP__RP_FQY_NK____FGAIISVVIMFL_TWWA_L_AIGVVLFLLL_VIY,1,mask-nan
mask-nan,M__AM_QGHL_VNNV___VRAGRG_MV_IA_L_DR___PITDEALRH_VGVLLHTK_FT_F__EK_I_Q_QSLEECP_MD_L__P_ASLGG_VKGRSVQ__QLVA_D_GA_L__RFC_FVR__R_VDE__VD__GAPRSE__APKAEGW_KYNS_VISG_F___QG_RFE_EGPFTHMF_I,0,mask-P84066
mask-nan,MS__E_____IK_R_PN_E_V_KTNK_GR_RVWVRISREEYK_LMKF__E_DPEAH___GIEQD_GDELGFLNHI_L___EPPG_SLL_D___P_D__VL_DTSDI_P_SLQ_EREG__MVG_DFEG_P_KR_L_LPD_FPEGIYP_RTDEKGVP_EMVKNAGHP__LRREK_,0,mask-Q8U0Z7
mask-nan,MS_TADSQSD_A__ESIR_HLLG_SE_ILSESTA__VTQ_CV_GQ__KPVYGR_PSFSKLY__F_E__GDL_L_E_DSED_L__GILNDAF_____P_SSS__EDRSSFP_VKI__P_SFAA_DSVPV__E_TSP_SAAVTAA_GK_YRGVRQR_W_KF_AEIR_PA__GARV_LG___TAED_ALA_DRAA_RM__SRAL_N_P__V_SGEP_PVRI_SKRS_FSSSNENGAPK_RRT__AG__MDKGLT_KCEV__VA_G__L_V_,0,mask-O80337
mask-BD3vw7-A-A-OLC1,SGTAF_S_DASGYL_S_WLT____SVY_GVF_VS_PL_IM__VVFIL___V_KPAVV__LHL_T_D_LFV_VLPF_I_Y__S_S_W_FG____RF_TAAF__NM_ASILL_TVI_IDR_LA__Y_M_SLSWRT__RAS_TCL____L__AGV__LL_KEQTIQ___LGITTCHDVLS_T_LEGY__Y___AFSAVFFF_PLII_TVCYV_II__LS_SAN_____RIDEGLR_KIYKNTEG___IGI_HL__K_PSLNA__S_L_KA__RNTNG_I_KD_A_K__NQD_DAAVRG_LR__KLK_V_DSLD_VRRAA_INMVFQMG_T__AGF_NSL_MLQQ_RWD_AAV____S_WYNQTPNRA_RVIT_FRTG_WDAYAN__KKS__LFLSAAVFCIFI_CFGPTNVLLIA_YSFLSHTS_TEAAYFAYL______SISCCIDPLI___ASS_C_R_VYSI__CKESSDPSCYHH_H_HHHHH,1,mask-nan
mask-BD8jjr-H-H-SQD1,_ALGAA__AYLGSSAVQAFL_PS_PSPALRGA___SGTSAS_SSSGFSA__FGAT__ATA___L_RRG__LV_RA_E__PFAGGL_G__S_FA__DFN_DPLGL__K___FLPWF_EAELK_G_I_MLAWV__V_PEFVRIPGPEQCYG___VVEA_NACAGDPY__FII___DFYGKDGHQVGPLFQ__AFC__VEMLT_F__T_NVSNKP_LTLAN_GDY_LG_NF__ED_AKAK___LKE__N__LAMLAFG__ITQ_T___NG__WL,1,mask-nan
mask-BD8wb4-A-A-SQD1,M__TLE_RESA__WERFC_W_TSTD_RLYIGWFGVLMI_TLLTATT_Y_I__VAA_PVD_DGIR_PVAGS_LYGN_IITG_VIPSS_SIGIHF____EAA___EW_YNGGPYQL__DH__LGVCGWIG___EF___LGM_PWISVAF__PVA_A_A__LVYP_G_GSFSDGMP_G_S___NFML_FQ__H_ILMHPF_QL__AG_FGGS__SAM_GSLV_SS_IRET__N_SA_YGY__GQEEE__NIVAAHGYFG_LI__YASFNNSRALHF_LGL___VG_W_TA_GVMTMA_N__GF_F_QS_VDSQGRVI____DILN__NL_MEVM__RN_HN_PLD____ESL_VAL_A_AV_G,1,mask-nan
mask-BD8jjr-A-A-SQD1,MLA_GGIV_TA_LT__KW______V_AV_DNKQVRA__T__G_AAPRS_S__ACHASSS__L_FLPKPQNLGGL_G_DAEFDPLGF_DT__VKW_RES_LKH_RVCMLAT_GF_AE__I___GF_PAEDALQA_YTA_PNITALL__A_GYIESS_Y__KLTM__MF___GAKRAP_DL__GKRFLPG_KA__D_L_TKEL_N_R_AML_FA_MVH_NLV____LFP__PE_WAGPQGSWDL_STAG_LNSGSLGL,1,mask-nan
mask-nan,M_KEQ____MDGET_D__LL_ELA__P_M_KTWESYHLIRDS__GDTPEV_HFDI_S_VMAAI_EEPVRQ_A_L___A_P_PHQ_Q___F_Q_V_PW_AQ_TQM_VAACVSL_VIV_VQ___G_SE__QQ__TPV_NTL___G__SPVSL_VPSEATANNGQQQQV_EQ_RRI_AMLQDY_LQRRLH__QLQFEQ_QTQQAAVQ_PG_QT_GTQS_,0,mask-P0AFX7
mask-BD6wv3-A-A-OLC1,MGS__GSP___RLAL_L_G_V_SLYA__VKAAR_RDRDYRALC__GTAI_CSRVFSS_WG_GFGLVEHVLGQDS__NQSN_I_G_IFYT_Q_L_GCLRTRW_SVL_L_SSL_SLA_SV_LA_IL_F_LYDF__VC_TTYA_NVSLM_LS_R_____Q_KA__H,1,mask-nan
mask-BD8cmo-8-8-LPX1,RP_W_PG____AHLK__LA_DF___PLNLGKD_QALR_YQQAE_V_GRT_M_AVAGIL_PG_LTKAG__NVPEWY_AGKV_A__TGIAL___LAVQ__MCGFVEG_R_M_F__PGSQSEAGS_LGFE__FK_T____PGGPFD_MGM__ESE_KTK__KL__I__G_LA_L_C_GFAAQYGATGKGP_D_LADH_AAP__TTFVDNGI_IPIHL,1,mask-nan
mask-BD4u4t-A-A-OLA1,_SHS___ER_T_AVITDWRP_DPA_WQ__G_RIA_____ISVPCL_LAF_VW_L___VA_N_PK_GF__TTDQ_FM_TALPSVSGALL__PY_FM_P_FG_RRWTA___G_LI_PCV__GF__QD_ST_YS_FIIISLLCG__GA___SSMAN_SFFF___KQ_GALGLNGGLGN_GVSVMQL__P__V_LSIFAV_GS_G_KQPDGTE_YLANASWIWVPFLAIFT_A_W_GMNDLAT__ASIKEQ_P___R_HLW_MSL_Y_A_FGSFIGF__G___LSK__FPD_Q_L__AFFGPFIGALARSAGGALS_R_GGT_VTLV_F_LM__FS_L_FLTL_T_GQGGS_MAF_AVF_ALFLTAGL__GSTFQ_ISV_FRKLT_DR_KA__GSDE__MREA_TDT_AAL__IS_I_AIGG_FIPKAFG_SL_LTG_P_G___VFL_FYI_CVV_TW_VY_R_S__LE__GE__YFQG,1,mask-nan
mask-BD6bar-A-A-OLC1,M_PARPN_____WGLVFLVAA_VA_GFVN_G___PD_VLL_R_S___GL_L__AFLL_FLSRR_LFGLAYPL_GASLL_L_LVLVVGREINGA_AWF_LGPLQ__P___AKLGLLLALA_ALEGRP__RVWDYALP_LLTLP_VGLL___P__G_ALV_LF_V_VVV_VR__P_RH__VGLFA_ALLVPT____NLKP_Q_E_V_I_LDP_RDPLG_GF_VI_STI_I_SGGL_G__YG_GT_A_L_F_PF_HT__VF_VWAEEWG__G_VGLLG_Y_LLLARLFA_A_ACPRLSD_L__SG_AGMLGFQV__NLG_ALGVM__TGLT__LFSY___SLIA_L_G_GLVL_VHR_RYQD,1,mask-nan
mask-BD7qhm-M-M-PLM1,CSPPHQQDSPVQRT___LT_S_NPTSA__TSTS_ATTT__APVEEDV_IV__PAALVDG___T_EI_____EGGYYAAIC_S__NP_NP___C_GEMA_F_S_A_L_NS_PGA___IA_DGTATV_LEATATGTGL_CT_Q_CVAKVFGDHT_GFR_VA__PVT__AA,1,mask-nan
mask-BD7qhb-I-I-PAM1,GES__R___ERGLW_EK_VQ_L_T_IG_FAAFG_MTIAIST_YWLY_RAL_CNTT_LTAGDDGPPHRGGSGS_EKKDP_GLTHSGLWR___LE_LK_GV_V_IN_FPEDTD_DH_SAEYL_R___AS_IF_ILSAILL___G__V_ASRV_KSKRNI__GA_ILF_A_GLS_IIGVI__IS__A_EPGPK_DEEKKNHYSYG_SFYFGGL___L_EVI_V__VNIYIER_RE_____RSDLL_AG_G__GSGG_GP__IL_LP_Y_FRYRRRSR__SRGSS_AS__R__S__GP__P_FAS_DISM____RDPS__SVAAGL__AGG__GGAGVGAYG_AAGAA_____GSERDRG_S__FLTLHN_FP_E_ASG_TV_V_GPPAA__PAP_A_A_PAPG_LS_EAAASN_N_LNRKL_V_FQ,1,mask-nan
mask-nan,MN_INF_SI_GLISF_F__AV_CDG_E_F_GK_KEKDE_L_FASYGLKRDPCQIVLGYKCSN_QTHFVLNF_T__K_CI____LTSY__I_QNS__TKN_YCQ_GGIGT_NCKLVF__R_R_____IEIYGIPAKKCSF_DRYIGADPLHV_SYG_PYQFDQ_H_WNVERYN_FK__RF_TEV_Y_KN_LF_TQI____E_DSF___R_I__KDI_KK_S__L__EEYK_ISF__VY_FQETMR___KY_Y_HY_GECS__NKT_EL_F_TDE_M_Y_L_KVFT_PES_GSRLKE_DLGRG,0,mask-Q5WPU8
mask-nan,MKVELCSFS_Y_I__GHG___A_T_GKVF_FLNAK_____LSKRN_R_INWTV__R_KH_KG__E__QKKRTR_A__FQRAI__ASLADIMAKRNQKPEVRKAQ_E_AIRAAKEA___KQA_K_TAMA__K_PTKAA_KQ__VKP_KVSAPR__G_R,0,mask-P83731
mask-BD8jw0-J-J-SQD1,REAPK___GTG__LPE_FWDPA_FT_N_T__ELLFYRAAELKH___A_AAVVGWFTNA_G_HYLGD__LKK_AS_NP___F_Q_SLLG_F_MVFF_GCLEW__TVPCPPP_D___D_I_MSDVLEE___E_PMAEYKKI_MQEL_NSRL_MVAII_L__Q_TTT_,1,mask-nan
mask-nan,M_QE_ERN_S_LW_AFRTV_E___D___F_TQEE_EL_L_DF_AKYCDSMGRP_R_MMSFQAN_TEES_SKF_DM__LW_E__D_PS_GV_T__TFVI_____NFQT_I_V_QNNITPSA_KL_PSIPP___ET__EAALV_NITHHELV_KH_RL__D__RELLKR_RL_E_QLPRIQ_ADPV_LYLGLKR_E_VK_IRKSETSGRYASYR__M,0,mask-P20434
mask-BD4ea3-A-A-OLA1,DY_D_DDGAP_DLEDNWE_L_DNLK_IEKADNAAQV_D_LT__RAAA__A___TPP_L___S_DS_EMKDFRH_FDI__G_IDDAL_L_NEGKVK_AQ_AA_QLK_T_NAYIQ_Y_GAFLP_GL_VTI_GLYLA_CV__L_GN_LV_Y_ILR__K_K_AT_I__FNL_LAD_LVLLTLP_QGT_ILL__WPFGNAL_KT_I_IDYY_MF_S__TL_AMSVDRYVAICHPIRA_DV_TSS_A_A_NVAI_A_AS__GV__AIMGSA_V_DE_I_CLV__PT_Q_YW_PVF_ICIFLFSFI_PV_VI_VC_SLMIRRL_GVRLLSG__E_DR__RR___LVLVVVAVFVGCW_PV_VF_LAQGL__QPSS___VA__RF_TA_GY___CL__ILYA__DE_FKACFR__CCAS_L__P_EVL_QGPH_HH_HH_H_,1,mask-nan
mask-BD7l1e-A-A-OLC1,MSSI___PA_Y_EW_RE___CV___LIT__GI__VQ_VM__VS_C_V_FMVTRAPKV_W__I_L_TT_MIT___A_TGNGYIRVA_GKYLPWARMASW_CT_P_M_GLV__MA_VK__SIPLNPM_IA_SSICTVF_IT_SV_L____VWLYCFISSIFFIFEMV_AFAIFA_TI_D__TIGSPMS___VER_KLM_IV_Y_SWMAYP_L_S_SST__CIMS_N_SSVL____DA_CKNTYGI_LWATTWGLL_GKW_RD_VK_RN__G__M_E_EQDLEKGNT_R_ED_RA_E_FEVKMFGR__TSVRRS_R__RRDI_F__GDRNRLS__D__RR_RRKK_QR___E_E__SD____SE_EKNRRK_KKKNKENRRSAPPK_DSTSDTLR___I_RIMDLM_RNA_SDI_GL_GDGRL_DDG_LIPT_NEEHD_S_,1,mask-nan
mask-nan,MAPQ___QDG_CK_TC__PAPVPRLLVKGGVEVL_VRT___A_TQIEA_LNP__GNNIP_EDLYGYSNSI__A_S__SDTPN_DTL___S___I__P__N_DMTCDTI_MW____VKTE_VGI__L_N_HQGGK__YGS__GC_PVQG__YHMFAVGGE_L_LQ_LVASSTAT_PDDVVA_KNM_PG__GL_PKA_AL__KDGKYPV_VWCP_P______RYYGSFTGGATTPPVM__TNSVTTVLLDENGVGPL_____LF_S_ADIA_V_TN_SE_Q_WR_LPRYF____RK_I___P_PVSSLLNSF_SGL_P_I__QPM_GVSGQV__VRI_EGT_GLP_D_DLNRYVDKFC_HQT_LPV__DM,0,mask-P04010
mask-nan,MAAGFK_V_P_EY_RRF_KENC_PDGRELG__RTTTVNIG__STADGSA___LGNT_VI__V_A_FAA_STDA_DKG__VPN_D_PPLCSSRFRSGPP____QV__QFI_DVIEN_Q_IQ_E_LCISPGK_VWVLYCD_I_LDYD______CTFALLAALKNVQL_E___NE_TA_AEV__KKKS_LNI_TH_VAT_F_V_DDTLLI__P_GEE_____G_LTIVMD_EGK_C_LHKP_GSGLTGAKL__CMS_A__RHK__KKL_DEVIKS__P_,0,mask-Q96B26
mask-BD7e4g-A-A-OLC1,ME_I_F__GIGM__LSTIM_FFL____A_L__INI__S_VTIVSYI_MLSG__T_SATSGDTI__TR_AFYAVS__FLM_EIS_LLRID__T__E__V_N_MVMI_GL_A___EDLY_WLFFIISSV__L__LFLIA_NRSEKK_I_LFVA_FW_GFPI_W_LS_AGLMVLNAFWTALFYLV__FIT_IY_GF_TTFKH__Q_EHHH_HH,1,mask-nan
mask-BD7cav-B-B-FQ01,G__MDIPKFKRLPRHIA_IP_GNRRW___RGL_K_EGYSS_II__LEVYD__V_IG_GEVT_FG_TQ___KRPQIQ_K__TD_CI_S__E_AKR_AE_LVV_NTNSDI__EE_LEY_KRTKVG_GK_K_NFLI__G_Y_D__Y_YDNSP___KMI_NIA___IPR_DLL___GGRCRLSGMLPV_TVY_DI__VDEM_PDF_P__LFKALEFYQ_QDITLGG,1,mask-nan
mask-BD7k15-A-A-OLA1,MK_IIALSYIFCLV___YKDDDDAGR_SSA__PSLG_EFISLLA_I___VALAVG_PGNSFVVW_I__RMQKRSVTALM_LN_ALA_LA___TA___L_FLAQ_TW_FG_AG_R__HY_CGVS_YA__W_ITAM___RYLAVAR_F_S___RTKAMARRV___IW__SFLLAT___AYRTVVP___N_SL___RYPSEG_RA_HLIF_A___F___F_IV_AS_SDIGR___AR_AKALIVYGSTTGNTEYTAETIA_ELADA_Y_VDS_DAA_VE_GGLFE_FDLVLL___TW__DSIE_QDDF_PLFD_LE__GA_GRK__CFG_G__SWEY____V_AIEE_L___G___VQDGLRI_GDPRAARD__V_WA__VRG____F_RS_RTGRL_V___LTFAAFWLPYHVVNLA_AGRALAG__A_LGLVGKR_SLAR_VLI__A_LS_SVN_V_YAFAGGGLLR_AGVGFV_KL_E_T_AEFLE__F_,1,mask-nan
mask-BD7yca-6-6-SQD1,MFAQT___AIALK__TA_ST_A_A__TR_VAV_AA_DRELWYP___A_EYLN_S_AGD__F_____GAN_ETLP_L___ELMNGRW_MA___GILF_DA_GLPKWWE_G_ADYGYDFQ__V_FQVVVMGVLE_FRVR_L_KTG_S_VL_MFPF__AGL_APD____EVK__R_A_VAF_GMVSSYAV_GLSP_EA_EAH___PQAVNLF_SAVGGES__F_AFLSC_PTFLLAQKTLG_GKEEFR_I_W,1,mask-nan
mask-nan,MR_AGAAK_VVA__VF__TF__IS__FEIKMDASLGN_FA__A_DS_I_S_KP_RYKCGI_KACPEKHFA__M_SGA_NVVGPKICLED__LMS_V_NN__R_INI_LVNGKTG_V_D_KFFD_WG_DVAP_I_FLKT_Q_G__V_MATYDDGATKL_DE_RRLIAE_G_TSI_SLG_R__W___GGKG_KTK_PF__HI__NKETNK___W_E_VE_EGC_PQK_D,0,mask-Q91VU0
mask-BD5oy0-i-L-SQD1,_DGSYA_S_L_W__I__VGWLFP_V_MGLLFIHI__EGEG,1,mask-nan
mask-nan,M_EI_N_R__FLDM__W__G__NGR___RNH_YDVIVGGE_FTDYS_HP_KLVTLNPKLKST__GR___L_RW_DAYRKQLGLK_FSP__Q_AVA_QQIK_RGALP_IDR_D___A_DR_SNIWASLPG___GQFEH_ADS_IAK_KE_GGT_REID_,0,mask-P03706
mask-BD6dry-A-A-OLA1,TES_PEEMK_IVEEQGNKLHW_A_LILM__IPTIGGNTLV_LAVS_E___QY___YF_MSLA_ADLL_G_F_M_IA_LTIM__AMW_LPLV_CP_WLFLD___ST___WH_C__S_D_YIAIKK__Q_NQYNSRATAFIK_TV__L_SIGIAIPVP___IETDV__P___TC__T_ER_GDFMLF___A_F__PLA_M_VTYFLT_HALQK__ADL__NWE_L__N__VIEKA___AQV_DAL_KM_AA_LD_Q_A____LEDKSPDS__MKDFR_G_D_LV_QIDDALKL_NEG_VK__QAA__QLKTTRNAYIQKYLVQ_IS_E_R_SKVLGIV_FLF_LMW_PFFI____LVLC_SCNQTTLQ_LLEIFVWIGY_SSGV_PL_YTL_N__FRDA_G_Y_TC_YRA_KS,1,mask-nan
mask-nan,_V_INNQ_KAFLDML__SEGTDNGR_K___HGYDV_V_G_L_T__SD_PRKL__LNP_LKS_GAGRYQL_SRWW__YRKQLG_KDFS_K__DA_AL_QIKER_AL_MIDRGDIRQA_D___N_W__L_G_G_GQF_H__DS_IAKFKEAGGTVRE_D_,0,mask-P03706
mask-nan,M_DS__LL_R_PAHPDSRC_FL_WN_AG__LASCGGDR_IRIWG_E_D_WI____L__G_QR__RKV__SPC_N_L___SFD_T_CIWKKN_DDFEC__T_E_HE_EVKS_AWAP_GN_L_TCSRDKSVWVWE_DE_DEY_CV_VLN__TQ_V_HV_WHPS___LA_ASY__TVKLY_E_ED_WV_C__LEGHEST__SL_FDPSG_R_A_CS_D_TV_IWR__LPGNEQGVACSGSDPSWKCICTLSGF__RTIYDI__CQ___AL__ACGDDAI__FQE_PNSDPQ___FSLT_H_H_AHSQD__CVA_NPKEPGLLASC_DDGE_A_W__Q_PEGL,0,mask-O76071
mask-BD6sl5-3-3-SQD1,S_DFL_VG_DA__LKY_DGTL__D_GF_PL_L__PT__NGQ_A_GFVNP___Q_SEVIH_RWAM_GA_GCIAPE__GKA_VIP_E_AV__FR_GVIPPA_V____WAD_FTL__IE_VAIQFAE_K_LQ____P__Q__Q_FLGLEGLF_GSD___YPGGPFFNFANF_K_EAEMKKLKLNEIKN_RLAM_AMFG_GAQAV__GDG__DNLLAHLAD_TGAN_I_NLG,1,mask-nan
mask-BD7vrj-C-C-PLM1,_NLGK_L__P_V__V__VVL_GCER__P__VQK__RGVAMEQN_N__LL_ASL_Q_L______AAAPG_PKVS__YQNVQVL_DL_VAEFT__MVAVTTW_SPKEGC_YCHVPG___SDD_Y_KVVS_R__EMVRAANS_WKQHV_VN__GV_CYTC_RG_P_P_YVWVTDPGPN_P_G_KPTGQNYASSTV_Y__LP_D_YTPFLD___EIRVIGQTAL_AG__T_LKQ__W_Y_LMMQI_DSLG_NCT__H__RAFY_W_Q_T_QRTTA__AIR_VR_IN_NY_WPLND_LPAS_KGPYG_PF_VG_M_C_QG_YRP_YGA_M__DY_ALYAS_PAEA_VAAPAEAAPVE___AA_VE_A_PAEA_SAEEAPAAEE_AP_PVEE_PAA__A_VE__A_AP_QL,1,mask-nan
mask-BD3o9w-A-A-1O21,_NYTFRCLQ_SS____SWS_TDS__WLGDLQTHRWSNDS_TISFTK_WSQ_KLSNQQW_K_QHMFQVYRV__TRDIQE_VK_MS__E_YPIEIQLS____MYP_N_SESF_HV___GK__V__WGT_WQ_VPGAP_W__LPIKVLNA_QGTS_TVQMLLNDT__LFV_GL__AGKSD_EKQEKP__WLS_V_SS_HG_RQLVCH_SGFY_K_V___W_R_DQ_QQ_TH__D_LPNA__TWY_Q_TLD_EA__E___AC_VKHSSL__Q_I_LYW,1,mask-nan
mask-nan,MA___L_I__MVHPGSC_LWVS_PPEIRTLE_S_A___CSFNA__GR_AIG_VT_FRDEVVPGKEVR_GT_E_R_R_APLA_SRFLH_HQ_EL_IRD_RG_DASIYVCRVE_L_L__GT_NGTR_V___E_PQLGAGTVLL__AG_YA__FLSVA_GST_Y_QGKCLTW_GP_R_LP_VV_A__PPPCG____LL_PVPG_,0,mask-O14931
mask-nan,MS__LRVEDD_NPV__Y_YARNQNIPF_T_P__SSDG_QNFPPG_L_LKLAD___IA____SLKM__G___QEGTGN_T_NT__PLQL__N_I_IALDAPFD_IGGKLTLLA__GLS__TE___PL_G_V_TLVVLTG__LGTDTTDN___I_V__GE_GGLS__EAG_L_AFNKKEDM_TLW_T_DPS__C_I_ED_DSKLT_I_T_CGS_ILG_VSLLVVKGK_SNI___TNPNEA_KQI_VKL_FDA_GV_KQGSTMD_SYW__R__N_N_S_P_K__VGFM__KTAY_KQTK_T_KEISQ_K___VSNV_L_G_ID_PCVIIISFNEEADSD_SIVF_FKW_KT_ENVQFDSS__NFSYIA_E,0,mask-P36847
mask-BD7bgi-1-1-SQD1,_A_NWLPGSDAP__L_DDLPGN_GFDPLSLG_EPA__KR_T__EV___R_AM_GVA_SLA_EL__YG_WYDA_LW_VNG__ATW___EVPFDLNA__AFE_VAMAA__GQRGDA_G__YPG_A_D_LGFA____KSGELKL_E_KNG_LA_V_FLGFV_QHAAT___P__AL_EHL_NPWGANFATNGISVP_F,1,mask-nan
mask-nan,MM_QSL_AV_P_I_GNKTSSLRKS_CSD_LT_F__PHSAL_SL_VSGMPE_Q__NPSD_H___WY__QLRS_L___EPRIAAL_VNLKE__CHT__ISLE_M_YHDDE__TFDL__DN_GWRS__LENVS,0,mask-P39375
mask-BD7blz-2-2-PGT1,G___PS_PFL_RPS__DG_L_GG_GC__PLGFTEVF_LE_LR_A__KH___A_L_V_G_IAQEF_TFD_Y__K_KLQLSP_LHN___Q__A_QQ__LFVCAWEFIVGLP__IE_VNG_REPGYFGFDPLKLGGTV_SAQWKRMQA_E_RNGR_AM_AFGGFF__QLLTK__IIEQ_A_F,1,mask-nan
mask-BD7aky-A-A-97N1,__IIMT___S__V_II_A_ISVYG_FI_L_FKDIIL__I_ILEL__QIIEFI_YI_LIIT_QS__ED_TYV_YFDWVLTT_VML____YF__YMNSDD__RKKE__DRDY_YLF_ICL_NF_ML_I_YLGETKQI_KM_TLF_G_F__FL_F__LYV_YT_E_WMNYIV_YFMF_VWF_YG_A_MFPFSIKNQMYNILDIVSK_I__I_I_IV_LNQSYK_LL,1,mask-nan
mask-BD5xsz-A-A-OLC1,GM_NT__E_EMLNVSNVT__PKN_NFKYP_YSMVFSIVFMVG_I_N_AAM_IF_C_LKLRN_TTTYMMNL_VS_LLFVLTL_L_VF__V_QNWP_GSLL_KLSVSL_YTNM__S___LT_IS_D___AIV_PF_SRGLRTKRN_K__CA_VWV_VL___L___FMLNSTNKLENN_IS__ENFSSKE__S_LSKV__FIET__FL_PL_L_VVCSA_V__T_R_P_TVNI_E_LRI__GLR_KI_K__EGYYT__I___LTK_PSL_A_KSEL____GRNTNGV_TKDEA_K__N_DVDAA__GI_RNAKLKPVYDS_DA__RAALINMVFQMGETGV___T_SLR_LQQK_W__AA__LAKSR_YNQTP__A_R_ITT__T_TWDAYLNKKK_L_MIIV___IFCFCFIPY_VN__FYS_V_TNT___C_AES__RTIYP_ALCIA_SNCCFDPIV__FT_ET_QN_AS_ED__F_,1,mask-nan
mask-nan,MAR_EEVSVSG__EFH_AVEQ_NG_TIF_YFT_SK_AGGKS_CPD_VQAE_VV_EGLKHI__GCVFIYCQVGE__YW_DPN_D_RKNLKVTAV_T___YGTP_KL_ES_C_Q_NL__M_____,0,mask-Q9BRA2
mask-nan,MASLRCF_EL_RRA_TVFSINQ__SIS_FH_IE_SG_SIS_G_VIPNR__TR___W_SHWYR_QDR____N_KDT_E_E_S_EGE_DD_EEGEDF_D_A_M_VEREYSPA__VEE_EE_GYKV_G__KPSE_LFKP_EP__AIV_I__HQ_KVSNGD_I_T_K_KFCDINDKLE_TKVL_LG__SQTII__PIL_DA__HAVV_EH___EKVLIFKKKR__NYRRT_GHR_E_TKL_I_D__GI_KPE_KIVH_PSKE_VT_QTKA_L_A,0,mask-Q8L9A0
mask-BD7o37-G-D-CDL1,GRE___LA_IRHV__YSL_PFEQR_F__Y_S_G__NVL_RTRE_ILRV_PPF_VV_L__TWGNQ_FE_SKRKNPA_YENDK,1,mask-nan
mask-BD7y6i-A-A-Y011,GWVK_V_IRC_LNI_GVI__LRL_WITA___IVLT_II_LL_V_VTS__GLSISAISTNG_V__GGT_FLISR_L_P_L_GSIGLIFAFANAVGVAMH___FAE___DLLQ_YGAP_VDP____RI___VSV_V___IS_AGMEWE___QV_FF__IMVSFANY__G__I_PS_DKAS_G_FSYRADIFV__L__DWRGPDGTFFG_FSIFFP_A_GILAGA_I_G_LKDP_IAIPK_TLM_IFWT_I_Y__I___I_SCV_RDA_G__ND_VTPG__ACEGLAC_YGWNFTEC_QQHS_H_GLI__YQ__SMVSG_APL_T__IFGAT___ALA_LVS__KVF_CLCED_LY_L_GF_GKGYGKNKEPVR_YLLA__IAVA_IIIAE_N_IAP_I_NFFLCSYA__N_SC__AS_TN_P_WRPS_QY__KWA__FGAIISVVIMF_LT__A_L__IG___FLLLYV_Y,1,mask-nan
mask-BD6u0o-A-A-OLC1,_YKD_D_LEVLF_G_G__S_EY_KNNKISG__WAMTIFV_FV_TMA_SI_L_DFQ___G_K_FIFE_TD__PLIAA_ICILVFKYK_V__AG_KFSISLKVIERLLL_LI_PLI_LI_G_YSFNTF_DSFI___ST____PI__IL__H_LM_FVVEFGFR_YLQN__E_KMN__FASI___LMY_V__A_TTYGTEFAAYNFLYTFSFSMIL_ELIR_T_GRT_Y____FHASMT___I_LFSE_I_DL__IK_I_ISTAIV_VGY_GL_L_IRGIA,1,mask-nan
mask-BD7ymi-2-2-SQD1,MQTY_NQ_V_YGWWSGNSRFTDFSA_FLAA_IG_IASM_FF_GS_TL__LS_Y_PDIP_YA_GFV_LPQLSRVGFGVG__GA_VDT_P__AVG__HLF_AAVFGSGAI_H_LT__KVLADS_S_ASQRFHFEWDDFE_QGR__GHH_LFLGS__LLF_VW_A_HGI__PNV__VRAVS__F_I_R_F_Y____PG_NPFF_DNLE__M__HLF_AL_DI____YH_LVKPW_YT_____K_GEA_LGYAL_GL__MGLVAA_F_SVNDVVFP_EFFG_VLQ_NL____NFA__LDVS_SGHTS_FW_A__HYFW_FYCIQ__LF_ALRA_GFD_____KFFTTETVE_GADI,1,mask-nan
mask-BD6ob7-A-A-OLC1,MATTS__P__RY____LIF_MLG_G_L__W_F_M___QY_TNR_D_SQNVSLVTAELSK__QASA_P___LPE_NS_SAIF__V_TL_A_L_LLL_TY_N_FL_QRIPQSVRI_G_LV__LLVFLI__IL_KVQLDAL___VITMIK___I_SFGA___G_LFG____FPA_YTAAI_SGQGLA__FAS_AMICAIASGSE_SESAFG_FIT__AVII__IICYL_LPRL_FYRYY_QLKLE_PTN_S__IKA__KKISVLA_SVC__FTITIGMFP_VT_EV_S_IAGSSTWERYFIPV__FLTF__FD_LG__L_AVFMWPGKDSRWLP__VLARLVF_P_LLLC__K_RR_LT__FE_DAWFI_FM__FAFSN___ASLCMCFGPKKV_P_E_E__G_I_AF__CLGL_LGA_FSFLFRAIVG___L_VD_NS_EVL__,1,mask-nan
mask-BD7b0q-A-A-OLC1,MHHHHHH__G_EN_YF_GHMDRLIT__VSY_IA_SI_A__TMAVVY_KW_Y__EI__LNI_DLA_MTK_EIK_NYDV_IT_LSPF_D_A_H_PT_DM_T_GR_AFV_VKNI_VK_Q_VMY____I_VIG_I_LLKKKNE_FL_H_SILT_IFPIA___P_AINFEKSFV_F_K_LFSN_YWVFDPEKDP__L_L_E_FFM_AACAILLFIL_GS_LCYSLYR_L_KK_R_S__K__A,1,mask-nan
mask-nan,_P_HIVIVE_EPVTQ__LQS__TQEG_T_S__ASGA_LR_IM_N_SVDLI_LDI_LPDEN_LMLTR_L__RSTV_IILVTGRS_RID__V_LEM_ADDY_TKP_EL_ELVV_VKNLLW_IDLA__AQ_HTQ_NCYRFA__CL__SRH_L_RDGE_IKLTR_E_EML___VTNP_E___RERLLRML_A_RV__P_L_TVDVLI__LRH_LSADL_VTQ____YFLA___C,0,mask-P38684
mask-nan,_A__QKSMSF_LMGT_A_SCLLL_A__A_EA_A_PV_TRC_LE_SNFQQ_YIV_R_F_LAK_ASL___NTDVR___EK___GV__KDQ__LMKQVLN__LE_V__PQS_RF__YMQ_VVPFLTK_SNQLS__H__G_DQN_QKNVR_L_ETVKKLGESGEIKAI_ELDLLFM_LRNACV,0,mask-Q9JJY9
mask-nan,M___NFKAFG_NSKKNK_QP_N_A_PPAMNTIYSSPHSSNSRLSLRNKHH__K_HSQT_FPAQKSTPQSQQLTST_PQSQQQE_SERS_SQ__MFL_EP_VRTALVK__FKTI___PKYV__G_W_AL__FEFFTNL_Q___VVAEYV___A_P__N_GPH_D_LWLDAN_RQVS_PA_Q___LAL_W__N_VNDKNLFPT_N_L__PQ___R__Q_IMVQM__I_A___HH__DK__H_SLEA_WNSFF__F_SF_KEFKIIDR_EMAP_L_LIESFEK__K_IY_,0,mask-P43563
mask-nan,MTNQYG_LF_QE___DDA_W__AW_TN__E__ETV___SLD__VKVW_WRD_RLDLQWSLE_H_L_V_SVDISHTLPIAA__SLDAHI_LW_LE_G__IKSID____DAW_LAFSPDSQY_A_GTH__KVNI_G____KK_Y_LDTRGKFI_S_AYSPDGKY_A_GAIDGIIN_FDI__GK_L_TL_GH__PIRS_T_SPDSQLLVTA_DDGYIKI__VQHANLAGTLS__A_WVL_V_F_PDD_H_V__S_D__V_VWDVG_R_C_H__F___DQVWGV_Y__NGSKIVSVGDDQ_IHI_DCPI,0,mask-Q9GZS3
mask-BD8jjr-y-y-SQD1,MAR__A_AALIAV_GG_A_VPGAI_RG_T_PP_RALQAAP___SS_GS__TL_G_MALGVFF_LATLA_VRAE_APAT_APTPAEQAPT__PGP_DEEILAKGCDIRV__T_KE_QF_WAKA__R___Q___GKDPKYS_PS___GVF__FKI_W_N_DPSIP_TT_GT_PIRN___LPIWKQQ_EDL_AK__EY_G_EFT__RWIGD_D_ARSP_K__NGYY,1,mask-nan
mask-BD6zzy-3-K-LAP1,_GADLAK__RV_KVG_LY__F__GQALSYLD_TLPGDFG_DPLGL_D_E__GGF_TPEWLSY_EVIHCRWAML__AGFLAP__LATA_L_PAT_EEAV_FR_GVIPPAGQ__KYW__P_SL_WIEAI_MNF_ELK_WQDFK_PG_QSKQ_F_G_EAV_G___NPA_P___WFNMLNL_KTPE_MKK___NEIRNGR_AMIAC__CAAQ_VM__K_P_A____HLADPVS_N__G__ATI__,1,mask-nan
mask-nan,MEINVS___TDLPQ_GVQPYR_V_A_S__NPHS_VQ_EAD_H_RKD_EL_F_SHIVGNG_IMQVG__DNG_WDVGGGW_AETYA_VE_IESHS__EEF__DYRL_I_LLRN_AD__GL_K_LDT_SLAG_KTHE___NN_P_NHS_H_DPY__L__W__SREQFKH__EN__TIET_WQKN_T__W__HSDGSYPK_KFEK_NGTWYY_DS_GY_LA__W_KH_DG_WYWFDN_G__A__WKKIAD_WYYFN_EGAM___WV_Y__TWY__DAKEGAMVSNAFIQ__DG_G_YYLKPD__L_DKPEFTVEPD___T_K,0,mask-P06653
mask-nan,MHSS_Y_VAL__LG_AVCA_Q__G_ILGGQE_AAHA_PYMAS__VNGTH_CGG_LL_EQWV_S___C__GVTD__SVQVLLGA_S_SA_EP_KRW___QSVVPHP__RPDSLEDDLILF_LS_NA_L_PH_R_LPL__E_K__EPG__CDVA_W_V_THAGR__DVLHQL_VS_MNRTTC_LRTY__G_VT__MMCAE_NRR_TC_GD_G_PLVCGDA__GV_TWGSRV___GK_PGVY_R_S_YRMW_ENIT_GNM_S,0,mask-P03953
mask-BD5ys3-B-B-78M1,M__T__A__APLGL_G_G_TTILLNLHNAGFF_LDGI__AMGIFYG_IA_IFAGL_E__KG_TF__TA_TSYG_FWLTLVAI_LMPKMGLT_APNAQF_G__LGL_GVFTLFMFFGTLKA_____FV____T_LF____FGNIAGNEAV_HV_G____VCG___IYLAM__V_N__FG_TILPIGEAHLVPR,1,mask-nan
mask-nan,MY_SKI_CKKVPMKLL__R_AA_VS_AAT_ALQ_EQPSG_A_I_RPR__DLD_R_GIM__E___GL_TDL_A_QK_PW__LSI_E_KAAYWI_F_EHGP_AFS_I_Q__VFWGTVAGL_IGVVLF__IRTQA_PS_RTMTREWQEKSNE_MK___INPIS_EASEG____G__SGGIF_P_E_DKK,0,mask-O74988
mask-BD4xu5-A-A-LBR1,_R___SEAVVL_L_G__AALIGDHSHVVT_TT__HTD_VP_VWSSPFWF_I_V__ATASLA_LR_H_P_PR_GVT_R_A_GGVAA_VGT_V_TA___AFPVV__T_L___AA_ITWCVL_DG_GA__GVV__V_G_AV___LVQLG_FAYHPD_DGLFGV___LAPLYFAFGVVAALLGE_AVA_RPQL,1,mask-nan
mask-BD4or2-A-A-OLA1,GGTADLED_WE_LNDN__VIEKA__A_QVK_AL_KMRAAALDAQ_A_PPKL_DKSPDS__M_DF_H_F___VG_IDDALK_A_E__V_E_QA__EQLK_TRN_YIQK_LIPV_Y_EW_NIESIIAIA_SCL_ILVT_F_T_I_VLY_DTP___SS_RELC_IILAGI__G__CP_TLIAKP_TTSCYLQ_L_VGLS_AMCYSA_VT_TNRI___LA_SKKKIC__K_____AW_QV_IAS_LIS__LTLVVTL_IME_P_PILSY_SIKEV__ICNT_N_G__A_LG_NG_LI_SCTYY_FKT_NVP___NE__Y__F_MYTTC_IWLAFVP_Y_GS_Y_I_TTC_A_SL__TVALGCM_T__MYIIIAKPERN_RSAFTT__V_RMH_,1,mask-nan
mask-nan,M_KK_NK_KVEEVLE__EEEYVVEKV_DRRV_KGKVEYL_KW__FSD_DN_W__EENLDCP_L__EFL_SQ_T_H_TD__E_GKR_A_S_SEDK_E_S_PKKKK_ES__PRGF___L_PERI_GAT_SSGELMFLMKW_NSDEAD_V__KEA_VK_PQVVISF_EER___H_Y___DDDKK_DK_,0,mask-P83916
mask-BD7wfe-BJ-BJ-SQD1,MR__KTYLSV_P_LSTL_FGSLA_L_IEINRLF_DALT_____F,1,mask-nan
mask-nan,M___NF__LAPRHG__PF_G__NEI_T_Q_N_____WSSLWSGI___GSS_KSFGN_A_NSN_GQMLR_K_KDQNFQ_K_V_G_ASGIN__VDIAN_A_Q_Q_NQRL_NSRQ__VALK_RPTPEP___EVEEK_PP_E_A__LP_KG_KRPRP__E__LV__SREP__YE_AL_EGAS_P_TRPIGSMARPV__K_KTPVTLELPPPA__VPPMPTPTL_TNV_RLAAP_V__ATPARR_R__NW_STLNSIV_LGVKSLKRRRC_,0,mask-P16139
mask-nan,MKFKAIA_____L_M_A_GVIT__V__VQAK_EVK_Q___ELK__YNKPILE_KN__GFK_TDE__HYLEV_V_QQH_RI_LLG__KDK_KD_ENSNIDVF_L_EGDSRQ__NYSI_GV__SN_VQYIDYINTPILEIKK_NEDV__DFYYIS_EDISLK__DYRLRERA_K_HG_YS_GLKQ_QI_I__NDG_TH_IDL___LEK_R_GESID_TK_N_I__EMK,0,mask-Q2G0X9
mask-nan,M_FF_ILLIV_M_V_VM_AT_YVESISIGI__SPSIDL_EGQC__R_YF__YCSG_TC_CS_,0,mask-P0CJ17
mask-nan,MEV_EAN___E__E_E_E_GEETIS__RPH_RSNPEGAEDRA_GAQ_SVGSR_EGEGEAATA_G__ASV___G_KP_QV_A_A_EVQIRTPRVNC_EKVIICLDLSEEMSVPKLE_FN_SRTNALN_SQKMVEM_V__KH__DKSH_FAL___ND_SAW_SGLTSDPREL_SCLYDL__A_C____L_G_F__IQQK_E____E___TIPPPYV_R___V___P__QPQFSL__P__KM_Q_P_F_FD__YI_NG_EE_EEDMSW_D_FAFMGSLDTK__SYK_EVALAGPA_E_HNCM__L_AH_LQRPCQTHASY_LL__DEEAGEE_AT_,0,mask-Q3UI43
mask-nan,__VL__KLLE_LTSRKVPL_EL_DMEK_CF_S_FTYQDA_DLGT_I___V_EN___K_VA_D__LPNGHCLFRTVTYG_SA_DNDFWIQ_KKKT_LRFGH_S__MG__KGDKTP_E_FFV__KEYA_HGGA_LI__E_SD__Y_CL_ISGLK_EE_H__AVS_L_AFA__SLEEDLNLD,0,mask-P38276
mask-nan,MPSV_H__PI_KIIQQGHRI_NDSLIPSKR_K__H_E_T_HYATE_SHV_K_F_HNGS_FDGID__RYQN_PSP___IT_N_T__SS_WVPQF_SMKIDDSLEF_SEY_RLYSNYE__QR_N_S_QHL_FKNCMIRKTS___PPQ_TLRQQRQGNR_NPT_A_QFD_E__VL___IQKERYE_I_R_DE__F_Q__SE__RI_T__VK_CT__PSSASSS__LSSS_ESKLSE_KFI_LMRNI__GD__LKK_A_GNSASE__S__NGE_VGN_HI_VK__IHK_ILD,0,mask-P50091
mask-BD6k61-i-l-SQD1,_A_AFL__I_AD_SFLS__F_PVIGWV_PIA_FSFLF_YIER_DVA,1,mask-nan
mask-BD2ag2-A-A-LP31,HM_S_SWDN_D_GKD___I_SLT__PDPIV__G___LS_VG_T_VPLSS_LKVDL_LEKEVAGL_IKI_CTDYIGSCTFEHF___L_M_I_T_EPCPEP_RTYGLP__CPFK__TYSL__SEFVV_DL_L_S_LTTGN____SVL_SSGK_LG__KIAASL_GI,1,mask-nan
mask-nan,MWE_RS_AFSRAV_AE_LATLLFVFFGLGS__N__Q_LPSVLQIA_AF_L___TLVQALG__SGAHINPAVTV_CLVGCHVSVLRA__Y_A__L___VAGA_LLHEITPADI_GDLA__A_S_S__A_QAVTVE_F_TLQ_VLCIFA___E_R_EN___PA_SIG_SVAL____GIHYT_C____AR___PAV_TG_F_DHWV_WI_____AILGSLLYNYV_______LSER_AVLK_LEPDTDW_ER_VRRRQSVEL_SPQS_PRGTKA,0,mask-P41181
mask-BD8jw0-m-B-SQD1,E_IP_G_FTK_QGK__ATPDED___DSEVA_ALIIAA_VLY_A_E_TKSL_YGEDP__TAKGPM_PFE_RVV_K_LFGS___SYSP_R_,1,mask-nan
mask-nan,MAKVFSFILVTT_LTMGREISALEDCAQ___R_RAQVRLLE_RVKQQQVK___LL_EN__QFL___D_NTVID_GSKR_Y__CSEIFN__Y__SG_Y__K_LQSPA___V_CDM___GGW__IQRRSDGSENFN_GWK_YE_GFG_FV_KHGEYW___K_L_FLTT_EDYTLKI__ADFEK_SRY__YK__KVG___NFYELNI__YSGTAGDSLA_N__PEVQWWASH_R__FSTWDR_HD_YEG__A__D_S__W_NRCHSA_L__VY_SGPY__KTDNG_V_Y_WHGWW___K_VV_KIRPN__IPN_I,0,mask-Q08830
mask-BD7ytb-A-A-OLC1,MS__T__L_QF_TVYNMLSFAVASMLG_FAFFVMGR_I_G_K__LALVV___V_LIAG_H_W_IMG_WT_A_A_KDGM_VPT_E_FND_YRY_D___TVPL_LT_L___M_LKKESGSVLAKL_LAAIAMIALGYPGEISNPE_QAGAR__WG_LSTVPF_Y_LY__W__LGD_IGEHPAKVQ_____T___ILLTWGF_PIV_AMGS_GWLGGAGSVVA__VG____DV_AKALY_V___AI_YAK_EADGS__AHH_H__,1,mask-nan
mask-nan,MGIQETDP_TQLS_PP_FRFY___E_LMVQY_C_KA____FS___IAEI___KFDP_V_PN__LFGEK_WYFFSPR__KYP_GS__N_V_G___W___GTDKI_STEG_RVGI_K_L_F_IG_APKGTKTN__M_E_RLIEPSRRNGSTK__D_VLCRIYKKQS__Q_QVYDNGI_NA_EF__NGTSST_SS_SH_E_V_D_FH_EID__N__FSNPN_ISSLR_DLT_Q_TG_HGL_DTSNFDWA_FAG_VEH_NS_PE_GM_HVV_NL_YN_GY_K_E_E___SH_FNNSGELAQKGYGVD_FGYSG_VGGF_F_,0,mask-Q9C932
mask-nan,MNQTL__G_TTVG_TLKDAVIM___RRVTME__IMHKN___L_QID_Y_GMT__GLVGD_Q_LV_____E__LYRLQ_RV_MP_EAVA__L_NMLNQVK_MP_MVQLLVG_IDTA_HV_S_D_A_GSVED_YAST_SG_P__YGVLESQ_S___TVD_G__LVIRA_S_AKQ_DS__GG_IDVAV_TRKDG__QLP_DQI_SRIRKLGLIL,0,mask-P28061
mask-BD4z3n-A-A-OLC1,MTVNK_EPDNG__N_E___V_G_FD_SLYKLLLRMALP__VG_L__VT_AIADI_WLSHI_VT__GI__GVGLVFP__MGL_AI___I_IG__S_L_RAIG_QRLD_A_RILSVGII_A_FFAIVI_VL_Y_YAQ_LL_SLGATK_IIG_A_EF_YYSLLT_F__M_IGVMMG_FQGAGK_MVIM_ASL___LV_I_LDPIMIF_FDFGV___A_ASFLAQ_SMV_Y_IYT_MG_HI____R_ALRPF_WKI_REF__V_MAQM_MQ_I__V_IVIYNF_IVR_DV_A_AAF_LTGRIDYFI_TPML_I_TAL_T_VGQ_WGHGNVT_TL_A_WAAV_LAFSI_LV__V__I_LA_WMY_LFT_VV_VSDYA_LQTRIMA_ALPFV_ISLL___Y_QAI__PW_SVLLTLMR__F__VPVV_LLAIVL_M_I_GVYF__M___F_AALLA__LLRLSPRLL__NQE__R_Q_LDM_VAPA_DD_KLAAA__H_HH__HH,1,mask-nan
mask-nan,MMTPMWISLF___L_LFAFFATYEA__YER_IKE_FTITN_EGVVLF_TSADS__FM_IP_QHDDPT__QK_NQN_S_IPET___YH__HSLIQ_D_YF_V_RSP_G__N_VF___FV__Q_TDTE_Q__Q__PPRHPS_TFVFPDSP_AKY_PP_SPA_PL_ND_KEH_PCAKDESQ___NFC_NVDD_PDLSGLTHKLKN_F_KFFSNDLQPTDV_SRV__S_ER_L_R__R_L_YPKKG_RA_DTWQ__VNND__K_A_Q___C__ADQPCD_AANFPQSYNPI_KQ_YTQQTL__I__D_ELDV__NSF__P___KCA_KTG,0,mask-P48607
mask-nan,M_L__LLASV_CLAL__SARPSDET__QES_TE_S_DTS_SYH_EEDTSETGA_AGTEDGNSE_DSSELE_SS_EG__DGS_DA_GE_GG_G__GE_G_ED_AGEEGEAGE_GE_GE___AGEE_G_GEE_GA__EG__GEEGGAEG___S_VN__H__H_LLK_IMNV___NN__KS__L_RLQE_LMNPTI_LVGSISKYSKI_E_FDS__DD_K___EKSETS__E_SKDKNN_H_GS_GTREL_EG_I__EQKL_D_IVEKRDSE,0,mask-Q7YT37
mask-BD8bd3-X-X-SQD1,AA__SLN___GSVV__GLVL__I_GAITAVSNFD_IR,1,mask-nan
mask-nan,MVSRRVQALLD_LR_Q_IQDEQV_NALAAVP_EK_VDEA__QKAWDNI_LPIGQGQ__S_PYMVA_MT_L_ELTPQ_RVL_I__G__YQ__IL_H_V_H__SV_RI_GL_W_A__RLK_LD_HN____H_D_W_GWQ_R_PFDAI_V_AAP_EIP_ALMTQLDEGGI_V__VGEEHQYLK_V_R_G_EFII___E_VRFVP_V_GELA,0,mask-P0A7A5
mask-BD1q90-R-B-LFA1,AASSE_P_MNK_NIMNL_LAG__G__ITTL_LG__A_F_PP_SGGGGGG,1,mask-nan
mask-BD8e0g-A-A-OLC1,MDSS_GP__IS_CS_PL__ASC_PAPGSWLN_S_VDGNQS_PC_PNRTGLGGS_S_C_QT_S_SMV_A_TIMAL__IVCVVG_FG__L_M_VIV_YT_MKTA_NIYIF_LAL__ALA_S__P_QSV__LM_TW_FGNI_CKIV__IDYY_MFTSIFT_CTMSV_R_IA_C__VKA_D_RTPRNAK_VNV_N_IL_S_IG_PVMFM_TT_YR_GSI_CTL__SHPTWY_ENL_KICV__F__IM__LII__C_GL___RL__VR_LSGSKE__R_LRR____VLV_V_V__VCW_PIH_YV____L_TIPET_F_TVSWH_CI_LGYT_SCL_PVL_AFLDE_FK_CFREF_I_TSS__EQQNSARIRQNTR_HPSTAN_V_RTNHQL_N__AETAP_P,1,mask-nan
mask-nan,MG_____DI_T_IR_ADMNR_G_VR_VSTNITE_IVKILLREG__E_ARK_Q_R_K__LVL___HRRNKKGP_LNTFH_KRVS_PGLRIY_NYQRI_RI_GGM_IAILSTS_G__TDRE___EG_GGE__CY_W,0,mask-P09597
mask-nan,MA_VKKL_VKGGKK__QVLKF____THPVEDGIM_AANFEQ_L___IKVN___GNL_G__VTI_RSKSKITVT_E_PFSKRYLKY___KYL_K_NLRDW___VAN_KESYE____Q_NQ__EEEEDED,0,mask-P35268
mask-BD7clj-A-A-OLC1,_HHHH__TENEE_NFRKFR_FNG_MGV__LIQVFL_LY_SN__SLPITVNKPVYN_ITNS__P___TLFSI_I_____MFLFISATA_I_I_TVLY_R__QNLK__M_PYRWFDYSISA_F_IVI__MLT_IY_L__L_ALFT__AVMNLM_LMMELH__TTQNT__TS_IIGCIAGFV_WI__FIPLISA____D_VIYI__SI_I_FN_F_INM___YKKIG__KNYLHGEKV_IILSLVAK_A__WQVF_GT__P_,1,mask-nan
mask-BD8cmo-7-A-DGA1,AY__D__LWYP___APAYL_GTLA_DY_FDPLG_SSDPE__RWMVH_EL__ARWAMLGA__V_LTSIG___GL_F_EWYEAG_APLPSTV_GDWSFGTL____FLL_HWAEQ___MD_RN____G__SFF__T__F__KE_GY_G_RLFDPI_FSRGD__MYKKY_QNEI___RLA__AN_GF_AQYAATG_GPIQ_LADHLADPYHTTFTT_GVS_PF_,1,mask-nan
mask-nan,MEALAMGS_A_RL_LV___GGIKWR__ATS_AS_LS__E__E__NDLFNKEKAR_LS_T_R_E_I_VKHVGK_D_GT_FVMNKN_S_PY__AM_LS_WYCRKSI__L_DGQP_DM_KPLTKS_EIKFLTF_DCDPGE____YW__CAMMMGC___R_FKD_YMVNLVR__EV_VISGAFCYD_VLDSKLD_WMPTKENLRS_TKDAHA_IYK_LP__TLE_EA_V___I___S_YKV_F_EEK_SQ__ERIVK_H__G_F_D_SEG__IPRT_IC__YEVSAVHN_QPTQPSLIRRFQ_VSLPVHL_A_FT__DK_LERS____TE_QSK_T__C_S_,0,mask-Q9NYK5
mask-BD6zzx-H-H-SQD1,_YGEESRYFDLKDLE_TV_SW_MYG_E__S_Y_G_Q_EFF_R_ANGLS_R_YI___VAI__AGI_AWGGKG_ADVRL_TVGPQ____VGPRGR_,1,mask-nan
mask-nan,_LNRISS_SPT__VSS_SSSAGI_P_I_V_PPR_GPVDTLV__A_D_N_VYIGDEHGKLF_PKLI__SAAK_K_AGVDHLAV_F_____GAAFRE_L_D_KS_V_HFLEA___RHG_AW_DK_SE___SAHR__IYV_GIDRKM__DQP_TPMQKIL_M_KRLALNV_WDAA___EA_AV_A__SI______HFS___TD_PKDM_PGLVISF_LTGRGSSRINDAD_HSHI_IAG_DN,0,mask-E5G0U4
mask-BD5yck-A-A-OLC1,__ATQ_GQLTA_LKRVTRL___MATV_IA__LL_VI_VMV_GH_GELQL_GVA___SFTN_TG_SIMYG_V_ALETL_____GA__Y_KI__YTYSA_ASN_P_CFIISII_F_I_N_LIS_GQD_D_SRIA_SYAFW_I_V_F___IVIPL_R___TQ___LP_L_TAVTT_LF_VFVCW__VLVF_L_SN_PAMA___SF_FY_VIL_CYVRFSS_CEKTRGFVSEDF_SCVKQF_QYGVPSA_MICLEWWLF__LI__SGL__NP__E_SV_SICLTTE_LHYVISSGVA_A_ST__SNNLGAGNP___RVSVLAGLCLWLVE_AF_S_LL_TFR_IIG__FSNSKEV_DY_ADLS_LLCLS_IL_GF_AVLN_VAR_SGWQHI__W_NIFS_Y_V_A_VG_Y_A_RH_L_GKGL_CGVVIGS___ATVL___T__MNWKEQ_EK_R_RIV_T_NEL_E___E_L__Q,1,mask-nan
mask-BD5i20-A-A-OLC1,M___SA_LIGFTAILL_S_L_LA_S_TGAVPPFLL_AL_FTIGGA_GIA_GLA_GVGL__L_QP_PV_VH_IGGL_GY_FFY_S____A_PAEA_LVAYLW_LLI__FS_FL_GE__RPA_VAGALMGLAGTVVLLGAR_GG_G_A_E____Y_AAAA_A_IWSVY_VASR_FA_VP_EVVAG__LATAALS_L_H_LF_PSVW_VG_EWL__VALGIG_V_IAFYTWDIG__RGDVR_LGVLS_AAPVL_T__L__AG_AAPS__L__AC__IVGG_AV___L_RRL_S_GE__YFQ,1,mask-nan
mask-nan,M__QIEEYF_GMI_K_N_L__NTIP_RRE_IF_FM_GEVVSNP_DEHL_VAEI_L_LYFA__DDK_VR_LIS_K___P_FTKKV__IVKD__F_KTL_YGDIA_K_NTS__AVG_ALKR_PLPLII_CH__VAKN_LGGYS__LD_KKF_LER__LN_VSFKF_K_Y,0,mask-Q58924
mask-nan,MW_GILVG__R_A__RYPAL_____AH_P_Q_PPQR_LQNGLALQR__HA__T_ALPL_PI_VEQTGRGERAYDIY__L___RIVC_MG_ID_SVASLV_AQL_F_QSE_NKKPIHMYINS_GGV_T__LAI_D_M_YILNP___WCVGQAASMGS_LLA_GTP___H__P__RIMIH_P___ARGQATDI_IQAE___KLKKQLY_I___HTK__LQVIESAMERD__M_PM__Q_FG_LDK_LV_PPQDG__EPTLVQKE_VEAAP_A___PAST,0,mask-Q16740
mask-BD4cjz-C-C-OLC1,G_HH_HH__A_NTTG_TRI_KAA_____GLRA_WINEAAFRQE_VAVL__VVIACWLDVDAC_RVL__S_VM_VMIV_L__SAIEAVV_RI__E__ELS_RAK_LGS___LIAII__VITWCIL_WS_F_,1,mask-nan
mask-nan,MA_NKGRGRAAY__N_E_VGFSKGEKLPD__L_P_P_FP_TDYKPV_LKT_E_EE_M_____E_RETMK_MPYF_E_PEERQD__R__KRY__VYK_EWIPDWRR__RE_MPRNKCKK___KP__AKDA_KGTPLTNTE___KKME_LEKRGD_E__D_EN___E_S__K_KEGDD_DDDD_AEQ_EYDEEEQEE_ND_INSY_E_G_DF_ADS_DN_DEATY,0,mask-O15318
mask-BD8c29-H-D-DGA1,M_TQT_D__S_TT_R__GVGT_L__LNSEYGKVAPG__TTPL_GFTMALFAVFLSIILE_Y__SVL____PV_WG,1,mask-nan
mask-nan,M_AE_RIPL_V_GVVA_IG_IGV_GLF_YG_Y_GLGSS_,0,mask-P73070
mask-BD4ke6-A-A-1QW1,_S_QYPVLSG_EP_Y__NGPVGVLLVH_F_G_PHSMRP__EAY__AGYTV_L_RLK_HGTHY_DMER_TF_D_V_SVEEGYGWLK_R_QT_FVTG__MGG__TLY_A___PDICG_VPINAAVD__AIAAGMGGELP_YL_SIGS__K_P__K_LAY_K_P___LLQLARLM___KAKLDRIV__ALIF_S_EN_V_P_GNADII_QGIS_TEK_I______YHVAT_D_D__MII_RS__FFAKHA,1,mask-nan
mask-BD8pw5-l-l-TGL1,ML_QSI_RF__S_VRR_HYEE_PGKN_PFS_ENKWRLL_M_T_YF_S_FA_P__IV_HQLLKK,1,mask-nan
mask-nan,_KL_RL___S_FA____PS_A__VVTV_S_D_L_DGDN_WYQVQFD__T_ATGI_VRYV_GGG_V_VERL_K__TNPQ__V_VTA_PFIQ_AAA_K__ANFNTDTASAIP__NNLYSPL_K_Y_S_IY_SKLL_TA_A_W_DLLD_KFKNKLQ_STPGQAADGTA_MLQ_F_S__SKDAGFAYL__LQANNVG__A_TGK_TALVNK_EIYVANGDL_MNLAQMER__N_KIF___NDK__RSALA__Y_IG_VQ___QSE_GK_LINFLL__E_QTRVSEL___MPVR_D_T_S_EHYK_AT__L_GV_SWQP_WDD___SLS_DI_RWHKVTE_E,0,mask-P96062
mask-nan,MP_FLKE___T____PSYFGPRMQ_YL_AK_LADVEG_CSG_YGYI_C__D_N____DK_R___GQGFAEFEVK_RA_L_RPFRGEV_DAIV_T_NKM_F_A_I_P_NVFVS_H__P_DMK_DPTANPPN_SGEDQVIEKG_NV_LKIVG__TDAT_IFAIAT_KED__G_L,0,mask-O14459
mask-nan,MKFKAI_KA__ALGMLATGVI_S__QSV_AKAEVKQQS_SELK_Y_N_P_L_RKNV_GFKY___G_HYLE_T_GQQH_RITLLG_D_D_FKD___SNID_FILREGDS_QA__Y_IGGVT_S____YIDY_N__ILE_KKDNEDV_K_FYYI_K_D_SLK_LD_R_RER_IK_H_L_SNGLKQ_Q_TITMNDGTT___DLSQKLEK_R_G_SID_TK__K__V_MK,0,mask-Q2G0X9
mask-BD8jjr-y-y-SQD1,M_RSL_VA_LIAVAGG_AFVPG_I_R_TTAP__RAL_A___A_SSWGSLPT_V_GMAL___F____LAPVRA__A__T_APT__E_APTPAPGPSDEEILAKGCDIRV_CTT_EQQ__WAK_YYRKY_QE__GKDPKYS_PSTGAGV_RKFKID_PNP__SIP___D___PIRN_DFL_IW_QQQED___K__EYIGREFT_IRW_GD_DNA_S__KP_N_YY,1,mask-nan
mask-nan,M_NAP_TL_FGSVRLPVSADGL_H_PTA_Q_LGL__SWEAALV_HG_PET__D_GAGPEAA_SV_D_VA___A_D_PE_RR_QKR_RE_L_RAMQGDVRV_AQIA_RN__PDAR_WLAA_L_S___RRELLA_VAR_G_EG_V__QL__ISNRTVLGKDS_SVRQERG_KA_R_G__SAELL_L_YIDTVTARAI_E____GNAA_L_L__QV_R_ER_SWER_G_V_RV_,0,mask-Q9RYE6
mask-BD3t6e-C-C-HTO1,MKQL_V__V__VALASLVA_CFEPPPATTTQ_G_R_L_M__V_H_AT_K_KKE___Q_P___AAVKA_GPPV_QVYKNV_VL__L__AEFLRTMT__T__VSP_EGCTYC_D__N_ASE_K_PYVVA_RMLE___AINTNWT__V__TG_TCYTC_RGTP___YVRYLEPTLP_NNRET__HVER_ETRSGY__RLAKYTAY_ALN_DPFTM_LANDKR_VR_VPQTAL_____S_GKERR_L_DAYAT_A_MM__SDSLG_NCTFC_NAQTFES_GKKS_PQR__AW__IRMVRD____YLA__NASL_ASRL_R_G_APQAD_RT_H_G_T_P_FG_SR_K_Y_EL_PIKAAAK,1,mask-nan
mask-nan,MW_LVAALL___AC_GS__L_FN_TKS_EFT__NDT_VIPCFVT_MEAQ__T_VYVKWKFKG_DI_TF_G_______P_DF_S_KIEVS_LLKGD__LKMDK_DAV_HT_NYTCEVT_LTREGETI_E_KY_VV_WFSPN_NIL__I__I_A_LLF__QFG__TLKYRSGGMDE_TIA_LV_GL_ITV__IV_AI_FVPG_YSLKNATGLG_IV_STG_LILLHYY_FSTAI__T___IAILV__V_A__L_V_GLS_CIAAC_PM_GP_L_S_LSILALAQL__L_YMKF_ASNQ__IQ_P_KAVEEPLNAFKE__G_M_D_,0,mask-Q08722
mask-nan,MYQN_VTKH_T__QTS__SV_GNVIPAAP_GNIP_I___S_TAE_AVV_LYA_MNVSTS_DGS___A_K__TSPTDPNCV_SAGVNLSFAGTSY_IVG_VRFESASE_PTS_A_SEV_H__I___VG_G_V_SAR__ATVDIH_RTSGNNV__G_ICSS_K____R_IGT_AT__VIH__QVLQ_LK,0,mask-P31281
mask-BD7pqd-x-x-SQD1,P_TNLRL___FQMM_GAGWA__VFFG_LLL_GF_RVV_R_LPIQE_Q__AP_ITG,1,mask-nan
mask-BD3iiu-M-M-J7Z1,A_EIGDAA_KLG_AS_AFAKEVDW_NGIFL___GK_QP_EALK_ID_MIVM_AAA_PKLLKAAA_AHHKAIGS__GPN_V_SR_DWDSV___LGR_IA____NMVM_V__S__KITDPKVP_YMK_LVNGADAE_A__GF__F_D_V__S_,1,mask-nan
mask-BD6h40-A-A-FW51,T__R__D_LFALADRVTGFM__DEGRTL__TAV__LGD__G_EIGTYCGK_TVLL__AARQ_G_VVFTVDHH_G_E_HQPGW__HDPSL__P_T_L_DT_PR____LD_A_LY_HVV_V_G_SAV__RGWRTPLRF_FI_GGHTE__AQR__DGWARWV_V_G_L_IHDVFPD_KD__QAPF_I__RALN_GD_REVN_Y_SMRV_ER_SGIAGQP_KL_,1,mask-nan
mask-nan,MMVDENV_TKA_T_VASVDHG_GS_SG__H__LSA__PL_GV_W_KRR__RQRRSSS_F_LLS_PP__PPISHV_TPLPA_KIDPRK__F_F_KE_KN_DVSSLRRMI_PKKA_EA__PALECKEG_PIR__DLDGF_VW_F_Y_YWPN__SRM_V__NTGDFVN__GLQLGDFIM_YQDLYSNNYVIQARK_SEEEE___I_L_E__VYTN__R_E_TVV___LLQD__HHNNNNNNNSNS_S_KC_YYYPVID_VTT_TE_FVYD__A_TSN___LD__GG__TT__NYY_K_G_FDG__S__N_SL_DF_,0,mask-Q9LW31
mask-BD3t6e-M-M-HTO1,_AD_QT_YTQI_ARGPH___SGEWG___RVG_PFYSY_LGKIGDA_IGP_YL_AS_IA_F__GSTAIL_I_FNMAA___FDP____RQF_WLGLY__K__Y_MGIPPLHDGGWWL__GL_MTLS___W__R_Y_RARALGLGTHIAWNFAAAIFFV_CI_C__PT_VGSWSEGVPFGIWPHIDWLTA__IR_G_FY__PWHGFSIGF___CGL__A__G__I_AV_RFG_DR__EQIT_RG_A__R__LFW_WTIGF_ATIESVHRWGW___LMVM_SA__GI__T__FV_N_Y__CVKHGA_PD__AY__A_PDPASLPGAPK,1,mask-nan
mask-nan,_A_K_L__QLVN_GRSKKYTL__VN___QR_S_L_FDSV_AK_HA_RN_ANGELF_GRR_TLTHF__QQAMCELEG_AGC_LF_CGAAAVAN_I___I_QGDH_LMTNTAY_PSQ_F_SK_L____VTTSWFDPLIG_D_V_H_QP_TKI_FLESP_S_T______PAIVAAVRSVV_DAI_MIDNTWAA___F_ALD_GIDVSI_A_T_YL_G_SDA_I__AVCNARCWEQ_R_NAYLMGQM___DTA_IT_RG__TL_VR__QHHES__K_AEW_A__P__A_VNHPA_PGS___EFWK_DFTGSSG_FSF_LK_KLNN__LA_YL__FSLF_M_YSWGGY_SLILAN_PEHI_AI__QGE_DFSGTLI_LHI_LEDV_D_I_DL_AGFA__V,0,mask-P06721
mask-BD7w9m-B-B-LPE1,MGRLLALVV_AA_V_S__GGCVEV__ET____GM__K__CI__KRRSE_NA_TFT_WTFRQK_TE__V_ILRYE_EVLQL_E_ERFEGRV___G_R_TKDLQ_LSIFI__VT_NH_GDY__HVYR_LF___YEHNTSVVK_IHIE_VDKA___MAS__SEIMM__L__VLTIWLV__MIYCYKKIAAATET_AQE_A__YLA__SESKEN_TG_QV_E,1,mask-nan
mask-BD6ryo-A-A-OLC1,M_H_HHHHDYDI__TENLYFQ_A_M__KY__GTS___AVFVVI_DQV_KYIIA_T_KIGDSF_V_PHFL_IT_HRNNG_A_GILSGKMT___I_T__IL____Y_F___AQY_LF_Q__IS_LFAGALG__IDRVLTGEVVDFID_NIF_Y_FPIF_IAD_S__IGVILII_ALLK_TS_K_E_EVK,1,mask-nan
mask-BD6wv3-A-A-OLC1,MGST__S___VRLALCL_GLV__LY_LHV_AAR_RDR_Y_A__DVGT_ISCSRVFSS__GR_FG_____LGQDSIL_QSNSIFGCI_YTLQL_LGC_RT______M_LSSLVS_AGS__LAWILFF_L_D__IVC_T_YAINV_LMWLSFRKVQEPQG_A_R_,1,mask-nan
mask-BD8h5e-A-A-OLC1,VPDLVY_E_G_V__WLARVRW_VI_ILTGMVT_S_LQGFES__EAV_ALA_YV_VLLG__GNTGNQS__L_IRALATR_LDL_D___VFLKE_GVGLLL_____FLLVGK_YW__HPLL_P_VG__LVL_VFFA_L_GAM_PFLL_RL__DPALVSNPLVAT__DVTGL____SV_R___EAV,1,mask-nan
mask-BD6zzx-G-G-SQD1,L__V__VVGGCTVGALA_GRF__LPFHR_SLA_AGMP_QN_M_H_QA_DAR_E__SFILKTN__AGF_VVDV__WGA_G__AAFYILA_SSL__DRNP_,1,mask-nan
mask-nan,MSREL_PLL__L_SI_SALAM_I__F____FGE_K_E___AMDVIVKV_KRCDIILVMEI__SNN_I__IL_E_LNRNSRRG_T_NY_ISSRLGRNTYKEQY_FLYKEK_VS_KRS_HY_D_QDGDAD_F_RE__VV__QSPH_A_KDFVI_PL__TP_TSVKEID_L_E__TD__HRWK_E_FIFM_D_NAGCSYVP_KAWKNIR_RTD_RF_W_IG__ED_T_KKST_CAY_RI_L_GQE_VSS__PKSNSVF____A_K_TEE_ALDVSDHF__EF_LQSS_A_TNS___V_L_K__KSKRS,0,mask-Q13609
mask-BD5gli-A-A-OLA1,G_G_A_AEV_KGDR_AG_PPRT_SP_PC__PI_IK_TFKYI_TVV__LVF_LGII_NSTLLYI_Y_NKCM__G_NI__A_LA_G_LLH__IAIP_NVYKLLAED_P_GAE__KLVP_I_KAS_GITV______SID__RA_ASWSRI_GIGV_KWT_VEIVL_W__S_VL___EA_GFD_ITM_YKGS_LRICLLH_VQKTAFMQFYAT_KD__LFSF_FCL__A___FFYTLMTCEMLRKNIF___RIDEGGG__GDEAEKLFNQDV_A_VR_I_______P_YD_LDAVRRAALI_MVFQM_____AGF_NSL_ML_QKRWD_A_VNL_KSR_YNQT_NRAKRVITTF_TGTWDA_LNDHL__R_EV_K_VFC_VLVF_LCWLP__L_R__K_TL__Q__PNRC_LLSFL__L_YI_INMA__NSC_NPIALY___KRFKNAFKSA__C__QS_SS_NLY__,1,mask-nan
mask-nan,MAPARKGKA_EEQA_VSLGPQ____E_IFG_AHIFAS__DTFV_ITD_S_RETIVRVTGG___KADRDE__P_AAM_AA_DVADRC_QLGINA__IK_RAT_GTR__TPGP__Q_ALR_____GMKIGRIEDV_PIPSD_TRR_G__R____,0,mask-P48150
mask-nan,M_KQL_K_ITICTLALS_TFT__PAT__A_I_S_IK__S_K_L__DT__YTR_ATTS__QK__T_S_Q_NFLTEPNYDK_TVFI__K_TIGS_____DPNGYWNSTL___GS_S_S__NVDDNNNTNV__FAPKNQDE_R__KYTY_YK_GGD_SINRG__T_NI_KES_YSE_I__QQ__YR_LL_Q___HK_VGW_VEAHLINNM__DHTR__T__S_NR__SEIFSLTRNG_LW_K__FTPKDKMPVTV_E__NPE_LAVMS_DKKD_G___FVVHYKRSMDEFKID_NRHG__GYWS_EN___KKEEKLS_LYEVDW_THNVKFVKV_NDNE_K,0,mask-Q2FWP0
mask-nan,MS_FE_QK__GNSLF_QGL_REAVHC__QLITAQPQ_P_GYSNKAMA____G_Y__A___CQQGL_YT_TAEHVAIRSKLQYRLE__Q_A_GSV__PV_EVDE_PE__D_S,0,mask-P25638
mask-nan,M_PGILV___RVASCR__A_GPRLA_HF_A_R_P_RTLQ_GLA_Q_C__A_ATR_L_LIP____QTGRGE____IY_R_LRERIVCVMGPI_D_VA_LVIAQLLFL_SES_KKPIH_YIN__GGVVT_G_A_Y__MQYILN_ICTWCV_QA_SMGSLLLAA_TPGMRHSLPNS_IMIHQP_GG_RGQAT__A_QAEEIMKLKK_LY_I_A___KQS_Q___SAME_DRYMSPMEAQ_F_I_D_V_V_P__D_E_E_T_VQK__V__APA_EPVP_S_,0,mask-Q16740
mask-nan,MSM_ADSQSDY__LE_IR_H__GE_E_I__ES_ASS__Q_CVT_QSI__VY_RNPSF_K_YPCFT_S_GDLP__E__SEDMLVY_ILND_FHG_WEPS__SSD_DR_S_PSVKI_TPESFAAVD_V___K_KTSP_SAAVTAAKGK_Y__VRQRP__KFAAEIRDPAKNGA__WLGT_ETA_DA__AYD_AA__M_G__ALL_FP_RVNSGEPDPV_IKS_RS__SS_N_N__PKKRRT__A_GGMDKGL_VK_EV___A_G_RL_VL,0,mask-O80337
mask-BD7r0w-C-D-SQD1,MRNPDT_GLW_KTMVALRRFT_L_I_TV_VFLITDLGLPQAA__YPF__QET__LTPREATGRI_C__C_LA__AAEV_IP___LPD_VFEAVVK___DLDSQQ_L_D__KGG_NVGAV_M_P_G_KIA_P_RLS_GLK__VGGT_F____E_M_NVVI_GPLPGEQYQEI____L__DPAKDK_INYGKFAV_LG_NR_R_Q_Y__GL_SNNNAF__PNAG_I_EVNAL_AG_YQL_LT_ADGTETV_IPAG__L_VSAGQTV_AGEFL_NN_NV___G_____VVLQNP_RIK_L__FLAG__L__I_LVLKK_QIEK__AAELNF,1,mask-nan
mask-BD6mss-A-C-SRV1,_P_E__PPAL_L_EGADS___CNFSTTMKSV_WFQ_NHRGRL_TLFY_AQ___E__RLK_TF_SKERYS_L_IKDAQL_DSG_Y_CAAVNMG___TFGTGTSLLVDP_I__P__AVYQLR__KSK_VCL_TDF_SQTNV_QSSD_Y_TD_C_L_MRSM_FKSN__VAW_N_S__A_AN_F_,1,mask-nan
mask-BD7y7b-K-O-SQD1,VPQTAAW__K_CS_MV_S_LLCIVAGRYV__V_GSGP__PL__SFSNFGLPELL_TTS_GHIV_S__I_GLSY__L__,1,mask-nan
mask-BD6ftb-A-A-1QW1,_NL__Q__MDN_DE_RK_E_KS_FVSADN_PEY__G_FIS_Q_E_FY_HHGF_LKGT__A__STISDRDVQGG__I_QQV_KNYFYDND____RK_K_L_V__RVE_QYNKNEI__FYLNN_YFGD_Q_TLE_AANH_FG_T_NKNSTTMSHITVLQS_ILAS__NA____NIN_MS_N_TQRVS_NLE_MK_Q_YIN_TQYQ__MSQLN,1,mask-nan
mask-BD5oy0-i-L-SQD1,MDG_YAA_YLPWILI_MVGW__P_VTMGL_F__IES_G__,1,mask-nan
mask-nan,M_D_TN___H_ISPLARQTLQDRDLTRPVA_KR_IRLLPW_QV__I_GRV___GA__I__L_EELRKLL_EHRL___TGA__RARHV_SVGLDLG_P_G__AP_A___AGQNG_ILAAML__E__SYVE_PT_AD_LAI_L__T_A__GS_F_P_HH__FPGS__PPHRADTGAFLLA_A_GAAGLTI_ENV__IYTAD__GPDRGQARF_P_T__TDLAKSEGPLPVDR_L_DV___A__I_RVQVVN_LV_GR__AALRGEHVGTLIRTG_R__,0,mask-P84308
mask-BD7yca-H-H-SQD1,_____V_TWTQ_A_NTTT_PTTTTT_TR_RPA_QS_MV__AKT_AFATGAA_ARS__T__R__ATVM_RAKYGD_S_YFD__DV_ATTGSW_VYGVDSASRY_EQ_A_FFE_AAQ_LGR_EAVY_VL_V_AGLL_VA____GAKDAKLPIT_G_QQ_A_VG_RDRI,1,mask-nan
mask-BD7l1e-A-A-OLC1,MS_IT__PAIYG_WSREN_FC_EKSL_TL_GIKY_QLV_AV_SAC_VF___TRA_KVP___IY_PTT_M_TYS_A_TGN_YIRVA__KY_PWARMASWLCT_P_ML_LV_NM_LV_Y__IP_NP__I____I_TVFGIT__VV_DPL_VWLYC_ISS__F_FEMVV_FAIFAI__HDFQ_I_SPM_LK_V_RL_L_RIVFYVS__AYPIL_SF__TGAC_MSENT__VLYLLGDA__KN_YGIL_WATTWG__N_KWDRDYVKGRNV_GT_M_EYEQDL__GN_E_YEDARAGE_FEVK____TLTSV_RS_R_PRR__VFNGG_RN_L__SD_ERR__RKK___K_SES_N_SD_SM_SE_EKNR_K_KKKNKE__RSA_PKEDS_SDT_RDAEI_RIMDL__RN_G_DIPGLDGD_R_R_DG__IPT__EEHD__A,1,mask-nan
mask-BD6do1-A-A-OLC1,D____DDKIL_SSTEDGIKRIQD_CP_A__H_Y__V___T_YSIIFVVG_FGNS_V_I_IY_YMKLK__ASVF_L__ALA___F_LTL_LWAV___MEY_WPF__YLCKIASAS_SFNL__SVFL____SIDRY__I____K__LRRTMLV___TCIIIWLLA_L___PAI_HRNVFFIENTNITVCA_H_ESQNSTL_IGLGLTK__LG_L__FLIILTSY__IWKALK___D_EDNWETLNDNLKV__K_D_AAQV____TKMR__A_DA_KAT_PKL_DKSPD_PEMKD_RHGFDI_VG_IDD_L_LA_E_KVK_AQAAAE_LKTTRNAEIQ__KPR___IFKIIMA_V_FF_F_WIPHQI_TFLDVLI_LGIIRDC__ADI_DT_MP__IC_A_F_N_L_PLF_G_L___F_RYFLQL_KY,1,mask-nan
mask-nan,MA_RV_R_SK_NAENKAKI_MAGA_RVPTAPA_TSK_GLRPRT__G_IGN_VS__LQA_MPMKK___P_AT_KV_D_KLPK__E_V___VPVPVS_PV_EPEPEPE_EPVK__KLSPEP_LVDTAS__PMETS_CAP_E_DLCQAF_DVILAVN_V_AE_GAD___CSEYV_DIYA_LR_LE_EQ_V__KY__GRE_TG_M_AI_IDWLVQVQMKFRLLQETMYM_VSII_RF__N_C_P___LQL__VTAMFIASKYEE_YPPEI_D_AF_T__TYTKHQIRQMEMK__R__NFG_GR__P_HFL_R__KI_E___EQH_LAKYLMELTM_DYDMVH_P_S_IA_GAF_LALK_LDNGE______HY_SYTEE_L_PV_Q__A_N__M_NQGL___M__KNKY_TSK_AK__T_PQLNS___QDLAKAVAK_,0,mask-P14635
mask-nan,___RI__S_PT_YV_SGSSSA_INP__N_R__RGGPVDTLVG__SDNN_V_IG_EH_KLFIP_LIT_SA___KNAG_D___VE_VK_SDGAAFRE_LS_GKS__KH____SWGR_GDA_LD__SE__CSAH_AGIYV_GID_K__IDQP_TPM__I_YM_KRLALNVAWDAA_TREASAV__NK_I_WGGA_HFS_SKTDGP_DMRPG_VISFD_TGR_SSRIN_ADEH_H_VIA__DN,0,mask-E5G0U4
mask-BD7o37-G-D-CDL1,_R_FGN_AR_RHVISYSLS_FEQR_FP__FSKG_PN_LR_TRE_IL_VAPPFVV_YL_YTW__Q_F_QSKRK_P_MY__D_,1,mask-nan
mask-nan,MK__IVLLLLTAL_LT_I_VIEGIL_RCKT_D_C___C_ARKG_CE___CKCMIKS_K,0,mask-A0A6P3CW73
mask-nan,__VS_NPSSN_D_GDY_E_N_SITH__SKVVI_D_TME_HCPLCNDWFR_PL__SCGHNFC___IQD_WRL_AK_T__PE_KMLCQYN_CT_NPVL_KLVE__K__PL__G_PQC_EHGENLKLFSKPDGKLI__Q_K_AR_SVG___EF__IS____FFT__L_IQQG___T__KEL_T_RNMQKE____HK___LHL_Q____EF_KLHQFL___EKDILTELR__G__L_EE_ELNL__L__QCLLAK____SI_AKTEQQNS_D_LKDI_TLLHSLEQ_MKVLATRELI_RKLNLGQ__GPIQ_MVWREM_DTLCPGLSP__LDP__A_PNLVLSKSQTSVWH__IKKIMP__PER____VAV_GSRGF_SGK__WEVEVAKK_K_TV_VV_ESII_KGS_PL_PE__FWLL_LR_QTDLK_LD_PS___TLTNN__KV_IYLD_E_GQ__F_N_KTMTHI_TFSNTFME_L_PYFCP_LNDGGE_K_P_HILH_Q,0,mask-Q86WT6
mask-BD3o0e-B-B-BOG1,A_IYN_D_N__DLYGKA__LHY_SKGNGE_SY__NGDMT_A_LGFKGET__NSDLTGY_Q__YNFQ__N_EGAD_Q_GNKTR_AF_GLKYADVGSFD_GRNY_VVYD___YTD_LPE_GGD_AYS_DF_V_RVGG_ATYR_SN_FGLVDGL__AVQY_GK__R_T_RRSNGD_VG__ISY__EG___V_A_GA_DR_NLQEA_P_GNGKK__QWATG_KY_A_NIYLAA_YG_TRN___I_NK_TNTS___N_T__V_L_AQYQ_DFGLRPS_AYTK_KAKDV_GI_DV_LV_YFEV__TYY_NKNMSTY_DY___QI__DNK__VG_DDT_A__IVYQF,1,mask-nan
mask-nan,MDQ_NERNI___WR_F__V_E__KDRGYF_TQEEVEL_LEDF____CDSMGRP__KM__FQAN_TEESISKF__M_S__VEFCDEPSVG_KTMKTFVIHIQ__NF_TGIF_Y__NITPSAMKL__SI_P_T_E__NEAALVVN__HHEL_PKHI__SSD__RELLKRY_L_ES_L_R_QRAD____Y_G_KRGEVVK_IRK__T_GRYASYR__M,0,mask-P20434
mask-BD6fmr-A-A-78M1,G__FFGQP_G__TLF___M_ER_SYYGM_AILLY_MWFLI_TGDL___RATAA_IM_IY__MVY_SGT_GGFVA__IIGARPA_F__GVL_MLGH_VLALP_GASAL_G__ILII_GTG_LK_N_ST_VGTL_D_HDRRRD_GF__F__G_NLGA_IAP____AA_EAA_YHVAFS_A_I___I_L_VYYFGGKK_LDPHYLRPTDP__PEEV__L___VS_AVAGF__II_V_N_VGW_SLPAYINLL_I_A_AIP_FY__WMISSVK__STE_L_VV__I_L_IA_V__WAIEEQ_SVVLA_FA_ERVDSSWFPV_WFQ_L__LFIM_YTP_FAWL__A_KKN_PS_P__FAVGLM__G_SFL_MAIPGA_YGTS_KV__L_LVGSW_L_IL_EMLISP_GLSV____AP_AFNS__MSMWF_S_SVGSAL_A__VTLYNAK_EVA__SYFGLGSV___IVL___SKRIQGLM,1,mask-nan
mask-BD6w1o-E-E-STE1,MAGT_GE___SDIITSVRY_VIHSI__P_LF__G_L_VSTGLA_D_FGTPR_DSY__QE_RSI_LV_D_FE___QVETF_EQLK,1,mask-nan
mask-BD8e6h-A-A-OLC1,_HHHHH_HHMDSRSPS_P_DRP_P_EQHL_ARAGATLRGTAG_RGVRRIL_F__PWVIASIA__DPG_FATN_EGG_R_GYSL_WVILA_N___MVIQN_SA_LGIAS__NL_ELIRER___PLVW_Y_IQ__L_A_A_D__EFL_A__AI__L_GL_MFWGAVV__V_T__LLNL_KRGTR_LELAVGAF__M_G__YLVQ_VL__PD_AAVG_____R__GP__AYL__G___A__MPHVIY_HSAL_QG_IQTD_TEEKRR_VRLNR_DVIAAMGL_GL_N__M_AVAAATFH_KNVEN__DLTTAYQT___L_GPA_SVL_AVALLASG__SSAV_TM__D_I__G__GFHIPL__R__I_MLP_FI_ILLGM_PS_VL_LSQV__CFGV_FALVPLLLFTAR__V_GALV_R_SFTV_GW_IAVI___LNGYLLW_L_GG,1,mask-nan
mask-BD4e1s-A-A-OLC1,QHYG_A__N__SG_NFD_SSLDFLLPFYD_EKM_A_GQVGA_YIDSRFT_N__AG_R_FLP___LGYNVFIDQDFS__N__LG_GGEY___Y_KSSVNGYF_MSGWH_S_N__D_DE_P_NGFD_RFNGYLPSYPAL_A_LIYEQYYGDN_A_FN_DKLQS_PG_ATV__NYTP_PL_T_GI_YR_GTGNE__LLYS_QF_Y__DKS__QQ_E_QY_N__RTLS_SRY___QR_N_II_EY_,1,mask-nan
mask-nan,MEE__VR__V_VVD_QT_IPFTRL__SHR__SCSV___GLGLLL_LMG_GLAV_GWFL__LHW_LG_MVTRLPDGPA__W_Q_I__RR_H_VNP_A_L__A_SSLTGS_____WETQLG_AFLRGLSY_DGALVV_KAG__YIYS_VQLGGVGC__GL_STI__GLYKRT_R_PE__E_L__QQ_PCGR_TSS_RV_WDSSF_GGVVHLEAGE__VVRV_DE__VRLR_GTRS_F_AF__,0,mask-O43557
mask-BD7ymi-1-1-SQD1,MATK_DTA_EYPWYSGNSRLEDPAVQ_KWLAAH_______V_WVGL_TFSE__AFDT_LPMF_QGL_LIP__AA_G__VG_GG_V_NTFVFTQI_A_HMV____L_GGAYFHAK_GPSV___G_R_NT_QF_FSWD_PKKLGY_LGHHLVL_G_G_L_FV__IK__GI_D_TI_EVR_VA_PGST_G_VVL_YGWF_PGYNCF_VD__E_LAS_HLFIGL___AGGIFHINV__L_WS__V__YTYSPDGLLG__I_G_ALMGF_SAYF_A_____Y_V_FFGP_LE_KFGIAPYFKDTA_LA_G_YTS_A___NITYYLAF_M_QGH_YHT_K_MG__FEDI_AVIARD__NAPA,1,mask-nan
mask-nan,MMAST__DEEK_ISTT__YFIEQRNIVLQEINE_MNSIL__L__LN_S_ESSI_V_REF_S_SDL_KTL_____SLS_EAPID_QPT__QS__K,0,mask-Q12248
mask-nan,_F_NNYDGD_VT_S_TGR_FQV_YALEAIKQGS_TVGLRSN_HAVLVALK_NADEL_S_QKKII_C_E_MGLSL_G_APDA_VL__Y_R___N_SSL_FN_KL_V_R_GHLLC_KA___TQSY_GR_YGV_LLIIGY_KSGA__LEF_PSGNVTE_YGTA__ARSQ___TYL_RTLDTFI_IDGNPDE_IKA_VE_IS_SLRDE_L_VDN____IV_K_T__TIY_G______I,0,mask-P40302
mask-nan,L_KCRGTSD_GRPC__QTG_PNS_C__RM__CYGC,0,mask-Q10726
mask-BD7q4h-B-B-OLC1,_QKAVE_TYNG__LR_MM____DV_GK__MVIMFHGFTG_KVES_FIF_KMSRA___V_I___R_DFYGS__SDGDF__MTFSSELE_AR_ILK__KE_PTT_PERIGLL_LSMGGAIAGI_ARE_K_EI__LVL_APAFN_P__I__ES_K_Y__IM__LGFV_IG_H____DFVEDISKLNIFE_SKG__K_V__VH_TND_AVEYKVSDRILK_V_GDNAT__TI_NADHTF__LEWEKKAIE_SV____KELLKG,1,mask-nan
mask-nan,MRI_R___PIS_E_QT_C__SE_A_NHV__V__M_EG_QLELFDGSNH_YPAKIIE_N_K_VKVEI_G_ELADK_SH_KI__G__IS_GE____TIQKSVELG_NV_TP_WS_RC_VK__A__M___I__W_KIA_AA_EQCGRNIVP_I_PL_K__DWC_ENDGA__L____RAHYSIK_LP_IPAGGVRL__GSEGG_SAQEIAQTEQQGFTEILLGKR_LRTE_ASLAAI_ALQI_FG_LGE,0,mask-P44627
mask-BD2f13-A-A-DYM1,SLP_L_KE__FQS_AH_Y__PALLYLPGQQSL__FAEQ__AELIV_R__DY_APTH_VQ_QAQEV_AQA__D__RSM__CPL_DAQTGTLFLFFIAI_GQRANV_RLCQ_TSTD__R_WSSP__L_DAA___A_RE_STFA_GPG_CLQLN_R_RSLVV_A_AYRKLH_IQ_P_PSAF__LS_DH_RTW__G_FVAQ___ECQ_AEVE_Q__VT_NAR_HLRA____Q___DGLDF_ESQLVK_LV_PPPQGCQGSVISF_S_RAQWLL__H_THSW_RADL_AYLNP___AP_A__E___LAK___AY_D_QS_G__PDGSP_F__LY_AN_YEEIVFLMFTLK_AFPAE,1,mask-nan
mask-nan,_QAYE___E_GLI_GYVL__RG_GRRV_RN_IAVL_L___ES__LH_DRG_P_AQAWL_DS___SEF_CDL__EE_TR_RL_DLGAE_LL_F_R_V_LNP_AEPEDM_SLR_FADARRVISLR_R__KA___LL_DLEAGKGPK_ASEVVYYLAHYL_D__D_LISGI_DQ_DAVEELV_A_ERASPDQ___RT_RRRSAG_RRY_APQRDIYS_LA_Y_L__F_____D_WNELN_RL_R_LEELEL__E_ISVLQEA_S_RITERMNRTM_L_GI_TGF__PMSFV_GLLGI__GGI_GADAPHG___A_L_I_GVA_FQ__VFRRL_W_,0,mask-Q9ZIH2
mask-BD6ly5-H-b-SQD1,_KS___PWL_NPSNL_GRIG_NGFD__GISEYFPVD_L_ESEIKHGR__MM_W_G__AV_LGARIYP_PESMQGV_SA_A__PAV_FG__G_M__WIAL_EMVGWI_LSQTL__S_REP_D_GW___FM__TQ_EI__M_L_ELTNGRAAML_FA_VVTQSV_YD__FPY,1,mask-nan
mask-BD5ung-B-B-OLA1,_D_E_NWE_LNDN__VI_K_DNA_QVKDA_T___A_ALD___AT_PKLE_KSPDS_EMKDFR_GF_I_V_QIDDALKL_NEG_V_EAQAAAEQLK_TRNAY_Q__LG_GSCSQKPSD_HLD_IPI_YY____I__LVN___VT_FCC_K_P_K__SI_IFNLAVA_L_LLA_L_LW_TY_S__YDWL__PV_CKVFGS_L_LNMFAS_F_IT_M__DRY__VIYPFLSQRR_P_Q_SYI_PL_W__ACLS_LPTFYF_DVRTIE_LGVN_CI_AFPPEK__QWS__IAL_K_ILGF__P_IFIA__YF_IRKHLL__NS_GKN_I_RDQVL_MA_AVVLAF_ICW_P_H_LT__DAL____VINSC_VIAVIDLALPF_IL__FT_SC_N_FL_CFVGNRFQQKLRSV___,1,mask-nan
mask-BD6qph-1-1-SQD1,QR__N_AP_S___EY_N_LP_N_NF_PLEL__EKGTLQR_R_A__IHC_WAMLGAAG_LA__VLG_GNWYDAPLWA__GDKP_WF__EVPF_IAT_LG__VVAM_V__GLR_D_QD___RLYPG_AFDPLGFSKDPKS_E_KKL_EL_NGRLAMVAC_GF_____AT_KPILAALGD__SSPFF_NFA_NG_SV_,1,mask-nan
mask-nan,_____I_C_K_PMK_LC_R_AA__S___TN_LQKE_PS_E_MI_RPRLVDLDKRW__MS_EEKD_LITD_YA_QKQ_WTT__IEEKKAAY_I__G_HGPR_FS_I_Q__VF__TVA__T_GVV_FGLIRTQAAPSP_TM_REWQ_KS_EYM_ENKINPISGEASEG_KGRGQI_GGI__P_EKDKK,0,mask-O74988
mask-nan,MA____VTL___GKDG_QTL_LN__GV_PTNGVASLS_AG__PALE_RVTVSVSQPS_NRKN_KVQV_IQN_TA_T__GSCD_SVTR_A_ADV_FSFTQYS_DE_RAF_R____ALLA_PL_IDA_D_LN_AY__LL_AGGGSGSKPDPVIPDPP_DPPP______CPFA___L__VYE_PT___PWP_Y_AVE____EFDVA__D_L_NT_WRDWDSRLSYT_VRGCR__GYIDLDATYL__DQA_RDQKYDI_EGKKPG_FGNI_RFIY__S_NAYCSLSDI_AYHADGV___FWR_PS_G_A_P_D_TK__K__C_I_A_IVVPRA,0,mask-Q8LTE1
mask-BD5hk1-A-A-OLC1,G_GSM_WAV_RR_AW_ALLL_VAAV_TQVVWL_LGTQS_V_QRE_I_QLARQY__L__ELAF_RLIVELR_LH_GHV_PDE_LQ_VF_N_GG___AM__LHASL_E_V_LFGTALGSR__S_RYWAEI_DTIISGT_H__REGTTKSE____GETV_H__G_ATA___GPNTWMVE___G__P_TLAFAL___V_S__D_LTLFYT_RSYAR_L_LELT_YLFGQD_,1,mask-nan
mask-BD7r0w-A-B-2WA1,__S___TESK_FQ_F_DRLE_QAIS_DIA_K_V_PHVNI_YCLGG__LT_FLI__A_GF_MTFYYKP_VTEAF_S_QY_M___NF_WLIR_I_RWSASM_V_MMILHVFR_YLTG_FKKPRELT_VV__M_A__TV__GVTGY_L__DQVGYWAVKIVSG_PA_IPVV_DQL_TL_R_SESVG_A___R__S__TF_LPWAI_VLLL__FLM_RKQ_ISGPL,1,mask-nan
mask-nan,M_RR_IT_A_____VSSGE_MV_G_APGR_LG_G_RLSLAR___PLP_R__FSLA_AL__GFKETRA_ERAEMMELND__ASYIEKVR_LEQQN_A_AAELN____K_PT_LADVYQAEL_EL_LRLD_L_AN_ARLE_ERD_LA_D_AT_RQK_QDETN_R_EAEN_LAA_R__A_E__LAR_DLERK___L__E_RFLRKI_EE__R__Q__LARQQ_HVELD_AKPDLTA_LKEIRTQYEA__SS_MHEAEE_Y_S__A_LTDAA_____L_RQ_KH___DYRRQLQSLTCDLES__GTNE_LER_MRE__ER__REA____E_LARLEEEGQSLKD_MA_HLQE__DLLN_KL__D__IAT__KLLEGEEN___IPVQTFSNLQI_ET_L_T___SEGHLKRNIVVKTVEM_DGE__KE__QEHKDV_,0,mask-P14136
mask-nan,MKYS_I_SA_AAVFAG__AA_GVSGS__GFA__V_GGGD_T_VY_D___ELV_Y_GDD_ARVIVLTKTFDFT_S_GTT_GT_C_PW_T_S____A_D__DWCENY___A_SV__E_YN_GV_G_TV__NK_LI_EGS__A_KG_G_RIVSGAEN_IIQN_A____N__YV_GGDAI_LDD_DLV_IDH_T_ARIG____V_G_SA__RVSL_NNY_DGVSD__AT_D_YHYW_IYLDGDADLV_MKG__IY_TSGR_PKVQDNTLLHCV__YF_DISGHA_EIGEG_YVLA__NVFQNV_T__ETYEGAAFT_PSTTAG_VCSTYLGR_CVINGFG__GT_S_D_T_FLS_FEGK_IASAS_YTS_ASRV_AN__QGNL,0,mask-Q01172
mask-nan,MQPF_SG_DDL_HDVVYD_YG_HVA_CSSDQ_IKV_KLDKDTSNW_L_DSWRA_D_SI_A__WASPE_G_IIA____DKTVKLW_E_____ECSGRRW_K_CTLNDSK____SVKFA_A_LGLKLACLG_D_ILRLYDALEPSD____TLT_EM_VLSIPPANHL_SDFCLS_CPS___P__L___ALEQ_IIYQ_GKDG_LHVAAKLPGHKS_IRSIS_APSIGRWYQLI_TGC_DGR_R__K__EKLSPLASE_SLTNS_M__NSAD_D_DAQG_SDSNT_E_A_L_SN_Q_E_L_E_DDHNG_V__VSWNL______SA_D_GK_RLWKA__S__F_C_____A_Q,0,mask-P53011
mask-BD7ymi-H-B-SQD2,__QTWWGDV_KGN_N_E_G_FVPG_GTTPVM_GFVV___LLL_IM_QV__HTI__DGVDAGW_SLG_F,1,mask-nan
mask-nan,MWYF_WILGTL__C_FG_ITALALEH_ES_K_G__D_,0,mask-P56100
mask-nan,M_V_N_LIWQVIRDNNRF__KR_EF__I_FNREP_NVSG_NAQRFSGLC_DKAVGV__NSPRG__LI_____KN___PA____KDVIA__SS_KTYKSIAGRI_RTGY__D_VKV_VARASAI_S_QRP_KTV_,0,mask-O14069
mask-nan,MGILLG_LLLGHLTVDT_GRPILEVPESVTG__K___N_PCT_DPLQGY_QVL_KWLVQRG_DPVT_FLR___GDHI__AKY__RLHVSHKV_G_V__QL_TLEMD_R__YT__VTWQ_P_GNQVVRDK_TEL_VQ__SV_KPTV___SGYG___P__M_IS_QCQ_R_SPPIS_IWY_Q___NQEP_KV_TLSTL_____VIADSG___CTA__QV_SEQ_SDIVK_VVKDSSKLL___T_A__TMT_PL_ATST_KQSWDWTTDMDGYLGE_SA_PGKSLPV_A_ILI___CCMVVF__AYIMLC_KTS_QEH_YEAARA_ARE_NDS__TMR_____SGC_SD__T__NLGNN_SD___IGQ_YQ_I_QINGNYAR__D_VPLDY_FLA__G__VC,0,mask-Q9Y279
mask-nan,MSN_GTTGRIPLWLVG_VVG_LAI_LLA___Y_S_V_LG__L,0,mask-O19930
mask-nan,MYSLE___NQ_INADFQ___MFSCV_A_TP_TK_S__ISS_SN_S_N_L_L_SDWL_LTQGD_NQ_ITTLI__GTQK_IRK_GVS_YL_G_MS__TVQ_L_G__TV_TYLID__NMA_NSSG_MIY_VKMPENRLSY_TDWNYNS____ITGRELDP_VI_FRM_S__CN__AM_DWVNSVQD_V_GLR__PQD__AD_QVNLHSR_G_PH_A__FT_HS_S____E_SYDG_NQIT___V__AYRV_Q_GAVDR__AL__LES_AINGI_SVLGNSG_VTGLSNSL_RLSRLGGT_GS_S__NT_TGIVNSQSKILG__,0,mask-P13341
mask-nan,M_DKK_DTQL_NAGR_KKYTL_AVNSV__RASSLV_DSVE_KKH_T__RANG__FY_RRGTL__F_LQ__MCEL_GG__CVLF__GAA_V_NS_LAF__QGDHV_MTN_AY_PS_D__SK_L_KLGVT_SWFD_LIGADIVKHL_PN_KIVFL_S_G_I_ME_HDVPAIVAAVRSVVPDA__MI_NTWAA__LFK__DF_I_V_I_AATKYLV_HS_AMIG__V_N_RCWE_LRENA___G_MVDADTA_ITS__L__LG_R__Q_H_SS__VAEWL__HPQVARVN_P_LPG_KGHEFWKRDFT_SS_LFSFVL_____NE_LAN_LD_FSL_SMA_SWGGYE_LIL_NQPEH_AAI_PQ_EI__S_T_I___I_L__V_D__A_LDAGFAR_V,0,mask-P06721
mask-BD3eml-A-A-STE1,DYKDDD_A_GQ_VGAP____SS_YITVELAI_V_AILGNVLVCWAVW_N__LQNV___FV_SLA_A__AV_VLAI_F_I_IS__FC_A_HGCL_IACFV_V__Q_S_FSLLAIAI_RYI_IR_P__YNGLV_GTRA_G_IAICW_LSFAIGLTP__G_NN_G_PKE__NH_Q_CG_GQVACLFEDV__MNYMVYFNFF_CVL_PL_LMLG_Y_RI___AR_QLN_FE__R_DE__RLKIYK__EGYYTI_IGHL_T____L_AAKSE__K__GR_TNGVITKDEAEKLFN__VDAAV__IL__AKLKPVY_S_DA__RA_LINMVFQ_GETGVAGFTNSL_ML_Q___D_AAV__AK_RWYNQ_PN_A_RVIT___TGTW_AYRS_LQ__V__AKSL_I_VGLF__CWLPLHIIN_FTFFCP_CSHAP_WL_Y_A___SHTNSV_NP_IY_Y_I__F__TFRK_I__H_LRQQ_PF_AHH_HHH_HH_,1,mask-nan
mask-BD4xnv-A-A-OLC1,T_VLWP_V_N_TDAAFLA_PGS_W_NS_VA_TAAVSSSF_C_L_KTGFQ_YYL_AVYI__FII__LG_SVA__MFV____P_SG_S_YM__LALADFL_VL_LP_LIF_YF_KTDW_F______LQRFIFHVNLYGSILFL_CISAHRYS_VVY_L_SLGRLKKK_AICISVLVWLIV_V_IS_IL_YSG_G_R___TI_C__T_SDEYLRS_F_YSMC_TVAMF_V_LVL__GC_GLI_R__IYKM_KYTC_VCGY_Y____GD_DNG_NPGTDFKDIPDD_VCPLCGVGK___EEVEE_LRRKSI_LVI__LTV___SYI_FH___TMN_R_RL__Q_PAM__FN_RV_AT_QV__GLASLNS__NPILYF_AG_T_RRR__RATRKASRR_EAN_QSKSE_M__NI_PE_K_N__T__,1,mask-nan
mask-nan,__TL_M_LSNPK_LSAPPRR__P_NTS__TST_FRLRTK_S__S_S_S_STP__A__L_LH_SY_KR_HRC_SV_SNA__VT_PQSKI__KVYFDI_V_NPVG_LAGR_VIG__GDDV_QTVENF_A_C__E__FGYK_STFHRVI_DFMI__GDF_K_N_TGGKSVYGR_FKDE__KL_H__PGVLSMANAG_N_NGSQFFICT___SWL__RHV_FGQVIEGM_V__LIEE_ETDRG__PRK_VVIA_CGQL_M_E_,0,mask-Q9ASS6
mask-BD6hlo-A-A-OLA1,_KVL_LGFE_LP_KVGGLA__LT_I_EA___LGH__LV_TPSH_RFQGEEI_KIRV_G__VQVKV____RGNL_I_R_GGGLLDSE__Y_PGWD_LIRKA_TFGR_SVLLL_DL_REEPLPD__HFHDW_T_F_GALIKK_FKIPA_FTIH_LN_SKL__F__H_AGLSE_AP_PDI_PE___G_IAD_VTTV_RG_LIDEW_FFRN_EG_I___FN__DC_FW_ESY__GSRDERKKSLLSKF_MD_G_TF_FI_R_D_GQ_G_DV_L_AIE_LS___EFQEMRFI_I_KGD_E__G_A_SL_EK_G_VKVI_EML__EFVR_L_GS_D_VII__Y__P__L_A___MCLGAIP__SAVGGLRDIITNETG_L_K_GD_GE_ANAIL_ALELSRSDL___RENCKKRA__FSW__SA__YV_AYTGSIDRAFDFI_,1,mask-nan
mask-nan,MK_AKVS_LRR__HSLKHVD__I_K__PSTI__V_LLMIFMV___IS___AE__Y_NFEEL_____PS_YGV__KETG_PVL__AIHGG_IEGGTS__ARELSKEYS_YLF_GL_SAGNS_LHITSTHFDE_RALKMTGNHEYVISLH_Y__E_QQI_VG__DR_R__DLV_K_QHA_FPAVLL_MD_P_A_VS_NNIA_KSKTG_S___EMST__RKSLF_IFSL__R_VTQNE_F__FTEVM_RF_KNS_,0,mask-O31815
mask-BD7pin-R-i-4RF1,SL_Y_DGHLP_D_G_DPLHLS_PTV_LQIGVD_EDQN__QNKKGDVE_IF_PEVF_LARFRETEVIHG_WA__GTLG_I_GE_ATG_S_VDAG_V___GAQYLGQS_PF_ISQLI_IEA_LV_G__V_RNNELDLEKRIY____FD_LNL_DEED_EK_F____A_IKH___AMVAFL_F___AAAT_E_A_G_L_,1,mask-nan
mask-BD5wtr-C-C-TGL1,M_MILEL__I_GII_FT__G_LKGT_KGLDIFGV_TL_VIT_YAGGIIAD_L_GIYPPQI__E_NYLL__VGISIF_FYFYKW_QTN_IKM__AI_DAVGLST_A____SL_Y_Y_LN_I_VG_I_A__GTGG_VI_DVLVNEIP__L____YA__A__S_FIYYFTTPYLHH_SLFV__LGSFL_RI___KYNF_LPK_EDNK_L_HHHHHH,1,mask-nan
mask-BD2wex-A-A-GYM1,SHM__CP_HSQLTTG__FPEVHLGQWYF_A_AAPTKE__AT_DPV_NIVF__AAGSAP____LRATIRM__G_CVPRKWIYHLTEGSTDLRT_K__LFS__CPGGI_LNE_GQGYQ__L_YN_S_HPPE__V__F_S_T_C_DS__FL_TP___EAC_L,1,mask-nan
mask-BD5ont-A-A-A0K1,PHDPS_TPT__A_RAA___R__DL_TM_TAA__LYP_MW__D_AFVAIGL_PLSVERAV_E_DTLL_AQ__NG_I_H_VF_NGVDG_FP______TATL_D__PRN______TQP_VHA_AV__IL__ART__RSTRAV_EAFLDRRWGDLMRWHRW__E__DRNERGRITLYHG_ESGMDNSPRWDSAYANVVPG_LP_Y___T_PSQR__DG__DRYL_LL_EM_AVRYD_E_L_S___FQ_EDVFFSAIFSVACQV_AEIGEDYKR_HADVKD_YL__E_FR__VVET_D__TGAA__FDV_AEKWL_TETA___APLL_G_LPHDRERAL_KLLEG__FCG_P_LKY_LIPSTSPVS___RPR_Y_R_P_WPV_TW_F_WC_A_R__AE_A__L_QEGLR__SDGS_AAY_EP_TGE__GSMQ__W_AAA_LDWLG,1,mask-nan
mask-BD4rp9-A-A-TGL1,_EILYN_FTV_FNQVMT_AP_L_GI_TC_GYILLR_SVSVI__GT_KTIIGFML_Q_GS_I__STF_P__AKMSEVYG___AISDTY_SMMATIDRMGDAYSW__YAV_LAL_L_IC__LLRRI__IRT__L_G_IMFQQ_GLIAVTLFI_GYS_W_TII_T_ILV___WGITS___YK_TQE_T__CGFSI_H_QQ__S__AYKV__FL______VEDLKL_GWLNIFHDNI_STAI_MTI__GAILL_F_IDT____A_K__W__YILQTG_S__VA__I__QG__M___EL_EAF_G_SQRLI_GAVL___CAAIYSFAPNAV__GFM_GTI_Q___V_ILV_CGSSILIIPG__PM_FSNATI__FAN___GWRAALKICL_MGM_EIFGCVW__KLTG_SAWMGMADWSILAP_MM_GFFSI__A_MAVI__IAL_YM__A_R_LRA_E_A_KQLAEQSA,1,mask-nan
mask-nan,__A_I_FD_I__KLL_IYINDI_TMGE_RLLNNYEKSIL_RIYKSCEYIK_NYE_DF___YNQ_NINDI_TS_____IIE__LID_RP_VKL_TLSFIS__AEKWGEK_RTKIMEI__NEIVE__SNNGKD__DF_DRDDDD_VD_YVL_____KI_IFG_ILG_T___I_KY_LKSIF,0,mask-Q08FX8
mask-nan,M_RN_YDGDT_TF_PTGRLFQV_YALE_I__G_V_VGL_SNT___L___K_NADELS_YQKK_IKCDEH__LSL___AP__R___N__RQQCNYS_LVFNRK_A__RAG_LLCD_A_KNT_S_GGRPYGVGLLIIG_D_SGAHLLEF_P_GNVTE_Y_TAI_ARS_GAKTY_ER_LDT_IK_D_NPDEL_K__VEAIS___R_ESL__DNLSIA_VGKDTP__IYD__AV_KY_,0,mask-P40302
mask-BD6me7-B-B-OLC1,ADLEDNW__L_DNLKVIEKADN_AQV_D__TKM___ALD__KATPP_L__KSPDSP_MKDFRHGFDI_VGQI_DAL__ANEG__K_AQ_AAEQLKT____YIQKY_GDGARPSW_APALSAVLIV_TAVDV__NLLVILS_LR_R_L_NAGN__LVSLALANL_VAFY_YPLIL_AIFYD_WA_GEE_CKASAF_____V___VWN_TA_A__RY__ICH_M_Y__IY_RWH__LHI_LIWL_T_V_L_P_F_V_S_E____I_SCTFIQT__T_Y__AVVVIAFLLPIAV_SFCYLRIWVLV__ARM_KYT_T_CGYIYNPED____NGVNPG_DF_D_P_DW_C_L_GV_KDQ___V__LK_SD_R_FLTMFVV_V_F__CF_PLNC__LAVAI_PQ_M__QIPEGL_VTSYLLAY__S_LNPI_Y_L_DQNFRREY_R_L_A_W_P__C_QD_SKGS,1,mask-nan
mask-nan,MSEVAPE_____ADG_RS_ITYKIEDGV_YK_T___KEVKVLEKVH_SVAERKNW_KYG_EKGSP__PSAVTA_LG__V_L_LS__W_QAEE_R_Q_E__SLT_TG_QC_L_GNDHMTMNCP_K_IL_E_SA__D__TNE_GVEA_SEEK__QV_GAG_IPG_Y_PPSR_AGA_D_S_D_Y_D__E__DMC_LKIM__NENAD__SLREEL_F_FA_IPR_SVVRNKETGK_R_LAFV_FSSE_VA__ALRF_DGRGYMN__L_VEWSKP_V__,0,mask-Q04067
mask-nan,__A__M_C_SS___SI_SK__NLSF__TQFPNSSLKP_TFS_NL_QP_FSQGC__LG___R_GFSVVC_VATLK_A_SAAKRTR___T_RL__KARKSEVKTRMRKVF_ALD_LK___GAS_E_LV___NL_AE_YSAIDK_VV_GTL_R_TAARRKS_LARNK_VVEIHHGWYT_SLA_TN_,0,mask-P82130
mask-nan,MPH_IVIVEDEPVTQARLQ_YF___GYTV_VTASGA_L_EI_QN___DLI_LD_NLPDE_G__LT_A_RE__TVGI_LVTGR_DR___I___EMGAD_YVTKPLELR__VV_VKN_L_RIDLARQA_PH_QD_CYRF__YCL_____TLE__GEPIK__RAEYEM_V_FVT_PGEILS_ER_L_MLSA_R_ENPDLR_V_VL_RRLRHKLSADL_VT__G_G_F__AD__,0,mask-P38684
mask-BD4k5y-A-A-OLA1,MEILNEEKKS_VH_HVA_I_NYLG__ISL_ALLVA_VLFL_AR_I_CL_NI__ANLIAAFI_R__TWF__QLTMSPEV_QSN__W_RLVT_AY_YFH__NFFWM__EGC_LHT_IVLT_I__MLRID_GL_L___KDTEGY__IG_G__L_KSPSL_VA_SE_DKAIGRNSN_VI_K_EA_K_F_QDVDAAV_G_L_NAKL__V__SLD__RRSA_INMVFQMGE_G_AGF__S_RMLQ_K__DEAAVNL_KSR_YN__PNRA___IA_FR_GTWDAYDRLRA__FIC___GVPFPI_V___I_K___DN_K_WAGK__G_YTDYIY_GPMALVL_IN_IF_FNIV__L_TKL_ASTTS_TIQAR_AVKATLV_LP_LGI__M_AF_NPG_DE_SRVV_IYF_A_LES_QG__VS_FA_FL_SEVRSAAAA_H__H__H_H,1,mask-nan
mask-BD8j5k-6-5-SQD1,F____GV_APTG_F__LGFTQDIDQ_KF__YR_AELKHG_VAQLAVVG_VVPE_F_WGFDI__GI__A___NGVA__N_IP_LG_A_IIFAIGAV___G___NF__G_PDLK_KEEER_LQELQH_R_AML_IL_LLR__SQNLVKPGF_GLDNLITG_PFLY_,1,mask-nan
mask-nan,MR_GF__NE_L____RNVTMTI_M__T_A_S_GLFGG_MLVVRL_DSSRA__LDRVESQ_____DVSA_D_S__T_ACK_LREKIETRSD____RFLNRQQAYDDA_RKF_QF_DVAGKDSF_A_FIV_LENPEQHKD_DTA_K__P__LDV_NQKELIDR_F__L_G__NAAFAV_LVQAIG__L_IANMVQVA_YTRR____I_RL_GASRW__QLPFLVEAM_AA_MGVGI__AGLMVV_AL__ENA_NQ__QA_L_A_VD_ADILF___WLL_LGV_M_GLT_Y_TLRL_V_R,0,mask-P9WG19
mask-BD1e14-L-M-CDL1,ALLSFERK__V__G_LVGGNLFD_W___FYVG__GVA__F_AAL____IAW_AVLQG_WN_Q_IS_Y_PALE_GLGG__LAKGGLWQII_ICAT_AFV_WALRE__IC_K_GI___IPFAF_FA_LAYL_L_L_RPVM__AWG_A_P_G_WTHL_WVS_TGYTY_NFHYNPAHM_AIS_FF_NALAL_L_GALVLSA___EK_KEM_TP____TFF_D_V__S__T__IHR_GLLLSL_A__FSAL_M_ITGTIWFD_W_DWWQWWV_LP_WA_IPGGING,1,mask-nan
mask-nan,M_VSN_L_W__IR___R_LV__PEFGGI_FNREPVN_S_KNAQRFS_L__DKA_GV_ANS_RG_VLI_K_NPKNAQKPA_LFR__V__N__SRKT__SI_GRIG_TGYRDD_VKVSV_RA_AI_SSQRP_K_VA,0,mask-O14069
mask-BD6kjv-A-A-OLC1,SESKRGER__PEEQLLFLY__Y_VGYAL__SALVIASA_____RHLHC_RNYI_LN_F__F___A_CVFFKD_A_KWMG__D_LL_YQD_LACR_VFLLMQ___A___YWL__E_VY__TLLAFNIFE___IDE_LRLKI_KDTEGY_TIGI_H__T_SPSLNAAK_EL__AIGRNTNG_IT_DEAEK_FNQ_VD_AVRGI__NA_L_PV__SLD_VR_A_LI_MVFQ__ETG__GFT_SL_MLQQ__WDEA__NL_KSRW_NQT_NRAKRVI_TF_T__WD__SE_WIFRL_VAIGWG_P_LFVVP____KYLYED_GCWT_N_NMNY_L_IR_PILFACI_NFLI___V_CIVVSK_KA___CK_DIAFR_AK_TLTL__LLC_HEVIF_FV__EHAR_TL__IKL_TEL_FT_FQGL_VAI__CF_NNE_QLEF_KS_ERW___HLHIQR_S,1,mask-nan
mask-nan,_WEL_S_AFSRAV_A_FLATLL___FG__SAL_WPQA_P__LQI_MA_G_GI_TLVQ_LGH_S__HI_P___VACLVGCHVSVL_AA__V_A_L_G__A__A_L_EITPAD_RGDLAVNALSNST__GQ_VTVE__LT_QLV_CIFASTDERRG_NPGT_A_SIGF_V_L__LLGIHY_GC_M_P__SLAPAVVTG_____WVFWI_PLVGAILGS_LYNYVL_PPA_SLS_RLAVL__LEP_TDWEERE__R__SVELHSP_S____TK_,0,mask-P41181
mask-nan,MA_GAPSSSPSPILA__LFS__VLS_T_AIVVYTDR_VYGAV_SQVTLHC__W_SEW_SD__SF_WRYQP_GG_____IF__AKG__YID_VGT_KERI_W__DPSWKDGSI__HNL___D_GTF_CDV_NPPDIV_KT_Q_TL_V_EK_PTRYGVVL_AVI__ILG_VLLLLLLFY___YCWLRRQA__QRRLSA_E_GKFHK_SK_S_KRG_QTPVLY_ML_HSR_T_AA_E___K_LG__R___K,0,mask-P06907
mask-BD5ont-A-A-A0K1,PHDP__TPTQ____AAYL__G__LGTMTTA__L_YP_M_S_D__F_AIG__PL_VERAVVEL_TLLS_Q_R_G__PHIVFANGVDGYF_GPARWATA_LAD_A___R_TS__TQPPV_AIA_QRILE__RT_G_STRAV_E_FLDR_WGDL_R_HRWLA_CR_RNE_GRIT__H___S_MD_SP_W_S__ANV__GKL_EYQ_ATD_S_RPS_GE_DRY__LLEEMK_VRY_D_RLPSVM_FQVED____AIFS_ACQVLAEIGE_YK_PHAD_K_LYLW_ERF__GVVE_TDQ__GA__DF___AEKWLVTETAA_FAPLLC_G_P_DRER_____LEGPRFCG_PD____L_PSTSPVSRDFRP_EYWRGPVWPVL_WLF___F__RG_A___RLLR_EG_RQA_DGSFAAYYE_F_G_PLGSM__SWTA_AVLDWL_,1,mask-nan
mask-BD8wb4-S-5-SQD1,DHKRS_MMKS_ALA_VGL_VGA_A_AP_PMVGGAKLA_RT_STR_V_T_GPKMAMDVN_IVE_AQY______NVP__DE_T_EPQG_TAPIVHF_SVISLWL__A_P_WSA_YKAAG_DT_E_VG_____EDA__I_LY__YA_EY_GP___E_LE_V__F_WKPP_LI__KPRADLDRAM_DPA_DTV_SSLY_SLGGALDKTAVYD_E_QL_I_S_M__F_ET__GRRRVAQA_AAG_FTGN_SFG_S_IE_S___KK_MREP_TVSISAKEL_ALRA__AKK,1,mask-nan
mask-BD6k61-X-X-SQD1,MA_A__SPVANTGAKPPYTF_T__A_LL__VNF_VAA_YFH_I_,1,mask-nan
mask-nan,MVQI_V_A__M__ASQVLSEPIE_RQA_V__DT_F_A_G_KY__NIGDQYTL_KNSKTPAII_ADF__LTPENS_KWDATEP_RGQFSFSG__YLV_F_QSNNK_I__H_LV_HS__PSWV___TDKN_L_EV__NHI_TV_QHYKGKIYAWDVV___FNE___LR_S_FYKVIGE__VR_AFET_RAADPN____INDY_LDSASY___TGM_SHVK_WI_A_I_IDGIG__THLSA__G_G___ALN_LA_A__KEIA_T_LD_AGAS__D____VEA_LNQP_CI_ITVWGVA_PDS_RSSSTPLLFDS_YNPKP_YTAIA___,0,mask-A2QFV7
mask-BD4h33-A-A-OLC1,M_YI_PI_SF_RSN_L_RF__IFVLLVIIIP____FI_P_INNY_DAL__AI_TATTVGY_D_VPVTPIG__LAS_MM_FG____G_I_STITNFFRCKK_TNSS_QRANKIT__IS____L_KEEIAVV_QFL_LR,1,mask-nan
mask-BD6zzx-5-5-PLM1,QRKLWFPG___PGYL__SM_GD__F___GLGANPKM_TWYR_AE_Q_G_WAMLGVAGI_G_E_IN_AQW_Y_A_MP__LPR_DSQ__NM_GILAW_FIL_H_V_V_R_QD_RK_D_V____FNPNLKVPNPELG_PGG_FD_LGF_K_N_KEAQTKE__NG__AM_A_AAFTIQ__ATGKGP____TDHLS_PFSNNW_TNI_HCMV_TSVD_Q_LTI__SCLWPGQQM,1,mask-nan
mask-nan,MD_Y_T__S_S_I__TVILC_FGF_SM_R_SEPFL_P_LSGPDKNLT__EIT__IF_VW___YLV__L_V_VL_D_VRY_P_IIL_GIS_II_WLL_L___G_KTM_VVE_F__MVTAA__AYYAYIYSVVSPE___R__GY_RS_T_AA_TA_____QLLV_LANMS_FYLNVIS_A_VS__F_FS_FLPMPKKS_FFHAK___EIKKSSSVNPV____HEGEAPGCEEQ__TSEIL_TSGK_N__QL_SLKP_NVTVDV___WFQ_LKE_YSSKRL_YW_LWWAF_T__FNQVL_Y_Q_LWDYKAPSQ_SSIYNGAVE__ATFG_A_AAF__GYV_V_WDLLGELALV_FSV___GSLFL__Y___IWA_Y_G_L__KSS_M_L___AVFQI_VN_NVERYA___GINTFI_LVI__I__VI_VD__GLN_PVSI_FLVYGSYFAVIAG_F__R_MY___ST_SQKDVQSPAPSENPD_S_PEEESNIIMSTKL,0,mask-Q9BZV2
mask-BD7c83-A-A-OLC1,_GS_HMDP___YR_ALIGLAAFGAFSF__LFFVPAPYGRHQRG_WG_TV__RL_WIA_ELPAPLV_ALVFAR_EHAD_LVPL_LL_LWQLH__QRTF_FPLL_R_GAKRTP___A__AFVFNCV__AA_AY___HG_LRHTE_WL__P_FAI_A_LFL_GWAL_LHS_AI_RR_R_P_ET_YE____GAYRL___P__LGEI_EW_GWA_A_W_YA_AVFAFFTFA_____A_A_HRWYR_RF_DYPRE_KA_IP_VV,1,mask-nan
mask-nan,M_____YRQGTPNW_D_QTTDQS_AKKFYTSLF__GY_DN__PGGGG_YSMA__N_EAV___A_MPPGAP_GMPPIWN_YI_V_DVD_VVDKVVPGG_QV_MPA_D_GDAGRMSFITD_T___V_L_QANRHIGATLVN_TG__I_NEL_TD_P_LALAFY_AVVG_THS__EIA_GQNYRVLK__DAEVGG_____MP____HWH_Y_AVD_ADATA_K__AAGGQ_I_EPA_I_SVGRF_V_SDP_GAI_SV_KP____,0,mask-P9WIR3
mask-nan,M___GV__G_QAE___P_TSDQP_PDTK_L__PQPPPVPA_QPQ_SP_P_P_S_A_A_EEENYSFLPLV_NII__M_KDSPEVHQD_N__KSKFQEMRKLISTM_GI_LSP_Q___QL_S_R_QVRTK_ELLQ_YK_LC__EIPKE,0,mask-Q9NWA0
mask-nan,M__LLLTL_VVTI_CLD_G___KCK_CN_DT_R_G_LKVCAS_EK_C_K_SWR__R_TR_ER_C_ATCPKGSVY_L_VLCCTTDD_N,0,mask-P81783
mask-BD7vd6-17-17-SQD1,MK_A_AALL_TSA__F__SPASRATTSL_VS_IELG_TE_LGVFDPLG__ETEPEAFERRR__E___GR_AMA__V_TIV___H_VFDG_IS_SNNL_FS_I_TGIDG__SVPTAGLA_IIAFLGFVE__WLP_S___GDYG_GY_G_DILDP__KARK_N_ELN_GR_AMMG_MG_MVAE_ITG___Y____AGH_NPFND_EG_F,1,mask-nan
mask-nan,____LPIS__RK_V__GIF_A_LNE_LTRE_AED__S_VEV_V_PSR_EIII_ATKTQQVLGE_GRRIRE_TAM_QKRFNFETG_IELYAEKVAA__L_A_A__E_L__K_TGG_A__RA__GVLRYIMESGAKGC_VVVSGK_R__RAKS_KFV_GL_I_SGDPCNDYV__A__HV_L_QG_L_IKVKV_L__DPKN_I_P_KP_P_NVSV__PKEEKIY__P_TEYKIPPP_KP_D_LSE_K_L,0,mask-Q06559
mask-nan,MTS_SV__T_VAGLLAHGS__RCR_AEVL____AAERAS_DR____I_MSDG_RVHA__ET_VE_QLGF_V_RR_LLHHLALGAL_VALPRSGAL_AAPLA_T_RGAAWKQ__LP_ESVL_D_DFSQKDPN_G_LVGTRGLV_ETRDGGET_EPRA_ED__R_EE__YR_SNV__SG__AWVIGKPPVMLR_TDG__NWSR_LLSP_L_GE_LLVTALG_NCAEM__SSGAI_V_ENGG_NWKA____TIDAT__RTI_SG_TG_SYF_G_I_SVS_DV_GNY__IPSRG_FF__W____DFW_PHARST_R_ISAIG_I___A_K_I_E__RGG_LGFTKP_VNL__TET_AF___DSKTGG__I_D__FQDDRHVWA_VG__SM__SDDG_KTWRR_P__SK_GAN__K_KFFG_Q_GFVLG___V_LKFH_E_V,0,mask-M1VJU3
mask-BD4phu-A-A-OLC1,M_Y__DDD_G_ATMDLPP_L_FG_Y__AFALGF_LNVLAIRGATAHARLR__PS_VYALNLGCSDLL__VS_PL_AVEAL_S_AWP_PA_LCP__A__HF__L_AG_GF_AALS_AR__GAAFPL_Y_A_RRPCYSW__CA_I____LCHLGLV__LEAP_GWL_HSNT_LGIN____GSPVC_EA_DPASAGPA___L_LLLFFLPL__T_FCFVGC___L_RGSNI_EMLRID__LR_K__KDTE__Y__GIGHLL_KS_SLNAA_SELDKAIGR__NG__T_DEAEKLFNQDVDAA_RG_LRNAK_K___DSLDA_RR_ALI_M___MG_TG_A_FTNSL__LQ_KR_D_AA__LA__R_YNQ_P_R_____TTFRTGTWD_______RRKLRAAW_AGGA_LTLL_CVGP_NA_NVAS___PN__GSWRK_G__TGAWS__L__LVTGYLGRGP_LKTVCAART___K_QKAE_LYFQG_HHHHHHH,1,mask-nan
mask-nan,MG_FKKKE__AE_DV_RLYGLHHP_PGK_DEITTRG___SM_VDKAR_VID_IRG__YA_T_MILELMPYR_CY_IFK_IY__A_NA_HN_QF_K_NL__SKAEV___IT__KVKPRARGRS_MIK_PTCHIT___R_I___DSYDK_LESLTPKKLIA_L___STGRR_E_L_G_FR_NH_I_SF_YK_ALFKR_EV_,0,mask-P09594
mask-nan,_AAS_I_NNL_M_SL____RD_LNDD_F_ES_E_TKS____R_EVFQ_C_NLFIKRDI_DC_EKMSEVG__DIT_F_SNP_ILDLFVSA_DIMPSFTK_GLT__SEILNIF_L_TPQCIETRKIILGDLSKLLVI_KFFRCC_KV_Q_NL_D_TEQEEKTLEL______F____I_K__T__DVV_L_ELIEIF__QVKVKLH____S_NMY_A____L__LSP_LK_LYLSK_VS___A_LN_I_NKIQK_K___KGKQRGVK_KIHHFH__ML____E_QV_VEDAFNQRTSTDSRLQSTGTAP_K_NNDITVLAG__WAVL_HH_TR_VLN_NGLL_TGL__LLCLKK_KSLMAIF_HVP__FHTV_PQIV_LL_L___I,0,mask-Q08215
mask-nan,MA_AQL_R_PMS_LVF__KIS_EHQSLV__KR_LAVSVS_ITYLRGI_PECAYGTRY_DDLC__ILRE_KNCPGS_QL__W____Y_AL___YLRMVV_____N_E__QT_S_CYQF_FKY_NNGPLMDFI_K_Q___SS_LSTDTKKA_ILLI_KIYILMQ_L_P_PND_CLT_K_F_Y_EV__PDYQPPG_KDGDC__V___GEPMYL_VGEV_TPFHIFKVKVT_E___M_N_D_T_L_P_QIKTPFQK_L__K_V___QEHYTS_DLD__TK___QEKNPAS__LE_PS_VCE__EI_RSKESPD__ISHSQVEQLV_KT_ELDMSESK__S_KVFQNK_ANGNQPV_S__E_RKRS__E_G_I_LHH__SSSQ__V_KRRKFSE_KEHI,0,mask-Q86X24
mask-BD5t77-A-A-OLC1,_SIL_SS_L___ATF_S_ILG_FRDVLFAKY__VSY_L_AYFIAIMF_FFLRK__GEGAMSSAF_PLYSEKSG__KDKFLSSVIN_FSLI_L_LVIL_YFF_E_IIN_FGAG__HETKI__KKL_LITS_SIY__FLWAIS______NNK_F_P_L_PSIS_IT__IGT_L_T_YGIISPTIG_L_GSIL_FFSIIKS__K__YY_TIKHFPHFLK_FFPTFMTMVVS_I_TVVD__VVSF______S_L_Y_SR__LLPYGL___S_STV_L_KI__DRKNFNYH__DAL_TTLF__I_SMVGLIFL_TP_I_F_Y_HGAFTS_DTLIT_K_LIAYTLG_P_Y_IYST_S_S_H_IK_T____I_A_IVSLSNI_L_IIFGLKY__IG_A_ATSI_GI_G_LYLLFSV___P_KD___ISLN_LIMLF_IYLTDF__NEF_FLI_ILIG_LVYLIFS____R_LI___LYA_KK,1,mask-nan
mask-nan,_S_Q_FT____N_ATSDV_VT____V_K_KRR___GSYAIA_ETLQ_LM_FIS__R_NH_N_L_EQI_DLGN_L_KAH_T___CGNV_RRILA_LR_E_EE_TMSTTVT_TS_A_PLI__MF__L_K_E_PH_NRK_S_GSSS_KT_TD_RQVA_QGI_DLID_IKN_D_GIQQIA_DLI__HEI_LTP____KTV__F__TARERS_R_FTV_VT_GF_N_T_NAHEF_KKLAQHNIETLVV_DSA_FALMSR_GKVI_GTK_V_VNGGTISSNSGVSSVCEC_REFR_PVF___GLYKLS_LYP_DVE_F_E_G_SQ_I_PRMDPRKR_D_VN_I__YVPPE_I_IYITNVGG_NPSFIY_I_WDNYK_I___LDKN_A,0,mask-P32502
mask-nan,MLKPSL_FTSL__L_LP_L_VGLNTT_LTPNG____T__FF_TTM_TDS_S__TLPL_EVQCFVFNVEYM_CT_NSSSE_QP_N___H_WYKNSD_DK_QK___YL_SE_IT_GCQLQ__EI___QT_V_Q__DP__PR__A_QMLKL_NL__P_A_ENLT_HKLSESQ__L_WN__FLN__LE_LVQY_TDWDHSWTEQSVD_RHKF__PSVDGQK_YT_RVRS__N_LCG__QHWS_WSHPIHWGSN_SK___F_FALEAV_IS_GSMGLIIS__CVYF__E___PR__TLKNLEDLV_EYHG_F_AWS_VSKG__ESLQPDYSER_CL_SE_PP_GG___EGP_AS_CNQHSPYWAPP_Y__KPE_,0,mask-P31785
mask-nan,_ARYEEV_V_GFEEF__AVEQH_G_____YF__SKD_GG_S__P_CVQ__PVVR_GLK_ISEGCV_IY_QVGEKPYW_DPNNDF_KNLKV_A_PTLLKY_TPQK_V_S__LQANLV_M_FS_D,0,mask-Q9BRA2
mask-nan,_EQY___SNSSTE_I_VQA__IQ_Q_Q__VTA_Q__TEA_V_SA_GQQVQTLQ_VQGQPLMVQ__G_QLIT_T_QPIMVQAVP_GQ_QTI__VPVS_TQG_QQ_QL_PPGQIQI_GGQ_V__QGQQGQ_QQ_IIQ_PQT_V_A_QTQ_QQQI_VQGQ__AQTA_GQTI_YQP_NADGTI_Q__TV_VSG_ITIPAASLAGAQ__QTG_NT_TTSS_QGTVT_TL_VAGNVVNSGGMVM_VPGAGS_PAI_RIPL_G_EMLE__PLYVNAKQ__R___R__A___LEAEGKIP__R__YL__S__R_AMARKR_EGG__F__KEKD___M_DPN_AD_EAM______S,0,mask-P23511
mask-nan,MAIQPPG_Y_Q___KG_AK_KSGQN__ARKEW__LR_P_IF__NINGKT_M_K__G_NS_MN___RRY_V_QA_L__NNDVG__KFIFK_GDIKGS_CVG_FDGMEL___KHK_MI_K___L_EA_K_IV_KDG_V_R_FV_GVTRR_PGYV__T__VKHSDEKKIRK_MF_VIE_E_SGCD_QKI_KKLAN_T__KRIE_L_SEIFPLQNCCV_KVKTIKS_Q_ASV_QQEAIDA_TN,0,mask-Q8SS05
mask-nan,_R_SLLVAALGLALAAALPG_APLAQPDPEAT__RS_LQ_QDLPYRF_AVDL_SVD___HYRLWL_RP_QAPPA_G_PV_WMLDGN_A__AL_E__LR_LA__DA_LLVAIGYRT__RIDRA_RT__YTPA___QADQ__PLNGLPSG_AD_FLDL_RDGMR_AV_AQAP_DT__QT__G__Y_GLLVLHALFT_PGEF_R_AAA_P__WWRDG__LGERAGLEQRLRGKR_____W_GSAEPA__R_S____PGQAMAR_V______A___LDFQ_L_GLG_G_T__ASLRLLLAR_AVE___,0,mask-Q9I0F2
mask-BD7oui-B-L-SQD1,_G__W_RVH__V_NDPG_L__V_I____LVAGW_GSMALY__AV_DP_DP_LDPMWRQGMF_IPFMTRLGI_N_WGGWNITG_TIT_PGL_SYEGV__AHIV_SGL__LA_I___V__D_EIFCDE_TGK_S__LPKI_G_HLFLS__A____GAFHVT__YG_GI_VS_P__L__KVQ_VNP__GVEGFD_FVPGGIAS__IA_GTLG_LA_LFHLSVRP_Q__Y_GLRMG_I_TVLSS__A_VFFAA_VVAGTMWY_SATTPIE_FGPTRYQWD_GYF_QE_YRR_SAG_AENQSLS__WAKIPEK_A___YIGNN_AKGGL_RAGSMDNGDGI_V_W_GHPV_RNKE_RE__VR_M__FFE_FPVVLVDGD__VR__VPFRR___KYSVEQVGV__EFYGG__NGV_YSD___VK_YARRAQ_GE_F_LD_ATLKS_GVFRSS___W__F_HA_F___F_F_H__HGARTLFRDV_AG_____D,1,mask-nan
mask-BD8e0g-A-A-OLC1,MDSSA___NI_DC__PL_PA_CSP___SW_NL__V__NQ__PCGPNR__L_GSHS___QTG_PSM_TAITIMA___IVC_V__F___LV_YVIVRY__MKTATNIY_FN__LADAL_TSTL__QS_NY_MGTWPFGNIL__I__SID_YNMFTSIF_LC__SV_RYIAVCH_VK___F_TPRNA__V___N__LSS_IG_P_M_MAT__YR_GSI_CTLT_SH__WYWENLLKICV_I_AFIM_VLII_VCYGLM_LRLKSVR__S_SKEKD__L___T_MVLVVVAVFI_CWTP_H_YV__KALI_IPE__FQTVSWHFCIALG_TNSCLNPVL_AF_D_NFK___REFCI___STIE_Q_SA_IRQN_R_HP_TANTVDRTNH_LENLEA_TAPL_,1,mask-nan
mask-BD6k4j-A-A-PLM1,GSR_FMPV_GGTK_IKY_L_G_NF__WL_GIA_LAIGL__RFDSQT_SI__QETNNNNS___TGVYILI__GAL_MLV___GC_GAV_ESQC__GLFFGFLLV_FAIE_AAAI_GYS_KDEVI_EVQEFYK_T_N_LK____PQRET_KAIHY_LNC__LAGG_E_FISDICP_KDVL__C_DA__EV_D_K__II__V_IGIA___IF_MIF_M_LCCA_RR_R_MV,1,mask-nan
mask-BD5zkq-A-A-OLC1,_A____DSSH__SE_RYTLFPIV_SI___LGVIA_G__L_VFA_LY_CK__N_IKI_MVNLTM___LFL___P_WI_Y_QNQGNWILPKFLC_VA__LFFINTYCSVAFL__ITYNRYQ_V____K__QANTRKRG_SLS_VI_VA_V___SY__I__STNTV__SA_SG_VTRCF__YEK_SVPVL_IHI_IVFSFFLVFLIIL_C__V_IR___MQP__I__MLRIDEGG___G_E_E_L_NQDV_A__RGILRNAKLKPVYD____VRR_ALIN_VF__GETGVA__TNSLR_LQ_KR_D_AAV____SRWYN_T_NR_KRVI_TFRT_TWDA_AE__RRDLWMACTVLAV_II_FVPH_VVQLPW__AELG__DSK_HQAINDAHQ_TLC_L__NCVL___IY_FLTKKFRKH__EKFYSM_SSRK_F_EVLFQ,1,mask-nan
mask-nan,MEL___R_ELENMASR_A_FRGSLDLES_EARI_EL__QMAD_EFW___QK_QT__NEANG_K___N__KKLNE_HEE_QM_HDL_KE_PDTDLQ_EL_KE_K_LTK_FNE_ELQLLLSEPY_KNNA_LE__PG_GGTESQ_WG_M__RM_T_WGERRG_K_E_LDYLP__EAGIKSVTLLIKGHNAY_Y_KA_KGV_RLV_IS_FDSSGR___SFV_C__MPEFN_EIDIDIRTE_____TY_AS_AGG_HVNTTDSAV_ITHL_TNVVVT__TERS_IKN_E__MK___AK_YQRR__EQQ__LDEI_GEQ_EIG_G_QIRS__FHP__MV_DHR_NTE_____AVMDGD__T_I_AYLR___S,0,mask-P28367
mask-nan,M_NQTPY_GSK_S_I_KLDIR_EGILY_VDTN_STI_LA__RSFGTE_RP_A____AR_DVYEYI__KASDI_D_IVC_T__M_NI___LP___AIIS_SSR_AP____AP_A_AG_SRAG_P_RNS_L_Q_IQNQR_G__GYQQ_FQANR_____RGG_AGGYNN_RGHNNYGVPR_N_REKLK_ES__DF_KAN__F___L_DNLEKL_IEDKA_PEV_E_K_AAFYDK_TSF_DNIS_E__EKAEGKTGRPDWKKERETNQ___GHN_V_SLNYRR__GG_GR_GNRGY_GY_NGYQH__QHRGGYNGG_RQNN___RRGGYAPR____NTAA_AE_,0,mask-Q9XW17
mask-nan,_ARF__TV_RHGE___N___II_G_GV_E__SETGF_QA_AAG_FL_NVKFTHA_S_D_M_T_QTM_GILERSKF_KDM_VKYDSRL__R_YG_VE_KAL_E_RA_A__AR__CP_FT_P_GE__DQ__MRG____E_LCQL__K_ADQK_QFS_G_PSNCLETSLAEIFPLG_N___KVNSDSGI_GLA__VLV_SHGAY_RS_FDYFLT_LKCSLPA_LSRSELMS_T_NTGMSLFII_FEEG_EVKPT_Q_I_M__QDHL__LTE_R,0,mask-Q9NQ88
mask-nan,M__I_MAC_SSQCLSIS_K_H__SFSSTQFP_SSL_PLTFS_NLSQPL_SQ_CS_LGS_QRRGFSVVC_VAT_KKA__AAKR_RQA___RL_NKARK_EVKTRMR_VFE_L___KK_SGAST___VPID_LI___YSAI_KA_VK_T_HR_TA___KSRL___K_VVEI_HG___PSLAPTNV,0,mask-P82130
mask-BD5ec2-C-A-F091,MPP_LSG_LARLVKLLLGR_GSALHW_AA_AATV_LVIVL_AGSY__V_AER_AP_AQLI_Y__A_W__V_TA_TVGYGDLY__TLWG_L_AVVV_VAGIT__GL__AA___WF_GRE_E_RGH_VRHSEK_AEEA__RTTRA_HE___R__R__DDNR_,1,mask-nan
mask-BD7eu3-D-F-SQD1,SY_PW_T_LVVL_IFA_S_IFF__HKG_KI__WYTI_ICLLEF_LMTY_F_YH_Q__DP_I_LK_DYK_I_V_DFHWRLGIDGLSL__I_LTGFITTL_T_A__PIT__S_L_YFL_LAMYSGQIG_FS_R__LL_FIM_EL___PV__LLSMWGG_RRLYSAT_F_L_TAGGSIF_LIG_LGMGLY__NEPGLDLERLIN_S_PA_LE__LYFG__I_YAVKL_I___HTWLPDTHGEAH_ST____A_IL_KMGAYG_IRI_M_LLPHAHYL_SP__V_I_A_QII__A_T_LGQ_NFKKRIAYSS__HM_FIIIGIGS_TNI_L_G_ILQ_LSHGF_G__LFFLA_T_SD_MRLVYLE_LG_IS_PMPK___MFS_FSM_S_ALPGM_GFVAELV_FF__IT__KFLLMPK_LI__VM_IGMI_TPIYLL_MLRQM_YGY_L_NVP____VD_G_R_LF_LIC_FL_V_G_GI__D_VLSLS_DRV_A______PK,1,mask-nan
mask-BD4e1s-A-A-OLC1,__YGTA_VN_QSGNNFDG_S_D_L__FYDSEKMLAFGQ_G__YIDS_FTA_LGAGQ_FFL__NM_GYN_F_DQDFS_DN___GI___Y_RD_FKSSVNG_FRM_GW_ESYNKK_YDERPANGF_I__NG_LPS__AL_AK_IYEQYYGD_V_L_NSDKL__NPGAATVG_N_T_IP_V_M_I_YR___G_END_L___QFRY_FDKSWSQQI_PQYV_E___LSGSR__L__RNNNI_LEYK,1,mask-nan
mask-nan,_S_LFY_IFLAYLRG_QGN__DQR__P_D_LN__IIKL_Q__I_KNK_SKQM_DVK_N_QSTLPKAEAPREPERGGPAKSAF_PVI_MDTEL__QQRRYN_PRVL_S__TPL_PPP_Y__E___GSPV_ANRT_R__RYA_HKSH_GEYSVC__ESL_V_DKSSAIDIRG___TVLG__KTG_SPV__Y_YE__CKEARP__N_CRGIDDK_WNS_C_TS__Y_RALT___N_LV_W__IRIDTSC_C_LS___GRT,0,mask-P20783
mask-nan,__I_NY_I_KL_KS___NQQILK_L_YGENVD_ELL___I_DI__C_NPA_FME_YF_I__AHLSKEFQKF_SFSILDDCY_W_LS_IYDAP_L_FYKG_LDLL__PK__VVGS_A__KQGAKSVEKV__GLENELVI_S_LAKGIDTAA_MAA__NG__T_AV_GTG___FY_KA_K_L__Y_GNDHLVL___G_GEQPLKFH_____RIIAGL_RGVIV___KMRSGSLIT__RAM__GRDVF_I_GSILDGLS__CHHLIQ_GA_LVTSGQ_VLAE_E_,0,mask-Q8DPI7
mask-BD6zzy-7-6-PLM1,_RELWFP_N_EVV__YLDG_LVGD_GFD__GLGSSP_QL__NVH_EIFH_RL_M_GV__I_____L_KG__DV_EW_EAGR_YLDRNPNVDFGALL_ST_V_SGFV_FK_LNDI_N_GSQGSG_LPEDFKG_GGPQ_R__GGPY_GGRYFD_____RGS__QT__YKWN__R_GRLAMMAF_GF__Q_AATGKGPIDN_V_HV__PF_T_FVHNGVSVP__,1,mask-nan
mask-nan,_E__GE_IAM__T_Q_L_QKG_KL__K__TRGW__LSTNQKRRAEMLAGYTP_IL__TPR_P__TN_PPRT___SPGQAGKSMTMS_TELLSTVK_TTGVI_SFE___VSPRN_AVFPQLSLL_TNF___RITALTVKYS_ACS_ETNG___LGFN______PPT_KVGFYD__KHVETAAQ_AKD_VIPVDGKTRFIRDSA__D__LV_FGRIVLS_YGF_K_DT__GELFIQ__I_L__PTKTA_ISQAS__KV__G_TYVV___NG__LQ__V_AAGKWCIIVR_T_E_GFTKP__IG_GIS_DVD_ESAR_IAV_E_VTQME_QIL_IT____EQP__W__Y_M,0,mask-P04383
mask-BD7r3k-3-7-DGA1,_ML_KSAQ_AFSGKVA_PAKANRA_L_C___EK_IA__DRSK_QLY_GA_QSSLAYL_GS__GDFGF_P__LL_PV_SGG_I_PKWLQ___VIHAR_AM__AAG_I__EV_GA__L_PDA_NIK_F_SG_IPPA_SYNG_WAD_YTIFFVEI__MQFAE_RRLQ_FRYP__M__QYFLGL_AIFKG_GDA_YP__PF_NLFN__KTEAAMK_LKLKEIKNGRLA___MLG____AVMTG_G__QN__E_LADP__NNILTNF_GRV_G_SQP_R_H_W__R_YRS__ALAL_RNRSVC,1,mask-nan
mask-BD6idp-A-A-OLC1,_A_QT_T_S_AK_L__MT__M_F__LS_MSFQ_V__AF_GQL_VLPLAAQGFTMP_QM_I_GIQ_GLGIA__AVI_R_IG_GKTEYA_Q_GGLVI_I_G_G_ALI_L__YLL_QP_LGLLGAP___FA_IDHYWLW_LAS_WT_AM___Y_SVCR_N_NTLLPGTL_M__SVLNL_LDPIFIFT_D_G__GAA____IAFG_GIAI__PK____QWT__QW____ISQSL_ALG__MGPAM_S__LPPL_S_FATKLLA__G_AAVAA_ALG_RF_FFALVAVL_MTM_LPPMIGR_L__KEI___R_LV____QFVLGF_LLI_L_TYVFATP_AELMT_ETEVSQILN_HLVI__IS_GALGI__LMVSV_NALGKS_VALTI_ALRLFA_YL_CLWLGA_FYGIEGLFIG_LV_N_IAG__A__AYQ__LRSE__YFQ,1,mask-nan
mask-nan,MWPL__ALL___A_CGSAQL__N__KS_EF__C__TVV__CFV_NMEAQ_TTEV_VKWKFKG___YTFDG_LNK_TVPTDFS_A_IEV__LLKGDA_L_MDKSDA_SHTG_YTCE_T___REGE_IIELK__VVSWFS___NILIVIFP_FAI___WGQFG_KTLKY_S_GM_EKT_A_LV__LV_TV_V___AIL_VPGEYSLKNAT_LGLIVTSTG_L__L_YY_F_TA_GLT_FVI_____QVIAY_LA_VG___CIA__IPM_GP_LISGLSILALA___G__YMKF_AS_QKTIQPPRKA_EE_LNAF_E_KGM_NDE,0,mask-Q08722
mask-nan,MYK_T__IKL_KG_LNPEG_TIQR_L_FL_FNN_K_VQ_YK__D_IM_GENEEK__E_VEEMC__LLANP_IHD_EI_VEKIE,0,mask-Q58988
mask-nan,M___L_P_LL_LLSIHSALAMRICSF__RSFGE_K_ED_NAMD_I__VIKRC__I_VMEIKDSN__ICP_LMEKL__NSRR_I_YNY__S__L__NTYK_QYAF_Y__KLV_VKRSYHYH_YQ_G____F_R_PFV_W_QSPHTA_KDFVII_LHT__ETS__EI_E____YTDVKH__KAENFIF_GD_NAGCS__P__A__NIRLRTDP__VW_IGDQEDT__KKSTNCAYDR_VLRGQEI_S_VVPK_NSVFD____Y_LTE_EAL_VSDHFPVEF_L__S_AF_NS_KSV_LRKKTK_K_S,0,mask-Q13609
mask-BD7qhh-B-B-79N1,__VV_TTI_ES___M_K_N_EMLEGN_RY_GYCVD__AE_A_HC_FKY______DG_YGA_DA__K__N__VG_LVYGKADI__APLTITLVREEVIDFS__FM_LGISIMIKKPQKSKPGVFS_LDPLAY_IWMC_VFAYI__SVV__LV__FSPY_FG__NS_WF_LGAFM_QGC_IS___LS_R__GGV___FTLII_SS_T_NLA_FLTV_RMVS_IESAEDLSKQT_IAY_T__SGSTKE_FRR_KI__F_KMWT_MRS_EP__F_RT_AEGVARVR_SKG__AYLLE_TMN_YIEQ_KPCDTMKVGGNL_SKGY_I_T_KGSS_G_PV_LAVLKL__Q_VL_KLK_KWW_DKGE__A__K__TS_L_L__V_G__YIL_GG_G_AMLVA_IEF_YKS_,1,mask-nan
mask-BD4ke6-A-A-1QW1,MSEQ_PVLS_A__FYAE__PVGV_LV__FT_TPHS_RPL__AYAKAGYTV_LPRLKGH__HYEDM_R__FHDWVA_VE_G_G_LKQRCQT_FVTGLS_GGTLT_YLA__H_DICGI_PI__A_DI_AIA_GM_G_LPR_L_SIG_DLK_PDVKELAY__T_T_S_LQ__RLM__TKAKL_R_VCP_L_FVSD_NHVV_PGNA_IIF_GI_S__K_IVRLR__Y_V___DYD_P_II_R_LEFF_K_A,1,mask-nan
mask-nan,M_DFLGHAE___RE_EWARLN_TV_Q_ARRSLVGR_ILDI_G_L__GVQTVP_DEFQGVS_GAVD_VGE_ETA_V___ARKFKTIP_I_K__LL_WRDIE_ARTHNM_LD_S_AA__A__CAQ_EDEL___G__RLGYE_LMTANGR__VPL_DWTSPG___Q_IV_ATR__NE_GHFGPY_V_L_P____QL_RIYEK_G_LEI_TIRQL__DG_YQSNRLRGESGVVVS_GRE___L_V____VAAYL__S_MNH_FRVL_AL_LRIKH_D_ICTLEG_GA__RR,0,mask-Q1D6H4
mask-nan,MR_LL_GRM_P_HRGHL_VIKSILEE__EL_I__GSA__SHSIR_P_TA___VMMLTKAL_ENG_PASRY__IPVQDIE_N__W_GH____T_PFDRVYS__PL_Q_L__E_GY_VTA_PLF_RD_Y_GTEVRRRMLDDG_WRSLLPES__E_IDE__G_ER_KHL__KEVSEL_GIS,0,mask-O26253
mask-BD5uni-B-B-OLC1,_DLIQAA_FVV_IL_IVGLKRMA_PTTAK_G_VWA_W_MVLA_L_TFFWPGMG_FA_ILL_LL___VVAWW_A_RVAM_DMPQM__IY__M_GGAAATIA_VE___GAFENT____L__L_G_____AF_GSLIAF_K_QGIMKSRP_LFP__KAVNAL____T_VIG_S___NDA__SI__F_LLALL_GVLMT_PIGGGDM__AISFYNAF_G_AVGFEG_A_GNPALM_AGTLV_AAG_LLT___AR_MNR_VWISV_VG_,1,mask-nan
mask-BD6bd4-A-A-OLA1,DYK__DDA__QT__H_HHHHHH_EN_YFQGG_LEG_ECHS__T__DQYIW_K_SLNC__KCGY_AG_YSRSA_E___IWM__W_S_CF_S__FTVL_FLIDSSRF__PERPIIFLS_CYNI_SIA_I_RLTVGRER__CDFEEAA__V_I__G___TG_A_IFLLL_FFGMASSI___ILTL_WF_A_GLKW_H_AI_MHS_YFHI_AWAIP_V_T_VI_IM_LVDADELTGL__V_N_NLDALTGF_VA_LF__LV__TLFI_A_L_A_FK_RSNMKKY_C_VC__I_NP_DG__DNGV_P_TDFKDIPDDWVC__CG____Q_EEV_E____RLMVK_GVFSVLYTV_ATI___CYFY_ISNW_L_RYSADDSNMAVE_L_IFMS_LV_ITSG_WIWSAKTL_T_Q__YN_L___GKV,1,mask-nan
mask-BD6mxt-A-A-HTO1,MG_PGNGSAFLLA__G__AP__DVTQE_DEV__V_MGIVMS_IV_A_VFG__LV__AI_KF__L_TVT_YFI__LAC__LVMGL___P_G__HILM__WT_GN_WCE_W__IDVLCVTAS_ETLCVI_VD__F_IT__FKYQS_L_KN_AR_IILMV_IVSGLTS__P__MHW__ATHQEAINCYANETCCD__T_QAYA_ASSIV_FYV_LVIMVFVYSRVFQEA_RQLQK___SEG__HV__L_QVE_DGR_GHG_RRSS_FCLKEHK__KTLGIIM_TFT__WLPF__V_I_H_IQDN_IRKEVYILL__I___NSGFNP_IYCRSPDFRI_FQE_L__RRSSL_A_G_GYSS___T_E_S___V__EKE_K__C_D_PGTEDFVG__GT__SDNIDSQGRNCS_N_S_L,1,mask-nan
mask-BD7d7q-A-A-OLC1,_GRG_R_A_TRNIAIASTKEV_WQGIFMI__WLCV_G_L_F_AN_EASRR_FAKFSHL_S___ATSVAFAFA_GL_IL_Y_N_V__EKRVLSGILAY__GVACI_YLS_ATLNLYFL__S_____VWL_R_A_WI__CPTL_Y_CG__S_A_RS_VS___TAD_LLLA_GALS___P__PA____AG_FATYI_VMLHMW__FGK_M_PDFQP__PLP__ALHLL_CEIVMSWS___LVE_LRRQGYID__V_EA_NCVA_YAAKVGLAMIMV_C_LE_I___RVQQMH_ALTGML_VMR_TNL_S_RM__L_G_D_DVK_WIM__F__STDGK_GDDAKAQQRA_GE_LYFQ,1,mask-nan
mask-BD6i6j-C-C-OLC1,Q_QLVESGGGL_Q_G_S_R_SC_ASG_P_KRWS_TWY_QA_GKEREWVAAI___G_W_HYADSVKGR_T_S_D_AK__VY_Q_N__K_EDTAVY__N_KD_GDF_YWY_YWG_GTQVT_SA,1,mask-nan
mask-nan,M__MQKRL__ELLA_QNDPPP_M_LNEKS_QN_IT_WIV___GAP_TL_EGEKFQLL_K_S_R__F_S_Q_MFT_EN_P__PHV_SNGHI__SIL_EDW__AL__QSVCLSIISMLSSCKEKRR_PDNSFYV__CNKN____KWW__DDT_,0,mask-Q96B02
mask-BD7qoa-A-A-A6L1,_NNYS__PV_IS__KGGLALT_VML_LT___ASMWT_G_L_T__SFNDFFLA_LIG_L_LG__TA__GFIGSK___T___LARYSFGIK_SW_PS_L_GGT_V__FGVGVAMFA_PVGK_TG_DINLLI___GI_MTITV__GISAL_____IAVPAI_ILG_YSVY__IHD__GLSTL_NVK__QP_DFNL_L_M_VG_FISAG___A__VRFGRNP_VAVV_A__AFF_GNTLMFV____GA_SLG___ISDV_IAQGL_L_AI_V_G_NIWTT__NAL_ASGL_FANITG_SSKKLSVINGIVGT_C___L_N_FVG_LTFLSAAI_PV_GVIIA_YLMNK___N__NIAT__S_N__ALLAVAIGIVAGHWLPG_VPVNA_L_G___Y_VLNPILNR,1,mask-nan
mask-BD7blz-2-2-PGT1,_ATMPSMPF_KRPSK_DGSL_GGEGC_D___FT__FS_E_L_EAE_K_CRVA_L_VLGV_AQE__T_D_YNAKS_LQLSPDL_NQFVQNGA___IL_FVC_WEFIVGLPA__E_VNGNR_PG_FG__P_K__GTVGSA_WK__QAGELRN_RL_M___GGFFHQ__L_K_G_IE_LAHF,1,mask-nan
mask-BD6z70-A-A-OLC1,MQ_IIV__N_P__S_IKKVV_LS_PI_V_NLLYTVE__I_MI_VSSIS_SAV_AT_F_LSL__FI__LM_L__S_TN_L_A_F_G_KKDP_PI_INGL_LSFL_SL_LFFYGKDFV_FLM____AS_T___LAK_YLTP__WFIP_G_LT__FY_AYNGAG_T_T_M_VAIIMNLTHIGTAY_LI_GKFGLP_LGV_GA_W_I_IS_I_AFFI_TFLL_FF___FPLHLR_EP__L__MVRLGTPTALERAITTLSFNVFVGF_A__G_K_LAAHQ_G_RIESIS____FGV_IASTTL_GQ_Y_AR_YRGMVHAVN_SA__TA_VMS_TGLILI__P_YLV_PFSRDPEVIEW_SY__QI___SQ_A_AYASIYSGAL__MG_T_IPL_VNIS_FW_FRIIPS___LKVIH_PL___GFMTFETA_RAL_Y___FKK_V_KLL_TFQ_EEE_EGE_AEG__PLDEVRS__TR_SEN__FQGGR_S_H_H_H_HH_,1,mask-nan
mask-BD8jjr-E-y-SQD1,MA_AAGLLALPAFVPSSLTGA__PAA_A_RG__Q__A_A_S_S_GIAGAA____GAA_LR_GVAARKA__REL_I__EDS_IDLLDN_K_CQ__A_ADGAWGR_E_D____SK__ELV_YFR_AELKHGRLAM__WVG_VVPD_V_I_G_K__F__VPL__DG_DAFSGATGVNAQILFW_G__E_CC__KVFE_N___VAGDYGLT_F_PSDEEGQKKMR_AE_KNGR_AMLAF_GA___AVITRHP_PW_Y,1,mask-nan
mask-BD7k3i-A-A-VLZ1,M_RDQNGTW__ES_E_FEGYMKA___DF_T_KI_VRLTQTKVI__DGD__KTKTT_TFRNYDV_FTV_VE_DE_T__LDN_HVKALVT_E_D___C_Q_GE__NRGWKQWIEGD_LYLELT__D_VCRQVF__K___R,1,mask-nan
mask-nan,M_APA_TTQATGSTTS__TK__G_TPATASG_FT_PDGD_F_TARAI__SNAVATN___SKIEA__KDMKVPT_TMA_AAWD_VR_C_D_GS___TEMIDTG_YSNGI_RARLAA_I_E_CTLRQ_CMK__PV__NWMLTNNSPP_N_Q_QGFKPE_K_A_FD_FNGV___A_I_PK__LIRPPS_AE__AAQ__A__K___A_AQS_DFA_LDA_VTR_RI_GT_T_E_VVTLPP_,0,mask-P17782
mask-BD8jem-A-A-PGT1,M_S_HH___H_Y_IPTTE_L____S__DFLKQLP_LEPYGNPFY_IYLG__LLPI__G_FFKK_FA_YECLVS___I_LAL_GT_A__I_ALLFY_VW__IWVYS_KRYRSQRD__W__YLHS_L_VL____V__EPTIN_T_S_LN___I_YLT_R_VGMI_EM_DGVLK__TLGE__RFMLFM_TF___PIDR_KRF__DYQ_IPNR_ELLNMLE_AVK__M_GFL_K_VLA_IFGSM__P_LKAQALSQGG__NLPTL_VMY_YGFDL__DF_G_SMFAL_V_NL_GIKSPINF_KP_ISRDMKEF_NRW___LSFW_RDF_FMR_VIVLMRNKVFK__N__S_VAYIINM_VMGFWHGIT_YYI_YGI_HGIGLVINDAWLRK__TINK_RK__GLKPL_E__WT_ALG___TFNT_____LIFSGFLN__W_T_K,1,mask-nan
mask-BD7bvq-A-A-1WV1,_YK_DDDA_IF_MLR_D_GLR__IYKDTEGYYTIGIG_L_TKS_SLN_A_SEL_KA_G_NT__VITKDEA_KLFNQ_VD__VRG_LRNAKLKPVYD__DAVR_AA_INMVFQ__ET_VAGFT_S_RMLQ_KR___AAVN__KSR_YN_TPNR_K_V_TTF_TG_WD_YAASQQWTAGMG__M_LI_LL__AGN_LVIVAIA_TP__QTLTN__I_S_ASAD_V_GLLV_P_GATI_VW_R_EY_SFF__L_TS_DVL_V__SIET_C__ALDRY_AIT_P_RYQSLLTR_R_RG__CT_WA_SA_VS_LPILMHWWR_ES_EA_RCY__PKC_DFV_NRAYA_ASS__SFYV_L_IMAF___R_FREA___V_K_DS_ALREQK_LKTLGII__VFTL_W__FFLA_VVK_F_R__VP___F_F_N__GYA_S_FNPI__C_SP_F_KAFQGLLC,1,mask-nan
mask-BD6ob7-A-A-OLC1,_ATTSH_PQDRYKA_WLIFF__GLG__LPWNFFMTA_QYF__RL_MSQNVSLVTAE_S__AQA_AAPAAP_PE_N_LSA_F__V_TL_A_L_LLLF_YLNS_L_Q_IP_SV_IL__LVAI__VF_I__ILVK_Q_D_LPFFVITMIKIV_INSFGA___G_LFGLAGLF__SY_AA_MS_QGLAG_FASVAMI_AIA_G_EL_ESA___FITAC_VIILT_I_YL_L__L_F__Y_____LE_PTNESHSIKAI_KKI_VL_F_V_FIFTITI_MFPAVTVE__S__AGSSTWER_FIPVS_F__FNI__W_GR_LT_VFMWP_KDSRWLPSLVLA_L_FVPLLL___I___RYLTVV___DAWFIF_M_AFAFS_G_LASL_MCFG___V__AEA_TA__IMAFFLCLG_A__A__SF_FR__VGT_LL_VDT_S_E_L_Q,1,mask-nan
mask-nan,_ETLKI_V_I__TFFVLL___GFLSGDPARN_K_K_LE,0,mask-P12240
mask-nan,MEQTQ__K_NLQHFAS__V_PQ_FN_D_VMMHE_K_GTLM__F__PIL_E_ME_SKIMQLGK__P_E_T_KKFT____KPGAY_VG_GQ_IET_K___VN_TMRAFKLGVILPVTK_FL_YTYSQ_FEE_KPMIAEAF_K_F_EAG_L_Q_NNPF_K_IAQSI_K__KVI_GDFTQ__I_DLEALLEDDELEA_AFI_KTQ__S__RKIVDPE_KERIY_RNSDSL_G__VV_LKS__LKRGELIT_DFDKLIYGI_QLIE__IDE_A_LST_KNE_GTPVN_FEQ_MV_L___MHV_L__ADDK___K_VP_D_____V_G_V,0,mask-A4ZFB3
mask-BD3ny8-A-A-OLA1,DYKDD_D_M_QPG__SAF__APNR_HAPDH_VTQ_R_E_WVVGM_I__SLI_LAI_FGNVLVIT_IA_FERLQT_TNYF__SLA___LV_GLA_VP_GA__ILM_M_TFG_F_CEFW__I_V__VTASIWTLC___VDRYFAI_S_FKYQSLLT_NKARVII___WI__GLTSFL___MHW__A_HQEAINCYAEE_CCDFFTNQA_A_A__IVSFYVPLV_MVF_Y__V_QEAKR__N_FEM_R___GLR__IY_D_EGYYTIGI_HL___S_S_NAAKSEL_KA_GR_T__V__KD__EK_FN_DVD__VR__LRNAKLKPVYDSL__VRR_ALI_M_FQMGET_VAGFTNSLRML_QKRWDEA___LA_SRW____PNR_KR_IT_F__G_WDA_KFCL___K_LKTL_II__TFTLCW__F_IVNIV__IQDNL_RKE__IL__WIGYVN_GFNPLI___SP_FRI_FQELLCLRRSS__H_H_HH,1,mask-nan
mask-BD5hk1-A-A-OLC1,GP__M__AVGR_W_WAALLLAVAA_LTQ_VWL_L_TQS_VF_RE_IA_LAR_Y_GLDHEL_FSRLIVE_R__H_G___PDEE__WV_VNAG_WMGAMCL_HASL___VLLFGTAL_S__HSGRY_A_I__TIISGTFHQWR_GTTKSEV__PGE_V__GPGEATAV_WG____MVE_G___I_STLA__LAD_V__TQ_FLTLFY__RS_A_G_RLELTT_L_GQDP,1,mask-nan
mask-nan,MSK_LQGSIF__SKLHVR__ST_PF__APSIAN__TT___AINHS__LA_AR__LPKRCGLITRK_GMMPY_DKSTG_RS_A_ILEV_N___IMHRTSE__GYFACQ___G_RH_SKVSRQ_LGHFA_K_VNP__H__EFR_K_E___IP_G_LLK_SFF_E_Q_V_VRS__K_K_F_G_MKRYGF_GLRASHGTSIMHR_GG_YGQN___G_VLPGR_MPGH_GNE_VTI_N_KV_K__DENNVIWV__SVAGPKN___K_QDAIKKT,0,mask-P31334
mask-BD7m93-A-A-OLC1,GPGGSSMGT_GAR____WF____FLS___ITL_MDLQGVLP__LYPV_L_N__QWYIE__KDPLLQTP_AWFKSFLFC___FQ_PFFPIAAYAF_KGG____RTPAII__VHTMTTL__IL_TLL_DDFSKA__FRGQ_PK_FQ_R_FL_SVYI__FLIPLIL_L_M____YYK,1,mask-nan
mask-BD6bqo-B-B-OLC1,__T__PLN__A_G_G___GA_LRWVLGLK_NG_GWPWGTLTAN_VGGYL_G_M___I_S_PEWPA__RLAA_TG_LGGL_TFS_F_AET_DMLCRGVY_TAAAYAGASL___L_MT_L_LATVRLL_R,1,mask-nan
mask-nan,_AASEIMNNLP_H_LDSS_RDLLND___IE_DESTKS__DQRSEV__E___LF__RD_KDC__KM_E__FID_T_F___PMIL_LFV__C__MPSFT_LG_TLQSEIL__FTLDTPQCIETR_I__GDLS__L_INKFFRCC_K_I_FN_TDHT_QEEK_L_LESIMS_F_FVYI_KMRT_I_VVGLQELIE___FQVKVK_HHKK__PNMY_A_CK__PKL_PTL____LSKDVSIE_AIL___D_KIQ_DKAKSKGKQ_GVKQKI_HFHE_MLH_SS_E__KVEDAF_Q_TS_DSR_QSTGTAPRKK_NDI_V_AGSFWAV_KHH_TRS____N_L__T_L_L_LC___YK_L_AI__HVP_AFHT_YPQI__L_KLLASI,0,mask-Q08215
mask-BD7br3-A-A-1QW1,N_SIPLMQGNL_TLTLSG_I_VTVT_FLF_LSAT__ASFL__LQK_T_S_M_LL__HLTLAN_LET__V_P_DGM_NI_VQ_Y_G_LLC_VLS_LK__SM_AKAFMM_VI_LDRS__ITNSK_GQSMVGLAW_LS_VF_GPQLYIFR___LV___CVTHCSFSQ____A__NFFTF__LFIIPL_IM__CNAKII_TLT_VL_ID__FWN_SYLTG_R_ERK_SLLSKFGMDEGVTF____RFD_G__G__VLLKAI__LSSKKEFQEMRF____K_DPE____AR_L__KH_NVKVI_E__S_E_VRELY_SV__V_IPS_F_PFGL_ALEAM__GA__I___VGGLRDII__E_G__VKAGDP_ELANAIL_A_ELSRSDL_KFRE_C_KRAMSFSNIPRA__KT_KMTV__ATSFTVCWT_YY_L_I_YWF__E_LN_LSDPV_______AF_NPCFDP_IYGYFSL,1,mask-nan
mask-nan,MK_MVVVVVMML_W_ILKP_STW__NTITF_VG__TI__YAT_MKSIHN__K_P_L__YGIP_LPNTNL_PKYLLVT___SS_KT_T_MLKRN__Y_MGYA_T__GK____I_KD_SNTTERNDVMTTLCPN_SSR_GK__NY___Y____KKVGRPRSQ__LGIQ_LNS_IGKIYG_D_F_E_TEAEFL__AIQMVSEAARFK__EN_V_T_FN_AFY_NA_V_N_EES_GK_STAIH_AKNG_L_S_L_L__AN_S_WIVLR_DDIEP_V__L_YVN_TCQATYQ_A_FPHL,0,mask-Q03464
mask-nan,MA_AI_SSL_RQKRQA_ER_KSN__K__S__SKGKTSCDKNK_NVFS__KL_G__KR_RRRPE_QLKGI____YSR_GYHLQL_A_GTI_GT_D_DS_YTLFNLI_VGLRV_AIQGVQ__LYLAMN__GYL_TSEL_TPECK__E_V_ENYYV_____IYRQ_QSGRG_YLG_N__GEIMK_NH_KKN___AHF_PKPLKVAMYKE___HD_T__SRS_SGTPT_S_SV__V_N__KSMSHN_ST,0,mask-Q92913
mask-nan,MALVSSR___D_K_SRERIVPVVYY_SR__RL_HPHF_EVP_SS_NGLY_KDVINRLNDLRGNG_ACLYS_SSKR_YKNGFV_YDLSD_DFIF__H_Q_YVL_GSQ_LDLDNN_G_FS_VTHRRNQ_W_SV_HYKV__A__LN______LSM_A_T_TDDRRRRKSP_D_VN_VTEL_R_E_TS_PQSDSSP_T_ES_MRA__RLILL_ED_ELNRTVEKMR___VLMQLISC_AMSFKKCGPT__NGNTRST_V_G_GNY_LE_AEK__K_F__VK_EE__YFSG__I_ES_K_EL_PA_KR__SY__D_S__MG__K__E__ELAR_NFIP_N_N_V_G_P,0,mask-Q8GY65
mask-nan,M_EQQWNF_GIEAA_SA__GNVTS_H_L_DEGKQSL__LA_AWGGSG_EA_Q__QQKWD_TATE_NNALQN___TISE__Q____TE_NV_GMFA,0,mask-P9WNK7
mask-BD8bd3-S-S-SQD1,VSRS_GWL_SDSQNINL__W_GP__V_Y__GGLLARDE__PVLNG_L_GD_GY__L_L__DAETLA_Y_ANEL__ARWAM_AAAGAII_EG_A_NGAD_K_ATW_ET__AM_N__TLNWFAV_FVNFNNPLP_FAVVAINVAL_AAAENY_RT_DGP_GYAPG____DE_VYSN__NL___GP____GLADDP_VLAELKVKEI_NGR___V__LGF_VQA_VTGEG_Y_N_S_HVA_PFG__LL__LSSED_AA__,1,mask-nan
mask-BD6w1p-x-x-STE1,MTI_PSLKGF_I_LLS___VLGLTFAV__AI__IDKV__SL,1,mask-nan
mask-BD8ijr-A-A-Z0P1,MA____L_IR_WTTKH_AVWLKDEG_FEYVD_LC__HRLDGI_LLTL__YD__S_PLE_KVLG__K_L_____K_QKI_IDV_E_MGYNSDS_MGSMT_F_S_LQSTDWLCNGELSHDCDG_ITDL_S_QYQYM_GKNK_SVRR___EYWK_I_SCI_V_IVFGFT__IMVIVHER_P_MQT__PLPDI_LDSVPRIPWAF__TEVCGMI__Y__LLVLL_HK__SIL___LCSLM_TV_LL_CFTM_VT_LSVPG_HL_C_G_IYGSVWE___R_FAIW_G___TL__VH_______SGH__VLT__NF___EYT__S_NFLHTLSWV__L_G_FFI_AA_EHY_I_V_I__YI_T_LF___HTLAN_R_YQQSR_ARIWFPMFSF_ECN_NG__PNEYCWPFSKPAIMKRLIG,1,mask-nan
mask-nan,MLG__Q_RLRPR___D_AGG____G_S__PPARGSWRETGTG_AL__SSPPRPAQ_SSS_GI__GP_S_PGSPRGAEQA_TPRPRLSL_IS_AT_SAARWR__RTGKGL_YNS__I_P_TLL_EHL_EGGR_D_HTMTVLWG_QE_IVA_____IK_AF_VFD__SNNT_DV_EI__I__S_G__PT__ELHDLI__V_EE_PTGYIR_E_FLP______LE_KYRP__ED_LLRAFEVLDS_KRGFL_KDELIKYMTEEDGV_LRR_G,0,mask-Q5VUJ9
mask-nan,LVKC_G___CG_PC_QQTGCPNSK_I_RMC_C_GC,0,mask-Q10726
mask-nan,_LKKNNWLQNA_I_M_VL_VG_CIN_GS___V__ESIQRP__INQVFPDPGLANAVKQN_GKQSVTD_V_QK_LS_VQN_NGD__NI_SL_GMQFF____E_HLS_NQISDL_P_K_LTK_E_LSVNR__LKNLN__PSACLSRLFL__NE____D_L_H_K_LEILS___N_LK_I__LGF_SKLEV__LHGNEIT_T_GLTRL_KVN__DLT_QKCVN_PVKYQPELYITN__KDP_GR_I_PYYIS_GGS_V_G_VLW__P__TDEVS_K___YI__GETEAIF_GT_TQ_IK_,0,mask-P71451
mask-BD7cff-A-A-OLC1,MA_PE_PWLWA_LVLL_ALSAFFS_S___I_TL__W_LK_LAESKNG_FRLL_ED__RFLT_ILV_NNLVNIAATALAT_LATQAF_SAGVG____A_TFL_LFF__ITP__LAVHH_EAIARLAA____GLSVL_YPV_RF_S_V_G_LLR_L_L_PR_E__GL_V__Q,1,mask-nan
mask-nan,M___KFG_GQ__RHSLLGY_G_VVDI_PV_S_SEPSP_ELAVN___RAAP_YH_V__DDN___VHTYLAE_QL_SELQDEHPEQP__DELA_T_RKQLQAP_L__,0,mask-P0AB20
mask-BD7bgi-2-2-SQD1,_P__Y_GA_APAHLDGSML_D_G_DPLRLGVNKDN_K_F_EAE_TNGRWAM_A_VG__F__AVGLPKFWT_G_EKYALD_Q__A_IEVAVFA_LE____EIYKKTGETGF_SF_PFDP_GM_SEEMK_K_LKNGRL_M_AF_GF_S___VY_KGPIETL_LHL_DP__NN___SSVG_E__VTVAV____PM_IEAT_,1,mask-nan
mask-nan,MA___ARR_L_LLL_A_LAHGASA__EVK_NG__C_MA_F__SF_TTYETA__SQI_NISL_AS_EV__N_SSCGK__VSDP_LTI_F_RGYLLTLNF_KN____SVQHMYFT_N_S_TEHFPNAISKEIY_MDSTTDIKA_I__A__CVSDIRVYM_N_TVVLRDA_I_A_L_SGNFSK_ETHCTQDGP_PTTGPPSP__PLV___PT_SK__VTG_N_TCL_AS_A_QLNITY____N_T_TRAFN_SPNDT_SG__GINL__L___NKNRALELQFGMNA_SS_F_LQGVRL_MTLPDAL_PTF__S__SLK_LQATV_N_YKCNTE_H_F__K__SLN_F_V__QA_K_DSDR_GSVE__VQ____MLIPIAVGGA___L__IV_IAY_I_RKRSHAGY_T_,0,mask-P11438
mask-BD7r0w-D-D-SQD1,_LVKILKF__F_MT_IS_SPD_____RR_FMNL__FGT_TGVA_GA_YPAVK_LI_PSSG_SGG_V_A_DALG_D_KVTEFL__HNAGDRVLA_GLKG_P_YIVVQGD__IAN___N__C_HLGCV_PWN_SENK_MCPCHG_QYNA_G__V_GPAP_SL_LA_ATVTDD__LVL_TW_ETDFR_D_D_W_A,1,mask-nan
mask-nan,_SSFFYKE_LRMT_RF___TDE_IAYLRKFES_VHYQYEN__S___GV_L_KNDFNY__P_SSY__GN_E_D___KKR_RI_TRL__IGN_N_P_GY_LHHN___VPDS_L_P_PL_LKKPK_KMMQ__LIYMKS__EKIENKSEVVYRK_AHEKDGYY__FS__FKLLEAKATLY___STF_,0,mask-Q9ZJ19
mask-BD2ag2-A-A-LP31,HMSSFSWDNC_EG__PAV___L__EP_PIVV_G__T___VGST_VPLSSPLKVDLVLEKEVAG_WIKI__TD_I_SC_F_HF__VLDML_PTGE__P___RTY_L_CHC_FK_GTYSL_K_E_VVP_LE_PSW_TTGNYRIES_L__SG_R_GCI__AA_LKGI,1,mask-nan
mask-BD3ga5-A-A-RGG1,_R___TI_KY_D_FMSV__KAI_KDGKSA__V___MN_S__DQS__ND_IDV_LAK_VKAL__NLVD___AGT_IEK_R_QNVPVVFF_KEPSRKA____DKA__VGTD__ESGV_QGDLIAK_WQANQGWDLNKDGKIQ___LKG_PGH_D__A_TTY__KEL_D__I__E_LA_DTAMW_TAQAKDKMD___S___AN_IEVVIAN_DA_A_G_V_ALKA_N_SSIPVF_VDALPEALA_VKSG_MA__VLNDA_NQAKAT_D_AKNLAEGK_A___T__KIEN__VRVPYVGVD_DNLSEFT,1,mask-nan
mask-BD6bqo-C-C-OLC1,SSVPTK_EVVAATPTSL_I__D_P_VTV_HYV_TYGE_G_YWSYQEFT_P__K_TATIS__KP_VDYTIT___NPYSD_PIY__YH__ISI___T,1,mask-nan
mask-BD3rze-A-A-OLC1,TT_AS__LM_LVVV_S_ICLVTVG_N_LVL___RSER_LHTVGNLYIV_LSVA_LIV_AV_MPMN_L_LLM_KWSLG_P_CLF_LSMDY_AS_AS_FSVFIL_IDRYRSVQ_P___LKYRTKTRASA_I_GA_FL_F__VIP_LGWNHFM_Q_SVRREDKCETD_YD_T_FKVM_A_IN_Y__T_LMLW__AKI_KAVRQ___I___LRI__GL___I__D_EG_YTI_IGH_LTKSPSL_AAKSEL_KA_G_NTNGV_TKDE__K_FN__VDAAV__IL___K_K_VYD___AV___ALI_MVF_MGET_VAGFTNSLRML_Q_RW_EAA_NLA__RW_NQ_PN___R__TTF_TGTWD__L_MNR_RK_AK_L_FI_A_FILC__PYF_FFMVIA__K_CCNEHL_M_TI_LGY_NSTL__LIYPLCN__FKKTFKRILH__SGE_L_FQ,1,mask-nan
mask-BD4azq-A-A-G2A1,_M_S_KDLEGKW_LM_SH_FE_Y_KELGVGLA__K_A_MA___C__TC__NNITVKTESTVKTT_F__NLGE_FEET_A__RKTETVC_F__GALVQH_QWDGK_STIT__LKDG_MIV_CV__NAT__RVY_KVQ,1,mask-nan
mask-BD8jw0-B-B-SQD1,___SPSVPYLPYP_RLEGWV__E___DPL___DII___WLREAELK_GRICML__LGWI_VDAGWRF_AEMFQG__V_____KM__MG_MQ_M_SIVGV___FSLYLIK_GL_G_I_RKAGDYF_GKNFLP___DK__D_QLKE_ENG_LAM_AFSGICTQANL_PESHF_Y,1,mask-nan
mask-nan,M_YF__ALA__VAL_C_AESTA_EVNEEL__E_D_LDDA_WLAVAEELQG_ED_EESR_L_GKLIKKFGR_AISY___K__G__,0,mask-Q1ELU1
mask-nan,____G_SKQQSEED_LLQ_F__NLS__SS_LF_G_AFI_SA___WLYWR__HM____SA_LYSV_TL_STYL_AFAY_N_KFVLK__VAQ__EDAV_K_VTR_LSEAD__KMSRKEKDERILW_KNEV_DYEA_TF_IFY_NTLFLVVV_V___FILK_F___VNYI_SI_A_SGLIALLSTGSK,0,mask-Q9UNL2
mask-nan,MAE_TT_ETI____IT__P_V_ARIS_ELSLQR_LS_GIR_CLRKY_EF___AIE_NTLSRY_D_GNIDTKNNIL_SNVLK_G_TI___S__GGI__ET_AAI_DLD_FGE_ELFEVTKE_D_IAN_A_V___VE_ERG__G_CTDEEMTIS_K__DS_L_SRI_PKKALKVK_GVRSAN_DGT_SVLY__ELEDD__NETN_K__RKWS_V_YA__VVLSR_GPV__LC__SL_YALQSVKLP_AF_D_RASDL_MTIR_RGRSA__RETYE_____TK_VPLMIN___IAFAS_YG__EL____Q_QN_D_SEEE_VD_D___L_TVLIADLDTEA_ETSIH__ISILAA_SGN___L_LV_GGAK_TP_MIKRSLLLSRV__DDLSTRF_I,0,mask-P25359
mask-nan,_S_LFPLTKSASS___GS_G_LT__QQQKQRLI_SLRNS_SS_AEIQKDV_YRLP__IN_LTI__NILLP______KPV_S__PPI_H_LM_KQGVYVT_PL_NNF___SDLGK_I_SLLD_F__NPP__APTSTAFPY_YSNP__MSP__SQGFPFL__Y__QEANRSITS_SVADTV_S___S_TTAK__APSFG_LSNLP_PIPT__A_IPTSQ_GFG_K__DVPDAF___SELSV_QLTDM__QEE__LEQ_LTLP_LKQIIT__DDLVKSI_E__RKNLLLEPSL_AKRQ__LD__E_LTQM_S_FEK_MQ_Q__LS_S_SA____ARL_V__HE_EEESDN__E_F__G_MEID_FL_SFME_RT_CH_RR__EEKLQQAIAMHSQFHA_L,0,mask-Q8NEZ2
mask-nan,M_K__LR__RI__RRG_TTI__LR_Q_SDI___ILN__K_AQG_NSDRGQTSKSKT_N_DI_SMEIPV_MM_SA_RINKR_L_S_AEIARSSVE_AQMRFNSG_S_IV___NPA_SF_RLN__MF_NN_PG_KRSQRFYMKP_KVAE_KR_QRH__EFM_GFKR_IEI___A_RK_Y,0,mask-P38175
mask-nan,M__ILMIGV_AL____LLSGRN__K_QE_RELED_LEDLN___VQRT_I__ELNE_IS__SI_KTVNLS___VA_LD_YEQSN_RIP_DI_E__VNQRLQS_Q_VLNY_E_QRTYW_LE_QK_LYRGSLK,0,mask-P16517
mask-BD7pin-W-I-4RF1,LVD_RMN__G_G_PFGV_D_IL_WVIAGTLGT_W_IY__SQKD_,1,mask-nan
mask-BD6me7-B-B-OLC1,ADLEDN_ETLNDNLKVIEKAD_AAQ_KDALTKM_A_AL_AQKATP_K_ED_SPD__EMKDFR__FDILVGQI_DA__LANEG__KEA_AAA__LKTT_N_Y__K__G_GA_PSWVAPALSA_LIV_TA_D_VGN_LVI__VLRN__LRNAGN_FLVS__LA_LVVA_YPYP_ILVAI_YD_W__GEEH_K_S_FVM_LSVIGSV_NI_AIAIDR__YICHSM__H__Y_R_HT_LHICLI__L_VV__LP_FF_GSLE_DP_IY_CTFIQTAST_YT__VV_IA_LLP_AV___CYLRIWVLVL_ARM_KYTCT__GYI_NPED_D_____NPG_D_KD_PD_WVCP_C_VG_D_F__VE__KP_D_RSFLTMFVVFVIFAI__A__NC__L__AINPQ_MA___PE_L__TSY_L__FNSCLNPI__GLLDQN___EY_RIL_A_WNPRHCIQ__S___,1,mask-nan
mask-nan,M_RSK_S_LVTL_QT_K_G__NK_RI_DE_R__L__YRYVWVLH_DDVR____Q_IRT_WAGS__IMGKRK_L__A_GEKR_EEYKENLYQL_KL__GVT__LFT_EDVNTV_E_F__Y_RSD_S_PNTKAP__FTIP_G__Y_RGGQI__E_DV_MIH__EP_MRNKFEIP_KIK_GKI_IDSPYLVC_EGEKL_V_QALI_K_FGI_ASEFKVKV_A_YDND_STVE_TN_NM_,0,mask-P33201
mask-BD1e12-A-A-OLC1,A__EN__LSSS_WVNV__AGIAI_V_VY_GRTIRP___RLI___T_MIPL_SIS___GLL_GL_VGMI__PAGHALAG__V_SQWGR___WALSTPMI_L__GLLAD___GS_FTVIAA__G_CVT_LAA_M_TSAL_FRW_FY_I_CAFFVVVLSALVTDWAAS_S_AG__E_FDT___LT_VLW_GYPIVWAVGV_G__LV_SVGATSWAYS_LDV_AKYV_A_IL_RW_A__E_TVAVAGQT_G_MS__D,1,mask-nan
mask-nan,MPNFQK_FSGSS_GNSV_ND_GNKV__KVF__R_AQDGSE_QN_N_TT_Q___MFQSNNYNVPPP____EDLG_QG_PTH__YAP_QHPIHL_PPVPP__K_NTYSA_DQYSD_SFPNTSG_TPVIDSNYY_DA_A_IPT_T_GST_M___NG_T_DSEEY__NMEVF_S_ENE_IDNVKQ_DLKS_K__S_LSA_SIVKKEQ_SGF_NFL_LSK_E_P_V____IK_SLNLENIDN_DSMSF_LKTSPIRKHFHVK_KRITR__TG_V__N__E_K__SNIN_KIEQL__TVPT_RVAY_KCNDLPITSR_LAD_DGL____KLNKA_I__KSIE_____ERK_LQLS__N_HL_NDTRDSFV_L___SQP_SDNS_S_Q_QK_T__C_R_R_RQ_RQQQPLHN_Q__IPHQ__L_S___N_H_M__NNAGDF,0,mask-Q12398
mask-nan,MQQS_A_KT_EDL_AELGDRARTR__D_T_V__L__GVHALGK_LLE_AGE_WL_AE_ES___LAE_I_QL_YWTQVLM_SR_LSLD__YRKL,0,mask-P9WMM9
mask-nan,_L___R_QFAQGSVRRL_VS_RD_PTK_STL_VKV_GGSRY_TKD_VA__LNR_N__NTNTR_A_KLVR___LLGGTFK_T____YITLKAT__KD__PY_VNAL_DVLYKTAFKP__L_ES__PAARYDY_VA_Q_PVKSAEDQ____TFRK__GNP__Y_G_E_VS_QD_K_FADKVY_KE_LEVSGENV_E_DLK_F_DES_LSTLPA_KSL_S_S_PK_FLGE_NRVRFIGDS__AIG_PVNKASL_QYE__AN_LTS__SE_S_LIS_AKL__FT__GL_TLFVRDQDSAV_SSNI_KI_A_LKKG_DLSP_INYTKLK_A_QN_SVS_PI_L_F_A_KD___G_FN_V_VGDVSNLP____L,0,mask-P07257
mask-BD5xnl-T-A-SQD2,__ALVYTFL___T_G_IFFAI_FREPPKV_TK_TK,1,mask-nan
mask-nan,MTDR__ING__GATI_P_Y__SGI_EV_ALKI__R__NI_R__YLKT_VTPS_S___YLELETSAN_G__GLK_S_TVHGPRSLPR_SPFSPHMVV_TH___A___TK_RRG_LRDP_ERDLG_HLEAAL_GA__ADR_PK_GVDIIISIIEG_QDR__S_T_G_EVWDM__TLS_C_TVA_AA_ADA_IDCVDTV_GG__AL_QDSDGSP_IVVDP_P_E_RKI__ACCV__LPMR_EV_NL_FR_D___SD_DL__ELVEKG_QASR_ANRVL_DC_T_T_G,0,mask-P0CT46
mask-BD8bd3-Y-Y-SQD1,_WYGPDRPKFL_PFSDGL_P_YLTGEFPG__GWDT_GLS___ETFK_YR_IEVI_ARWAM_GAL_CIF_E_LEKY_GVQF__AVWF_AGA_IF_D_GLNYL__SGLVHA__IVAT_VV_VLL_GA_E_YRA__E____FG_G__T___GGAF_PLG___D_DTLAELKVKEI__GRLAM_S_LGFFVQ__VTG_GPLDNLLQH__EPGE__F_ALY_N___,1,mask-nan
mask-nan,MM_AG____LAL__LMP_V_VGGAG__PIQDGEFTFLL__GRKQ_FYQ__P_NA_LET_Y_VI__AGLDVDF_LES___VLLV_ESRKADGVHTV_PTEAGDYK_CFDNS__T_S_K_V_FEL_F_SLQDD_EVE_W_EAVEP_EMLDV_MEDIKE_IET_RTRLE_S_QMLTLLRA_EA__R__Q___L__V_F__AVNV_VLLL__V_QV____RF_QDKRPVPT,0,mask-Q13445
mask-nan,MSGKPP_YR_PP___LK___PIIRQE_NK_LVLMS___Q__SS_GHMSP_CAGLVTELK_C_SESALG_RN_VQ_S__N_HAAR_YDRIN_KP_D,0,mask-O75012
mask-nan,M_SL_CFR_L_RRATT_FS_N_TRS_S_F_GIEF_G__ISH_TV_PN_S_T_NLP_YS_WYR__DRC_S_NTKD_DED_E_SEGEDD___E_EDFED_A__EVER_Y__AEKVEEAEEIG_KVMGP_K_SER___P_EPV_A_VQ__SHQFKV_NGDSIF_EKLK__D_NDKLELTKVLLLGSAS_T__GR_IL_DA___A__EEHALDEKV__FKK_RRK_YRR___HR_ELTKL_I_DIQ__EKP_PK_VHKP_KEAV__QTKA_LVA,0,mask-Q8L9A0
mask-BD2nlj-A-A-DGA1,DILL__SPAI__VSPGERVSFS_RAS_S_G_DIHWYQ__TNG____L_K_A_E_I_GI___F_G_G_GT_FTLSINSVESE_IANY_CQQSNRWPFTFGS_TKLEIKRAD_APTV_I_PPS_EQL__GG_SVVC___NFY__D__VKW_ID_S__Q_GVLN_W_DQDSKDST_SM___L_L_KD____HNSYTCEATHK__TSPIVKS_NRN,1,mask-nan
mask-BD4ec7-A-A-L441,ED_PV_NLGEH_VCDSVS_W_T__TATDI_GNTVT__EN_N_DN__YK_YFF_TK_KN_N__PSG_R__DS_HWN__CTETDTFIK_LT__GNQA_W_FIRIETAC__VITKK_GN,1,mask-nan
mask-BD4ea3-A-A-OLA1,DY_DDDDGAP__L__NWETLN_NLK__EKADNAAQVK_ALTK_RAA_LDAQK_TPPKL_D_S_DSPE_K_FRHGFDI_V_QIDDALKLANEG_VKEAQAAA_Q_KTTR___IQ__LGAFL__GLKVTI_G_YLA_CVGGL__N_LVMY__L_HTKM___TNIY__NL_LAD_LVLLT___QGTD__L_FWP___AL_K_V_A___Y_MFTST_TL_AMSVD____I_HPIR_LDVRTSS_AQAV_VAIWALAS_V_VPV___GS_QV_DEEI_CLV_IPT_QDYWG____ICIFL_SFI_PV_V_SVC_SLM__RLR_V_LL_GSREK_R___RI__LVL_VV__FVGCW__VQV_VL__G_GVQP_S_TA_AILRFC_A__YVNSC__PIL__FLD__F_ACFRK_CCAS_L_RPLE_LFQGPH__HHHHH_H,1,mask-nan
mask-BD6lah-A-A-EKG1,A_SH_MRY_S_TVS_PG_GE_RFI_VG__D_TQF___DSDA_SP_M_P___WMEQEGPE_WEEQ_R_VKD__QT_R_SLGNLRG_YNQ_E__SH_L_TMSGCDLG___RL_R__Y____D_R_YIA__ED_RS_TAADEA_QN_QRKWEAAG_AEQW__YLEGEC_E__RRY_EN_KET__RAE_PKTHVTH_PVSD_EA_LR_WA_GFYPAEITL__QRD_EDQTQDT_LVETRPGGDGT_QK_GAVVVPS_E___YTCH_Q_EGLP_PLTL_W__,1,mask-nan
mask-BD7qhm-E-E-DGA1,_EVA_PGG__G_F_____PD__TP__VAMG_F_SWVWVA__IIGI_MWGLFL___FA__AK_____GE___P_QLQYNVPLELV_TI_PI_IVMVLF__TVQTQDKVTALDKN_EVTVDVTAYQW_WK_GYSE__GS_APGG__YQGS_PERQA_AEA_K__PSGDN_I_G_S_S_VSYLEFN_IET_G_TDEI_VMV_P_N__I__NLA_ADV_HS_W_PEFLF_R_A_AHPEANKS_RV_QIEE_TE__AFV__C_EMCGTYHAMMNFE_RVVD_D_FAEYIS_RDSNPDATNAQ__E_I___PYATST__FVSDRT_T_D__N__SNA,1,mask-nan
mask-nan,M__F_I_GKSLK___I__ED_KS___VLLEDDSVKEIV_SGNT___EAARWLSEN_ASK_DLEI_EFS_I_TG_VKD__PE__RL__QAL_K_P__H__R_S_NA__PTA_E_LIDFLSKHTPLEHLYL__NGL_P_AGAKIARALQELAVNK__KNA_P_RSI__GRN_L_NGS__E_A_TFQSHRLLHTVKMVQ_GIRPEGI_HLLLE___Y_QE_KV_DLQDNT_THLGS_ALA__LKSWPNL_ELGLNDCLL_AR_A_AVVDAFSKL___GLQ_LRL___E_EL_AV___KT_IDEK_PDLLFLEL__NR__EEDD_V_E_R_V__TR_RGELDELDD_EELTDEE_E_E____ESQ__EPET_EE_K_D_ELAD_L___HI,0,mask-P41391
mask-BD6tp8-A-A-NTK1,L_SG_DPAFS__K_VLD_G_T___ASPSSV_KPIL__PG_GTTGPQ_F_SN__PLST_LGYTPCW__PPPFML_DTQ__TE_MVN__TA_YAGS__NKLP____SQ_GLVA_WGL_F_PSIRS_V__LMA_AP_YKGTVLA__LDA_AV_APSVWQ_TTGSA_TT_LRNA_____IVP_TN_YS_TD_IV__QVSN_PLDS_Y__NGKNV_AQAVCGPLFVIDHA___TS_FS_VVGR_A_R_T_G_ARS_DYGI_DC_PL_AND_TPEQKVAAAALLAP_AA_IV_G_KQNC_P__MP_A_PFAVG_RT__GI_T_,1,mask-nan
mask-BD6ly5-H-b-SQD1,A_SK_LPWL_NPSN_DGRI_ANGFDPL_ISEYF__DY_V_SEIKH_RV_MM_WA___A_D__A_IYPL_ES_QGVTS_T_H_PAV_F_S_G_MFI_IALF_M_GWI_LSQTL_GS_REPGDFGWGK_F_GKT_A_IDTM__KE__N__AAMLAFA_VVT_S___DKG_PY,1,mask-nan
mask-BD8oyg-A-A-OLC1,_N_LSKIS_F_GKTFS_WAALF_AAA___PDTFKW_G___PW__GII_FGM__TL_PSD__I___HP_VVIIGVIAQFAIM_A_A__LSKLLNLPAEIAVG_ILVGCCPGGT_SNV_TYLARGN__LSV_V__V_TLISPL__PA_FL__A_EM_EIQA___LMS_VKMVLLPIVLGLIV_KVLGSKT____D_L_LVSVA__V_I_G_VVGA___KIMESG_LIFA_VVL___IGYLL_FFAAKWTGL_YD__KTL_IE_GMQNS___AA_AAA__A_APV_A_PGALFS_W_NISG_L__TYW___AGK_KKP__LEVLF_,1,mask-nan
mask-nan,M__TLSFGN_QNY_L_E__L__LL_ADKEKAI__GGWDKVQD_F_AE__D_ALEV__SII_GQGRGE_GEME_N_EDINKIYAFKRLQH__CPA_QDL_T_K__ASQTQFLLMV_DT_I_Q_N_KDILNISD_AVI_SMS__ER_L__QIC_VI_S___WH_ELLQESISTLRK_VTGNA_IKT_VY_MMR____P_HP_VEW___LTAD_KSML_CINAGNF_PTT___K___QEV_G_VAFS_M_PCI__LLHSYSP__EFKPTN___LK_LNQDYN_YH_KKM__DVILEKLY__H_R_LHIGKDG___NI_L_,0,mask-P40722
mask-nan,_RPILL_GHERSITQI_Y_RE_DL_FTVAKDP_VNV_YSVN_ER_______TGA_WCV_ADW_TKH_LTGSADNSCR_WD_ET_KQL_LLK___AV_TCGFDFG____MFSTD_Q_GY__FVS_FDL_DP_QI__NEPYM_IPCND__IT_A_WGPL_ECIIAGHESGEL_Q__A__GE_LVN_KEHS__I__IQLS__MTMFVTAS_DNTAKLFDS_T_EH_KTF__EPPRELAA_SPN_E_VVV_GGQ__M_VTTTST__GK__A_FFH__F_E_FGRV_GH_GPINS_AFHPDGK_YSS_GE__Y___HYF_PQ_F_FE_EA__A_SPSG,0,mask-Q5IH81
mask-BD4ntj-A-A-OLC1,DYKDDDDG_P__VD_LT_AP_NT_LC_R__KI_QVLFP_LY_V_FFV___T_G_A_RIFF_IRSK_N_IIFLKN_VISDL_M_LTFPFKIL_DA_L_T_PLR___CQVTS_I_Y__MYISISFLGLIT_DRYQKT_R_FKTSNPKNLLG_K_LS__IWA__FLL_LPNMILTNR_PRDK__K_CS_LKSEFG_VWH_I_N_IC_VIF___F____VC_T_ITKEL_RSYVRTAD_E_NW__LNDNLKV_EKADN_AQ_K_A_TKMRAA__D_QKAT_PKL_D_SP_SPE_KDF_HG_DILVGQI_DALKLANEGKV__AQ_A__QLKTTRNAY__K_LRG_G_VPRKK_NV__F_IIAV__IC__P_HF___PYT__QTRD___C__ENT__Y_KE_TLWLTSL_ACL_PFI_FF_CK___NSL_S_LKC___ATS_SQDNR_K_QDGGDPNEET_M_RPL_V_FQ,1,mask-nan
mask-nan,MG_GD_NL_KSW_PK_MKNRKKVWETEQ_L_TEQQKLN_RLK__EKERELN_L_N__S__KP__L_NDL_L_KS__EWM___AKLSDEKEDYLLGKKKLD___LNQPAT_PV_A_T_IS_SGAAT_ISS_KKKSKL_KD_PMS__KV_K_QR_T_DST_K___SQR_KPLS___PDL_Y,0,mask-P53854
mask-nan,MRAV_CF__Y_VA__AL_S__AS_SAERVSEMD_YEFESWVSCL_PEQVT_E_QEGT_A___RKTGQCEE__G_ECGG_EN__ETLL_C__S_NDAPK_PC_LE__Y_VG_A_IP_WYY__NNATCEMF_YG_IT_N_NNFESE_E_K_TC_GFSL_KK_N_TIN,0,mask-Q964Q0
mask-BD3s8f-B-B-OLC1,M_D_HKAHKAILAY_KGWLAF_L_M_FVF___I_YTL_THT_G__PAGKLERVD_TTV_Q____ADPAQAVV_TGPN_Y_V_V_A_AFGYQPNPI___QGA__VFKITSPDVI_G_HVE_TNINVEVLP___STV__TFK__GE__I_____CGLGHQNMFGTIV__E,1,mask-nan
mask-BD8jem-A-A-PGT1,MGSSHHHHH_N__I_T_ENL__QG___DFL_QLPHLEPYG_P_YFI_LG__LLP__IGLFFK_RFAI_EC_VSITFIV_ALT__HAS_IL___F_IVW_II_____KR_RSQRDN_WV_YLH_FLVVL_LILVKVE_TIN_TQSLLNFLGIS_LTF__V_M_I__R___L___TLGEF_RFMLF___FTSGPIDRFK__NEDYQ_I_NRDELLN_LE__V_YIML__LYKFVLAQI_GSMLL_PLK_QAL_QGGIFN____GVMYV_GFDLFF_FAGYSMFA_A_SNLM_IKSPINF_KPFIS_DMKEF_NR__MSL__W_RD_V__RLVI_LMRNKV_KNRNT_S____II_MMVM_FWHGITW___A_G___GIGLV___A_LRKKK_INKD_KKAG_KP_P_NKW_K__G___T_NTV____LI_S_FLN_LWFTKK,1,mask-nan
mask-nan,MA__KARDL_GKKKEELLKQ__DL_VE_SQLRVAKV_GG_AS_LS_IRVVR___A_V_TVINQT_K_N_R_F_K_KKYKPLDLRPK_TRA____L_K_E_N_KTKK_QRKE___PLRK_AVKA,0,mask-P42766
mask-nan,MT__ELGMAF_HDLA__V_A_ILA_MIV_WLN_RK,0,mask-Q6BF25
mask-BD5xj9-A-A-78M1,GSALFLVIFAYLLG_ITF__VIAKL_GVDL___GS_N__A_N_T_____K_G_L_F_LDF_K_F_PAL_AVKS____SWVLTF_GLAS__GHMYPV_FGF__GKGVATALGVVFAVSP__ALFS_L_WLGI_LWKRYVSLA_ITAT_S___F_FVAG__V__LF_AIVIGAL_IYR_RENI___LTGREHR_G_LE_L_Q,1,mask-nan
mask-BD5wtr-C-C-TGL1,_Y_ILEL_NIIG_I__TISGSLK_T_KG_DIFG__TL_V_T__AG__IAD_L_GIYPP_ILKEL_Y_LL_VGISI_VF_FYKWLQTN__KMIIAIS_AVGLSTFATL_ASLA___G_NP_S__LIAAIVG_GGGVIRDVLVN__PMVLTKEIYA_A_LLS__I_YF__P_L_H___FV_FLGS___R_LSIKYNFNLP__EDNK_L__H_HH_,1,mask-nan
mask-BD6vpv-7-7-SQD1,I_GD_AAS_L_A_LVP_VGLV_PAV__GLL_LQIE_EA,1,mask-nan
mask-nan,M_K_LRVEDD__PVYPYGYAR_QNI___TPPF__SD_FQNFP_G__SLK_A_PIA_A_GNVS_KMGGG__L_E__GN__V_TEPP_Q__NN_I_I_LDAPF_VIGGK_TLLA__G__IITEETSPL_G_VN_LV_LTGKGLGTDT__N__SIRVRV__GG_LSF_EA___V__NK_E_MR_LWT_PDPSP___I___KDSKLTL_LTKC_SQ_L_S_S_LVVKGKFSNIN_T_NPN_A_KQIT__L____N_VL__GSTM__S_WNYRSDN__L_QP_KK_VGF__SKTAYPKQ_KPTNK_I_Q_KNKIVS_VYLG_KIDQP_VII_SFNEEA_S_YSIVFY_KW_KT_EN__FDSSSFNFSYIAQE,0,mask-P36847
mask-nan,_FIHIV_PGD_LF_IGRRYGASVD_IRGVNG_DE_NI_PGQALLI_LYV__VQ_R_TLTA___K_FVP_ER_R_ANPGISPNA___GA_IT_PSISN_I_G_____VLR_PDL___LI_D_APYSSSISIFEY_I__NGDI_NQLN_AAAIE_TWQR_V_PL_TITNL__GG__TE_VHQVLNN__AR__L_NN_Y_L_STR_Y_GVTI_FEQVSAA_R_LFTGF_RQLRDRL_A_GY__TIA_PAKTSD_I_WL_GY_Y_GIG_V_NYMFIMA__WHHA_SEP_P___ITE_RR_IEF_I_QVPS_KIII_VP_YGYDW_IP__PGTVAS____QNA_ER_MRY__P_QY_AE__SPFFRY_DQ_GR_HEV__E_VRSMSRK__IVREYRLQ____W_LTLGFT_GPW_LR_F_TI_K_,0,mask-O05495
mask-BD7ymi-a-B-SQD2,_SAW__FCS_I_STN_R___GWFG_LM__TLLT_VT_FVI_FI_APPV_IDG_REP__GSLLYG_N_I_GA_VPSSNAIG_HLYPIW_AA__DEWLYNGG_YQL_I___MIGCICY_G___E___RLG__PWICV_YSAP_AATY_V__IYP_GQ___SDGMPLG_SG_FNFMFVF_AEH___M__FHMFGVAGVLGG_L__AMHGSL_SST_VNS_SL_FFLGAWP__C_WL_AMGISTM__NLNG_NFNH__VDSQ_NVVNTWAD__NRA_L___V___RNA,1,mask-nan
mask-BD8dyp-A-A-OLC1,SL__P_V__LE__S_TAVSLTLRPP__AT_VI___ITFRSKAI__LELPDEV_VP__VT_S__QVTSQ_VGQLT_YL__AHSAQ_GPRIRF_VIRSSAISI_NQVI_W_YF__W_ISF_PQ_IMN_RR_SVI_LS_DFVAL__T_F__YS_F_IG__WVPY__EQF_L_YPN_V_P_N_NDVFF_L_AVVLT__IIVQ__LY_RGGQRVSW_AI___VLA__FA_V_MIVAA_GVI_W__FLFC_S_I_LAVTL_KYF_QAYMN_YYK_T__W___AVLLD_TG_SFSL__MF_Q_Y_NDQW_LIFGDPTKFGLGVFSIVFD_V_FIQ_FCL,1,mask-nan
mask-BD4y13-A-A-4801,MQD_DF_S_RR_MLL_FQRMETAEEVYHEI__QAQQL_Y_YYS_CVR__VP_TR_K__FYT__PE_WVSY_QAKN_LA_DPVLNP_NFS_GH_MWND__FNE___LWE__RA_GLRRG_TQ__M___RAL_FLSFS_CS_REIP__SDEL__KMQ_LV__SL__L_R_N_EIV_TPE__FS_RE__I_RWTAEG_T_AEIAMILSI_ENTVNFHQK_MQKKINAPNKT_VA_Y__A___IH_HH,1,mask-nan
mask-nan,MFHG_PATP_IGA_GNKPELYEE__LY_NAR_RE_Y_N__EL_AVVKTMQALEKAYI_DC_S_SEYTAA_SRLLV_Y__AFRQV___E__SI_EF__K___DCPLA_ERIKE_RPIT_KD_KGNLNR_IA_VVSLFI_V__K_RLEIRA____Q_D___L_ET_HRMSHLPPD_EG_QTV__W_QT_SGMS_S_ELD_S_VRQ_L_DLESA_N_FN_FLH_,0,mask-Q9UK41
mask-BD8c88-M-H-NKP1,AEYQNIF_QV_V_GP_DLC___D_NLA_R_G__PFS__LG___NAQLG_I_L_SLG_L_L__GLMW_FTI_IW__YQA_WNPAVFLRD_F_FSLEPPAPE_GL_FAAP_KEGG_W_I__FF_FV__WSWW__T_L_A_A_GM__HT_W_FLS___LWMV_GFIRPILMGS_SEA__YGIFSHLDWTNN_SL_HGNLFY_PF_G_SIAFLYGSA_LF_MH__TILAVSR_GG____EQI___GTAA_RAAL__RWTMGFNA_MEG_H_WAIWMAV_VT_TGGIGILLSG_V_DNWY_W_QN___,1,mask-nan
mask-nan,M__A__NSPT_EEE_EEE_G_ETISEP_P__RS____AEDRALGAQASV_SRSEG_GEAATA_G_A_SVP_____PWQVPAS_SE_Q_RT_RV_C_EKVI_C_DL__EM_VP__ES_NGSRTN_LN_S_KMVEMF_RT_HKIDKSHEFALVVVNDDSAWLSGL__DP__L__C__D_ET_S___F_LEG_F___QQKTELPV_E_VQTIPPPY_VRTI_VYSRPPCQPQ_S_TEPMKK_FQCP__FFD_VY_HN__EEKEE_MSWKD_FA__GSLDT_GA_Y__EVA_AG___ELH_C_AK___HPL_RPCQT__SYSLLEED_EAGE__AT_,0,mask-Q3UI43
mask-nan,MVVLA_LLPVVF__LLLLG__RAL_V_GA_LSFLL_LYL__TH_GGV_HAFQAP__PG_GVYWA__LDGLSALFFLT_ALT__LGALVA_VEGRF__LAL__EGL_LGL_AARDLLV__VFFEAA_IP___ML__YGG__RT_ALY___LFT__GS__ML_AV__ARL___S_TFL_ED__AH_LQ_EAA_W_FLG_____A_K__LF_LHA_LPPFHQENH_SGLADALGT_YKVGV_AFFR_A_P__P___AQAQGLLL_LAALS___GAWVAFAA_D_KT_LAY__LSH_GVAALGV_S_TP_GAMGGL_L__ASGVY_GGL_LL_GRLYER_G__EIGRYRGLAQSA__LAAL__ILF_AMV_LP_LSG___EFLTL_G__KASPW__A__FL_VIA_AA__L__FQ_T__EEG_SGV_DLAGA_WGFALL_VLALLL_GVFPG__A_GL_PLAEAFA___GGGA,0,mask-Q56228
mask-nan,_NSTL__NQ__HPFCLLA_GY__TVNFC_L__L_I__LTV_I__GNII_IFV_H_____N_HTTS_FIQTMAYAD_FVGVSC__PS_S_L_HPL__EESLTCQIF_FVV_V_KSVSMAS__CI_ID_YI_IT_PLTYNTLVTPW_LR_CI_L_WLYSTLVFLPSFFHWG_P_Y_GDV___CA__WHT_SYFTLF_VMMLYAPAALIVCFT__N_____QQ_TKDIS_R_A_FS_Q_GE_GEVQACPDKRY__VL_RIT__FYI__LPYI_YFL_E____H_N_F_S_LTTWLAI_NSFCNCVIYSL_NSV_Q__LK__S_AM_T_C_SQTTA__PY__RSKGPLNG_HI,0,mask-Q99679
mask-BD3c9l-A-A-PLM1,MNG_E_PNFY_PFSNKTGV__SP__A__YYLA_PWQFSM__AYMFL__ML_FP__FLTLYVT_QHK_LRTPLNYI__NLA__DLFMVF_G___TL_TS_HGY_VFGPTGCNLE_F__TLG_E_ALWS__VLA__RY____KPMSNFRFG__HAI_GV_F___MA_AC__P_L_GWS_YIPE_MQC_CGIDYYTPHEET_NESF_I_MFVVHF_IPL_V_FFC__QL_FTV_EAAAQQQESAT_QK__KEV__MVI_M_IAF___WLP__GVAFYIF_HQGS_FGP__MTI____A__SA_YNP_I_IMMN_QF_NC_VT__C__KNPL_DDEAST_V_KTE_SQVAPA,1,mask-nan
mask-nan,MAVLA_L__LVY__PRL_R____PYYLL_AL_SAAFL_VR_L____HG__TQREDGNP__FDWR_V_IL_FLS__VMMKNRRSITV__H_GNIFM_SKV__TILFF_LDI___LL_ITLCIVFLMTCKP___MG__YIKYFNDKTIDE_LERDKR_T_IVE_FANW___CQSFAPIYA_L__KYNC_GLN___VD_GRYTDV__R___ST_PLTK__P_LI_F__G_E___R_Q_DKKGR_V_W_FS_E_VIREF_LNELY_R_KK_SKAGDNI_EEQ_VASTPTTVSDGENKKD_,0,mask-Q9Y320
mask-nan,__KEFGRPQRV_Q____E__LI_Q_E_K_P_LGMMTT_SG__M_RD_AYA_V_V__LN_KD_DAV_AGI_AL_EASGFIRSL_G_AMRLR_V__L_F_YDNS_VEGMRMSNLVTSVVK_D__RRVNPDDSKED,0,mask-P0A7G2
mask-BD7qrm-D-D-PGT1,M_S_TL_SATPS_L_SSKN___APSLALAKA_RVNVL_S_ER_RG__L_CQATSIPADN_P_M_KR_TLNLLL_G__SLPTGYML_PYASF_V_PGGGAG_GG_I___ALGNDVIAA_WL_THAPGD_T_T__LK___T_LV__S_KTL_TF__NAVCTHLGCVVPF_AA_NKFICPCHG_QYNNQGRV__G_A___LA_AHC_VDD__VVFV___ET____G_APW_S_,1,mask-nan
mask-BD7qhm-H-H-PLM1,__A_QITQTSSQ__AV_GNQ_GSANDPV_VR__TVH__TDGEAGV__TAIN_DTSH_SHT_ES__VDGEEVE_D_AE_I___C_LVA_IQSELDLIE__E__C_QHVA___ENPGFAYGGV_PV_FVFDTGAI_I__TVSA_VLE_G_EN_EVGG___E_SHH,1,mask-nan
mask-BD3o4k-A-C-LTC1,E_PPACGS___R_E__ALA__CRERL__PVRY_VVSHTA__HC_TPA_CA__AQNV_SYH_RNLGW_DVGY_FLI__D_LV_EG_G__IKGAHAGP_W_PI_IGISFMGNYM_RV_PP___RAA_NLLACGV__GAL_S_YEVK_H__V__TLSPGDR_Y___QTWSHYRA,1,mask-nan
mask-nan,_RIPRI__PIS_ENQT_CY_S_D_ANHVAR_LR__EGEQL__FDGS___YP_KII_SN_K__KVEI__R__AD___HLKIHL_QVISRG_RME_T_QK__E_G_N__T_L__E_CG_KL_AERMDKKI_QWQK_AI_ACEQ__RNI_PEIRPLMKL_DW_AEN_GA_K_N_HPR_HYSIKT_PTIP_G__RLLIGSE__LSA_EIA_TEQQGFTEILL_KRVLRTETA_L_AIS_LQI_FGD___,0,mask-P44627
mask-nan,MNH__FSWG_PA___Y__Y_TQ_ANAGASP_VNTQQP_VTGT_VISMKYDN_V_IAA__LG_Y_S__RF___ER_IPVG__TV_GISG_ISDMQHIE_L_KDLV_ENAYDNP__DAEEALEPS_IFE_L__V__QRRSKMN_L_NAIIVA_V__N_DQ__RYVN_LGVT_SSP__ATGFGAH__N_LLRKV_DRESDIP_T_VQVA__A_VN_MR_L_Y_DARS_RN_SLAIIDKN_GLTFK____VE_MKW__AKDI__YGT_K_,0,mask-P30657
mask-nan,MSSYT_QL_TYI_M_S_GET_L_T_EK__KG_P_LF_FN__IF_ESYR_I_ET_FIRNFY_RE_G_____LFKFH_ET_LMINM_YFNKLF_S_LI__DPLENTRVGVKSN_K__TD_ND__D__Q_L__N_TS_TD_K_NDT_KTT____SSGSGSITDDN_KR_LNADTADDRL_LT__DG__VLEY_SQI_EHNENK_RDTK_SN_T_TTSN_TGTSTLDSD_K_S_K_NTTSN_KLNSQINSV___IEDRVG_IGTQS__RLVMD_REAL_R__QR_FN_M_E_F_LVY,0,mask-P68930
mask-BD7wg5-e-e-SQD1,M_TVT_LS_KS_PKVTDSK_GARVSDQIVNVV___K_GRRLK___LV_A___SQIE_DIN_DPIG__ETNS_EM_DFKYGYYDGAHTYYEGEVQKG_F__AIA_D_AA_DQTNG_Q_LISCMFLPAIAL__YF____EYL_IG_A_F_VV__II_____DQ_HNF_PQI_KLE_G__DKL_ND_NT__I_DFND_YGDV_DF_IEKD__ATR,1,mask-nan
mask-BD6rnk-A-A-OLC1,DY__DDDKA_NLSCEN_LA_EN_LE__YLSAF__IEF_VGM_G_F_VV_GY_F_M__WNSS_V_LFNLSISDL_FLCTLPML_R_YATGN_TYGD_L__SNR__LH_N__T__L_LTFIS_D__LLMKFP__EHILQK__F_I_IS__V_VL_TLEVLPM_T_I_ST_I_K_DSC_DYASSGNP_Y_LIYSLCLT_LGFLIP_SVM_FFYYK__VFLKKRSQQQATVL_LNK_LR_VV_AVVI_SVLFTP__IMRNVRIAS_LDS_PQG_SQ_A_NCLYILT_P_AF__SAV__I__F___DH__DML_SK___YFKS_TS__LLEVL_QGPHH_____H_H,1,mask-nan
mask-BD7yxa-B-B-OLA1,__T__A_SYIFCLVF_DYK__DDAGR_MESG_LR_APVSEVI_L___Y_GKLRGA_YQ__A_LRADA_VC_A__AFI_LENLAVLL__GR_PR_HAPMF_LLGSLTLS_LLAGA_Y_A__L__G__TLKL__ALW_ARE_G_FVAL___V_SL_A_A_ERSLT_ARRGPA_VS_RGRTLAM___AWGVSL_LGLLP_LGWNCL_RLDACSTVLPL_AKAYVLF___AF___LAAI_ALYARIY_QV_A__AD_E__WET_N_NL_VIE_A_NAAQV__ALTKM_AAALD__KAT_PKLE_KSPDSPEM_DF_H_FDI____I_D_LK_AN_GK__E_QAAAEQ_K__RNAY____LR__PRSLALL_T_S__L_A_____GPLF_LL_LDV_CPARTCPVLLQA____GL_MANSL_N_I_YT_TNR_LRHA__R_VGRPLEVLFQ_PHHHHHHHHHH,1,mask-nan
mask-nan,MS_S_Y___AM__LVA_FV_G_ATAWA___YPAKSAGYN_GDWVASF_FSKVYVGEEL__LN_GGGALP__D_SI_NDTTLTFDIAYF_SSNIAVDF__GVPAR_K_QGE_SI__L_RV_E__YGPA_LSLQ_HYD_F_R_YPYV__GVGRVLF__K_DGAL__FD___K_AP_FQV__RY_L__SW_LN__V__IPFKTD_T_TLGPVPVST__E_D_FILSL__SYVF,0,mask-Q00595
mask-nan,M_VAGAAKLVVAVA_FLLTFYV__QVF____DA_LGNLFARSALDSA_RST__PRY__GISKA___KH_AFKM_SG_ANVV_PKIC____VLM_GVKNN_G_GINIA_VNGKT_EVIDT_FFD__GG_V____E___TIQ___VV_MA_Y__GA_KLTD_A_RLIAEL____ITSL_FRDNWVFCGG__IKTKSP_EQHI_NNK__NKYEGWPE__EM__C_P_KQD,0,mask-Q91VU0
mask-nan,MAVHQYTVALFLAVALVAGPAA_YAA__GYG__T_AAP____TP_TPAAPAEAAP_G__TT_EQKL_EKINAGFKAALAAAA__QP_D____FV___GAA_N__FAEG_SGEPKGAA_____AA_TSKLDA_Y_L_YK_A__ATP_AKY_A__AT_S_A__I_AGT_EVHAV__AA_EVKVIP_GELQVIEK___AFKVAATAA__AP_N_KFTVFE_AFNDA_KASTGGAY___KFIPAL__AVKQAYA_TV_TA_E___T_F___LKKAITA_S_AQ_AA_P__AATAT___AVGA_TGAA_AA_GGYK_,0,mask-Q40960
mask-nan,MGQ_ISGGVK_VSRNDS_ST_K___PRE_QA_F__PA_I_ILLDMPPASRD_QLKHS___EDR_LN_F_KED_K____R__VAQSTDC_R__VGL_KGLH___IYW__R_RGTH_VV__CT_DAPLH_VGYQS_V__TEQSWG_DL_RN_LYHD_KNCAGV_Y__ILKND_AFLVPDK__VALDM_E_TLSFIVDQQY_GIAFRG_RGKKL_PIVSAVWGHCEIT_R___G__PEPL____LC__T_RQK_G_T_L___IQQ__LPLSMKTY_L_KNRR,0,mask-A1Z6E0
mask-BD6yt4-A-A-BOG1,MT___GN_NFEN__GATEGF_EI_YQ_T_HILTLG__VML__LLY_IL__KNVDKK_QMSNILSAVV_VS_F_LLYAQAQ__T__F__N___GRY_L_P_GDLF_N_Y_YLAWLIDVP_LLFQILFVVSLTT__F__V_NQF_FSG_MMIIT_YIGQFYEVSNLT__L__G_ISS_FFFHI_WV_KK__NEGKE_IS_AGQ__LS_I_I__LIS___YP_AYLMPYLTG_DGFLYSEDGVM_RQLVYT_AD__SKVIY___LG_L___L_KNKE_V_ANSL___HHH_,1,mask-nan
mask-nan,_DPN__SSF_D_L__MS_MQLESSS_DLNGMI_QFES_K_YRD_LG__VMR_G_L_SLQNR__K___QLG_KFE_IR_LIEE_RH_LKI__NSFEQI_FMQA_HLLLE__QE_RTFS_QLI,0,mask-P03508
mask-BD7ymi-C-1-SQD1,AAG__RATTG_G__AGNARLT_LSGQL_GA_IAHA_MIT_WA_A__L_EV_H_IPEKPM_EQG_ILLA_LAAEGF_V_P_G_VI_TYPYFVIGA__LIASAVL_FGGLYHT_RGP__FEDYSD__GYDW_D__KMMQILGI_L_FLG__ALA__AKAMFFGG_YDPWA__GGNVRLI_N_T_NLGTFLG_IT__PWG____IV__N_LE_VV____LV_VH_I_GGVFHILVKPWGWVR_AY_WSGEA___YSLG_LY_____AVGYV__NNT__P_E_Y__TA__ASQA_AM_F_IR_Q__GY_MRS_SGE_IFG_ETMRFW_FRGP__E_LR_PNGL___K_RN___PWQA_R_A_Y_THAPNY_SPRSWL_T_HFC_AFFFFVGH__HSG__RAAAAGFEKGI_RKT_Y__S_PD_D,1,mask-nan
mask-nan,MQPFDSGHD_LVHD__YDFY_R_VA_C_SDQHIK____DK__SNWEL___WRAH__S_VAIDWASP_YG__IAS____K_VKLWE_DPDQEE_SG__WNKL__LND___S_YSVKFAPA__GL_LAC_GNDG_LRLYDAL__SDL_SWTL_SE_KVL___PANH_QSD_CLSWCPS__SPEK__VSA_EQ__IY_R___GK__VAA_LPGHKSLI_SISWAPS_GR_YQLI__GCK_G_I_IFKIT_KLS_LASE_SL_NSN_FDN_A_VDM___GRSDSN_EEKAELQ__LQVE__S_HDD_N_EVWS_SW_LT_TILSSA_D___V_L__ATYSNEFKC_SVI_AQQ,0,mask-P53011
mask-nan,MASVA_T__EALR_APFRVGK_QIFLP__V_TFV_PLPK__PN_ATFI_PLEFNK_D_RD_LYHV___EVT___SFVNQR_HEQRHGD_GNWRRP_S_KMMI__LA____W_K__AED_REA__Y_M_K_QK_AQEQDTK_QGIRAQ_E_VPPS_FE__KD__A_KARQSKFLS___TW_PGK_NAFLNSKIV____GW_EVEENLP_D_SAESA_E_SS_KGSE_R_,0,mask-Q7SA60
mask-nan,MAS_S___TLLKPNLP__K_TIIASSVSPPLPPPRR_HLLRRDF__LAA_STL__Q__QF_APAP_S_AEDE_YI__T_AV_SK_RS_L_M_KTDPNVADAVA_LR__S_S_VA_Y_KEKALLGKA_F_DI_S__NA__GH__SFGPT_PI___R__RILEEME__EKAL_RGR,0,mask-Q9LR64
mask-BD6w1o-M-M-STE1,MEV_QLGL_A_AL_VLVP_VFLIIL_V__ESQ_KS_,1,mask-nan
mask-nan,MKL_LLL_SVLC__LIVSA_P_DE_T_QES___LS_DTSD_Y_QEEDT_E_G_DAG_EDGNSEDD_SEL_SSSE_GHEDG_E_ATG_EGGAGEKG_AGEED_AGEEGEAGEEGE_GE_GG_G__G_AGEEGG_D_E__AGEEGG_EGG_ESPV_T_H__HN__KNIMNVGT_N_Y__S_I_ARLQ__LMNPT_D_V_SISKYSK_K_CFDSLADDV___VE_SE_SYEECSKD_N_____SEGT__LDEGLIE_____S____EKR_SE,0,mask-Q7YT37
mask-nan,MAIQPPGSYPQGNK_GK_KKK_GQ___ARK___T____SIF_NNING_TLMT_SA__NS_M__I_RRYD_N__DLTG_NDVGH_KFIFKIGDIKGS_CVG__DGM_LTSD_HKA_IKKWH___E_QKD_V_KDGSVFR_F_M____RH___VK_TCYV__SDEKKI__IMFD__EEEL_GCDVQ_IMKKL_NE___KRIEE_GSEI_PL_NCCVR_VK_IKSHQ_ASVGQQE__D_IT_,0,mask-Q8SS05
mask-nan,MKSNFIEKNN_EK_I__SP__IMA__GMPGSVAG___R___QGWTKQKKEGVKGGK_V_YDV__MP_KEREQVIAHLGLS_PDTGAQA_EK_DSSEL__K_TT___N_I_E__P_EA___LKLL_KGG_LA_M_LVFNEQKLYSFIGFSQ_SIQTLM______EEKRKEI_SKY_IH___SV___S_E_QEV_KAV,0,mask-P06019
mask-nan,MET__ITV_IVVTF___L_VFGFLSGD_ARNPK_KD__,0,mask-P12240
mask-nan,FNPVGV__K_NNGK_LSR__RSGIDY__F_KDN_D,0,mask-C0HM25
mask-nan,_G_K__KKKVEEV_EEE_EEYVVE_V_DRRVVKG_VEYLLKWKG_SDED__WE_EE_LDCP_LIA_F_QSQKT_H__DK_E__KR_AD_D__DKGEE_KPKK_KEE_EKP_GFARG_EPE__I_ATDS_GE_MF_MK__NSD__D_VPAKE__VKC_QVVISF__ER_T___YP_EDDD__DDKN,0,mask-P83916
mask-nan,_SRFSI_GKSLKL_AITTEDEKSV_A__LE_D__K_IVL_____GTEAA_WLSE_IASKKD_EIAEFS_IFT__VKD_IPEAL__LLQALL_CP_L_TVR__DNAF___AQE_LI_F__KHT__EHL_L__NGL_PQ_GAKIARAL_E_AVNKKAKN_P___SI_CGRNRLENGSM_EWAKT_QSHRL_H___MVQ_G_RPEGI_HLLLEG_AYCQ_L___DLQDNTFT_LGSSALAI_L___PN_RELGL_D__LSA__AAAVV_AFSKLENI_LQT_R__YNEIELDAV____TVID__MPD__F_ELN_N__SEEDD__DEIREV__TRGRGELD_L__ME_L_DE_EEDEE_EAE_QSP__E__EEEKE_K___DELSK___,0,mask-P41391
mask-nan,M_ESFKEH_QEA_EDLGA___RKFKS_LG_RRQE__VT__AIEKL_DEIDL_D__VGV_TS_DAVSVT__I_R___CNAVAD_LLRNTGQS__KGAL_DE_KC__SKAV__VAFSK_NFIDEH___LI_RVN_VDPI_D_L__KKV_TNE_Y__IRN_ETPQK_MREL_TGPIT__G__G__V_YDALRE_NKFLM_DL_DAE,0,mask-Q9I9N6
mask-BD6iiu-A-A-OLC1,DY_DD_D_APA_____W_TLN__L_VIEKADNAAQ_K_ALTKMRAA_L_A_KATP_K__DKS_D_P_M__FRH_F_ILVGQI_DALK_AN_G_VKEAQA_A_Q___TR_A_IQK_LPC_R_TNITL___R_IASPWFAAS_CVV_LAS_L_A__VL_G_RQGGSHTRSS_LTFLC__VLTD_LGL_VTG_IVVS_HAA__E___V_P__RLC_FMGVVMIFF__SP__LG_A____R_LGI_R_FSRPAVAS_RR_WA_VGLVW__ALALGLLPLLGVGRYTVQYPGSWCF_TLGAE_GDV_F_LLFSM__GLSVG___L__T_SVATLCH_YHG_KK_TCT___YIYN_EDGDP_N____GT_FKD_P__W__PLCG_GKD__EEVEERDSEV___AQALGIM_VASVCW_P_L__IAQTVLRNPPAMSPAG___R__E_E_LIY_RV_TW___LDPWV_I__R_A_LRRL_PRLEFLEVLFQ,1,mask-nan
mask-BD7pi0-J-J-DGA1,I_RIP_WLVG_VVGL_AIGL____FYG_YVG_GSSL,1,mask-nan
mask-BD5gli-A-A-OLA1,_GGLAP_E_PKGDRT_GS___TISP_PCQG_IEIK__FKYIN____CLVFVLG_IGNS_L_Y_IY_N__M_NGPNI_IAS_ALG__LHI___IPI_VY_L___D_PFGAEMCKLVPF_QKA_VGIT_L_L__LSIDRYRAVAS_SRIK__G___WT_VEIVLIW_____L_VPE_IG_DI__M_YKGSYLRICLLHP_QKTAFM___AT_KDWWLFSFYFC_P_A_TAFFYT_MT_EMLR_N_FEMLRID_G_GSG_DE__KLF_Q_V___V___L_N_KLK_V_DS___V_RAALINMVFQM__TGVAGF_NS_RMLQQ_RW_EA__N_AKS____QTPNRAKR__TTFRTGTWDA_LND_LK_RRE___T__CL__VF__C_LPLHLAR__K_TLYNQ_DP_RCEL___LL_LDYIGINMASLN_CANPIA_YLVSKR___AFKSALCC_AQ_PSSE_LYF_,1,mask-nan
mask-BD6idp-A-A-OLC1,MA_Q_STSSLAKQLFQM_W_ML__VLSL__F_L_DS_FIG_LG_LPLAA_GFTM_IQ_VI_GI__G__IA__AV_SRAIGAGKTE_A__LG__VIVI_G_G_AL_A_VLYLLR_PLLGLLGA__TVFAIIDHY_LWWLA__WTGA_L_F_YS__R_NGNT_LP__LMMV_S__NLILDPI__F_FD_GI_GAAIA_I___GV_I__V_P_VA_RQW__YQWQDLN_SQ_LT________A_LSQLL_PLSSMF_T_LL_SFGTA_V_AW_LGS_FEFFA_VAV_AMTM_LPPM__R_L_A__ITHIR___RIACQFVLGFQLLIA_VT___ATPLAE_MT_ETEVSQI__LHL___PISL_AL_IC_LM_SVANALGKSY_A_TISALRL_AFYLPC_WLG__FYGI_GL_IG_LVGN_IAG_AA_L_YQKA_RS__LYF_,1,mask-nan
mask-nan,M_N_P_I_ALGLLALL_AAA_P_A___CG__PNF__SKFG_C_T__A__G_GC_SGP_RSG___GGGGGGG_GGSG_ANVANV_TD__FNGIK_QAGSG_EGKN_YTRSA_L_AVNAYPGF__GGTEV____EIAA_F_H_TH_TGHFCYI_EI_KS_AY_D_SNRQ___AAGQKYYG_G_LQISW__N_GP_GRDI_FN__ADP__VAQDAVIAFKTAL_F_MNNVH___PQGFG__IR_I_GALECNGNN_AQMN_R_GYY_Q_C_Q_RV_PGPN_T_,0,mask-P29022
mask-nan,_Y_AT__IKLKKGVLNP_GRTI_RAL_FLGFN_V_E_QT_KMI_IIMEG_N_EK_KEE____C__LL_NP_IHDY_IKVEKIE,0,mask-Q58988
mask-nan,_IFL_SVIKVID_S_A__AECIK_IRK_SPKSPA_VG_RIVCV__KAK__T_NI_G__NT_R_K_GDI__AIV__S_QRNMCRKDG_TV__GDTACV_IN_N_GEP_GTR_MANDGC_DRTLKD__YNKIC_L_S__I,0,mask-P35996
mask-BD6nv1-A-A-OLC1,M__LT_VE_PT_NE_ECKC____DPLAV__SII_ILH__LWILDRLFFKFIYR_LKY_LK_GPST_GVP_SMR__YRQ_QQ_AVDV__GHFVN__L_,1,mask-nan
mask-nan,M_QAMD_GHL___NVDK_V_AG__VMVYIAFLSDR_SA_ITDEALRH_VGVLL____FT_FS_EK____PQ__EE_PEMD_LI__Q__LGG__KGR___F_QLVAKDVGAALYDRFC_FVRV__GVDESR_DA_G_PRSE__AP__EGWIKYNSRV_SGTFG__QGLRFE_EGP_T_M__I,0,mask-P84066
mask-nan,MS_LG__LTI_LLLFPI_A_L_DGDQPADRPAER__YDI__EV_RL_ERRHP___MY_RCRR__GCSSASCC___,0,mask-P56529
mask-nan,M__VED_YVV___N_WPAPSAFLYP_P__TLLPGQSPDEAFAR__V___VPG_E_NWK_VVI_K_VWIYG_R_H_EDFRPR_IIHIM__LDN_MD_RIQ_LT__G_DSPD_L_PFSA_LTNQMALWCIDPRI_IRGCSFYN_G_A____ERSERDTGF__GRGQ_M___CRFR_CRIG_ANGGSV__G_ASQN_FSDCQI__N_____W__S__VA___R_MYLHTQG_WYEGAA_NFN__H_S_TSNT_NH__YG_NLW__EFQLPD_VINLAGFYFDN__AR_PNFS______GDMKL_NFLP_STF_INGGAL_GG_GDTG__AV_TAL__KVFVI_CQ_N__Q_IV_VPAANI_PEVGTRKD__TQP_A,0,mask-A9CB85
mask-nan,M_DDEK_EIL_EFD__SQLEQAN_NP_KDVK_K_DDPNRAA_EE__RDI_AQDKG_E_PFYDFQIFIKQLQTPGAD_LVKYTK_F___F__QR_LWT_SEEIK_ISDFK__IYD_F__YEPFR__D_SKMR_A_EGM_K__M__LY_RCF_PSLYEILQ_PL_DE_M_DLTNDD_LLE_IRHY___SPIMLDIPDTMPNARL_KF__LAS_ELG__NRFKSPRDKM_CVL_ASK_I_GL_KHTKLEQNG_D_FI_VLI__ILKG__RYLVS_VNYIE_F____FIRGE_EYY__SLQAALNFIMNLT___LT_EDH_D_E____RNF__LAE_K____KKKQLE__DE_QPNGTLLKPL_EV_N_VISK_NELFS_IGE_T_E_ALK_E__NKEEDV_S____IEE___KD_L_TL_NMFPDM__S_I__V__A_K___GP_V_ALLS__E,0,mask-P54787
mask-BD6exs-A-A-OLC1,QTIQSIP_K___GHPRGL_VLF_VE_WER_SYYGMRAML__YMY_AIH_NGL_I___T___IMSVY__L_YMSSIPG_WI_DRITG_RGA_LLG_VL____H_CLS___ALFGLF__MF_II_G_GLMK__ISNIV_R___E_D_RI_AGF__FYMSVNL___ISP_I_Q_FVD_RNFH_GFLL_AIGMALGLV_YL_FNR_NLGSVGMA_TNPL_KEEKRKYG_IIGIIVAIV_VVLLVT_Y_HTLSF_LI_NT_L__GVAL_IIYFT___RSK_VT_G_RS_VKAFI_L_ILGML__SIQEQGSNV_NIYGLERSD____LFGWTTR__EALFQS_N_LFILLFAPV__MIW__MGKKQP_LAIKFSI__L__GLS__L_GLV_LG_GHT___V__V_L_YVICV___L__S_TGNSAAV_LAPKAF_A_MM_VWLLTN_S__A__GT_V__IK_LG__NYF__L__VA_VI__II__FSPKITK,1,mask-nan
mask-nan,_GSGDLNLLKS_NP_LM_NR____ETE_DLITE_QK_N_RL_EI_KE__LNELLNESS_DKP__LKND_AL__SGLE__Y_DAK_SDEK_D___GKK_L_SSIL___AT_P_RA_TT_S__GAATSISS_KK__KLLKDD__SKFK_TKQQRRT_DSTKK_AM___GKPLSKPA_DLDY,0,mask-P53854
mask-BD6exs-A-A-OLC1,QTIQ_I___GF_GHPRGL_V__FVEFWE__SYY___AML____YFAIHQ__LGI_KT__M_IM__YGALIYMSSIPGAWIAD_ITG__GATL_GAVLII_G__C_SLPFA_FGLF_S_FFIIIG_G__KPNISNIV___YPEN__RI_AGFVIFY__V_LGALISPIIL_____IRNF_GG__LAAI_M___LVWYL__N_KN_GSV__A_T__L__EEKRKYG_I_GIIV_IVIVV_L_TYYTHTLSF____NT_LVLGVALP__YF___LRS__VTDG__SRV___IPLFILG___W___EQGS___N_YGL_R_DMQLNLF_WTT_FG__LFQSI_PLF_LLFAPVI__I__KMG_KQ__LA_KF_IGT__AGLSY_LIGLVGLGYGHTQFSVNWVILSYVI_VI_ELCL__T_NSA_V_LAPKAFNAQMMS_W_LTNA__QAIN__L_KLIKP_G_TN_FIFL___AIVITLIILV_S__ITK,1,mask-nan
mask-nan,_NVL_YS_N_L_GLYAISGVEVGQ___W__G_FQI_GQ_LIT__VV__IL_G_AA_A_RSPQTIP_GGQNFF_Y_L_FIR_V_KT__GEEYRP__P_IGTM_LF_FV__W_GA__PWKIIQLPH_ELAAPT_DINTTVA_ALL_SVAYFYAGL__KGL__F_KYIQP_PIL_P__ILEDFT_P_SLSF_LF_N___DEL_VVV_V_LVP_VVPI_VMFL_L_T_G_Q__I_ATLAAAYIG__LE_HH,0,mask-P06451
mask-BD6fmr-A-A-78M1,GKT_FGQPLGL_T_FMTEMWERFS_YG_R_ILLYYMWF_IST____I_RAT__SIM__Y_SMV____TIGGFV_DRIIGARPA_FWG__L_ML__IVLAL__G__AL__SII__IIGT_FLKPNVSTLVGTLYDE_DRRRD_GF_IF_F_IN_GAF__PLIVGA_Q_AA_YHV_FS_A_IG__IGLLVYYFGGKKTLDPHY_RP_DPL_PEEV_P_L_KV_LAV__FIA_IVV_NLVGW__L_AYINLLTIV__A_PV___AWMISS_KV__TEH_RVVS__PLF__AVLFW__EEQ_SV__ATF_AE__DSSW_P___FQSLN_LFIML__PF__WLWTA_KK_QP__P__FAVGLMFAGL__LLM_IPG_LYG___KV_PLWLV__WA_VILG_M_ISPVGLS_TT__APKA_NSQ__S_WFLS_SV___LNA_LV____AK__VAYFS__GLGS_VLG_V_VFLSK_I_GLM,1,mask-nan
mask-BD4qnd-A-A-MYS1,GPGSMALI_RI__AL_PL_L_M__ISPL_TMPQL_K___SH_E__LGLSL_TW_LYSFIAL_WTIYG_Y__N__IWVGNC_GFLMYV___V__IAHTGGTY,1,mask-nan
mask-nan,_A_LYV__GNKERG_NDPPQ_S__LQTQA_GPRR_LLTKRV_APQ_GSPR__A_ET__GPPPMGP_P___KAPRSP_VG_GP_S__EP_SFP_E_EAVMED___P_EQ_L__CRGHTRK___DD___R_ALLQEQWAGG_LS_PV_KRMAL___E_SSHRWDAADDIHR_LM__H__EVSQWM_GVKR_IAEKR__FSEE__NEE_S_A_AEKNH_IP_FQQA_,0,mask-Q9HD15
mask-nan,D_AIRCTGT__CY_P_RYI__CFNSRCINK__KCYG__,0,mask-P58490
mask-BD6l7o-A-L-SQD1,_SGIDLQGQ_ISA_QSLGLSHDLAKLLW_PL_ML_M__VA_V___VAV_LER_IS_A_QQRI_PEY__PLGILAPL_D_L_L_FK___LPAN_DR____L_P_VVVIPVF__Y_I_PF_QNL_ISNLAM_V_LWIALS_I__I_LLMAGYASNNKYSLL_GLRA_AQSI_YEI__ALA_LAVAMMS_GLGT_EI__Q_SQYG_LSWN_W_QPIGFLV_WIAALA_CE_LP_DLPE_EE_L_AGY_TEYAG_KF__FY__AY_NLVL_A_LVS__YFGG__F_IP_E__AN__GVS___P_LQ__FAVLGITMT___AY_FVFL_IL__W_VP_VRID_LLDL_W_F_L_VGLVNLLL___L_LA_PVAFG_,1,mask-nan
mask-nan,MRVL_IE___AI_QS_E_MLK_ESFNVYT_DL_EEGIDLGKL_DY_I_L__L_LPDM_GYE_LR_LRLS_V_TP_L_LSG__GIE_K_RGLG______MT_PFHKD___ARIHA_VR_S_GH_QS_ITTGDLVVNL_A_TVEV_GQRVHLT_KE_QML___SL_KGT_L_KEMF_NHLYG_MDEP_LKIIDVF_CKLRKKLDAV_G__S_IETV_GR__VLRE_DAE____A,0,mask-Q2YQA4
mask-BD5oy0-L-L-SQD1,MA_S_QVV_A_N_DPFVGHLSTPISDSAFTRTF_G_LPAYRK___PILRGLEVG__HGY_LIGPWTL_GPLR__EY_YI___I_A_AL__V_TA__SSYGL_T_QGEQG_G__L_TA___S__A_GF__GGM__AFV_YFLLENLSVVD_IF_G_FN,1,mask-nan
mask-nan,M__Q__FTLL__L__IA_F__LA_ATY_M__S_MQTDQAT___E__MRELVRA__AL_RD__QAVERP_RDEL_DNRG_FL__GENDQ_VE__RGG__NP_GQARSRL_RVR_SL_G_TLERRYW_VL__A__SK_RVQQVLDGVT_L_W____K_HNWQGHW_TDEGS__ERL_SLP__VEMTLEH_HYGKLVRVWR__DPPLK_DQPQGQ_GGENGE_GE_GVP_PPE_MP__PE,0,mask-Q00517
mask-BD8wb4-S-5-SQD1,DHKRSRMM_S_AL_AVGL_VGAEA_A_T__V_GAKLALRT_ST_S_AT_G_KMA___NAI___A_YLT_AVP_VPF_DEITG_PQ_L_A_IV_FGS_I__WL_FA_P_WSA_YK__G_DTA_WV_VSQ_TEDAPGIGL_GKYAPE_DG__FRE_LEYVLSF_WK_PI_I_WKPRA_LDR__M_PAR_TVV_S__KSL_GALDKTA__D_E__LLILS_ME_F_ETELG_RR_A_A_AAGWF__NP__GKSLIEYSEETKKGM_E__T_SI_AKE_AAL__EA_KK,1,mask-nan
mask-nan,MD__TVSSFQDILLRMSKMQL_SSSG_LNGMI_Q__SLKLYRD__GEA_MRMGDLH__QNR______QLGQK_EE_RWL_E_VR___KIT_N___QIT__QALH_L_E_EQEI_TFSF_LI,0,mask-P03508
mask-BD4xt1-A-A-SIN1,_YK_DDDAMTPT_TT__LTTEFDYD_DATP__F_DVLNQSK_V_L_L___VFLFGSIG_FL_IFTIT_RR_IQC__DVY__NL_AA_LLFV___P_WMQ__LDH_S___V___LLTAC_YVAM___LCFITEIA_D__YA_VYM___P_KQACLF__FWWIFA_IIAI__FM_VTKKDNQCMTDY__LE_SYPIILNV_LM_GA_V___SVISY_Y_R__RIV_VSQSRHKGR_VRVLIAVV_VFIIFWLP__LT_FV____LLKWI_S_CEFE_SLK_AL_LTE_LAFC__C_N_LLYVFVG__FRQEL_C_L_EF_Q_LFSRD___YHSM__SR__S_SR_ETS_DTLS_EVCRVSQI_P,1,mask-nan
mask-nan,MTA__VGLTST_AEVRGFI_Q__SP_K__I_F_AF_VSNTNS_TK__PK_L___NVNVGP_MIISTPQRL_SSGSVLIGSPYT_AP___T_THIAE_TGWVPGDRK_ARK_ID__FSESKRSKKGDKNGK____FS_KV_EKVQ__G_T__NEVAD_LV_EFTNS_NH__A__AYDQ__IRRRVY___NVLM_M_I__K___E__WI_LPTNS_QECQ__EIEKQRRI_RI_Q_RA__QEL_L__IAFKNL_QRNR_N_Q_NQG_P_L_STIQ_PFIIIN_S_KT__DCSI_S_KFEYLFNF_NTF__HD_IE_L_RMG_SFGL_SG_CSL_DL_LAKSLV_KA_EGYI_D___G_SW__QGLLLNSTQ_VS_LDLTT__TLPQ_SVNQGLC_DA_V__A_GQ_LAPN_HQSSSA___CSE_R__T__SFND_DEE_D__DSSSPE,0,mask-Q14188
mask-nan,_T__Q_FEP_D___TNNVNLD_L_EN_PLE_Y_EYM_IWPDLFF__S__TVDPTFKHNI_GYM_AKTEGK__EWHTHI_A_T_A_RF_RISLASK_C_TLET__D_MP_E_NFIDLF_KCNNQ_A_K_YE_LGY_V_RR____Y__A_DGYPDT_K_VDDNKDAF_MRK_M__DRNRS_RPDGRS__CYPH_VRF,0,mask-Q06504
mask-nan,M_TLL_TGFEPFH__PD_PSA___QELHGLE_PGG_G_HSAL__V__HAA_AALT__LSEQ_P_A_LLT__AAGRP___LE_V_VGVMDFQ_PD_AGQ_Y_DQPIEP_APAAYLAT_PLR_____W__A___GD_SNS_GLYVCNF__YHALH_LR_HGRGAVPCG_LHVP__A_V_LAV_A__PPLPYL_QSEI__AV_VAAEAITAQ___LQMGKM,0,mask-Q9RX25
mask-nan,M__WLIGGGR___G_AEK___QTI_EEQ_QN_YT__LVLKA_HDIV_FLVQLDD_R_ASAGD__IV_V__A__GE_LLELN_H__KIT_I_TFPSLESC_E_NQLILTA_A_RT_IVWDGDTTRQ_QRISCF_STVKCLTV__RL_VWL___ND__VWN_K_DL__KT_HLSDTGIS_LVEIP_NCVVA_VG_ELII_RLVAP_EGS_E_DI____RL___QD_ILS_IN_ND__FVT_SHV___IIW__L__T_Q___RNFW_PSPQLDTQQ_IKL_Q_SNDIS___F__DEE_V__AVGR_L_VYSLQM___IA_QKT_H_SNVL_V_RLPN___IS_SE_GSVRI__LREKQQLAAE_VPTGFF_M_GFG_V_KQ_S_P_KK____ATSCSLEL_GDL__HSSSVEM_LYF__HGL_T_SADHLI_LWKNGER_SGLRSLR_FQKLEE_GDLY_AV,0,mask-Q9HAD4
mask-nan,MRFAIV_T_PAYGTQQA__AF__AQA_IADGH_L_SV_FYR_GV_NA_Q___PA_____LVRA_QQLNA_H_VA_NICV_AA___GV_DET_AGRL_LASSNLQQGFT__GLG_LAEAS__C_RVVQF,0,mask-P45532
mask-nan,M_AGF_TV__L_Y_RRFLKE_CRPD_R_L__FRTTT_NI_S_STA__SALVKLGNT_VICG__AE_A_PSTD__DKG_V_PNVDL_P_C_SRF__GPP_E_AQVAS_F_A_V_E__QI__KEDL___PGKLVWV_YCDLI_LDY_G_ILD__TFA__AAL_N__LPE__INEET_LAEV_LKKKSYLN_RTH_____F_VFD_TLLI___TGEEE_LATGTLTI_MDE_GKLCCLHKPG__G_TG__LQDCMSRAVTRHKE_KKL_D_VIKS__PK,0,mask-Q96B26
mask-BD7zl9-A-A-OLA1,___HHLQ_HFL__DKK_CC_FRDDFIV_V_P_VL___FIF__LGN_LA__IFCF_LKSWKSS_IFL_NLVV_DF_LIICLPF_MD_Y_RRW_WKFGD___RLMLFMLA_N__GS_I_LTVVAVD_YF_VV_PHH__NKIS___AAI_SCL_W_ITIG_TV_LL_KKMPIQNG_ANLC_S_SI__TFQ_HEA_F__EF_LPL_IILFCSA_IIW_LR_RQ_D_HA__KR__TFIM_V_IVFVIC_LP___VRIR__WLLHTSGT__CEVY_SV_LA__ITLS_TY__VM_DPV_YYFS_P___NFFSTLINRCLQRK_TGE_D____D_EDNWETLNDN___IEKAD__AQVK_ALTK_R_AALDA__ATPPKLE_K_PDSPEMK_F__G_D_LVGQIDDALKLANE_KVKE_Q___EQ__TTRNA_____L,1,mask-nan
mask-nan,M_AANYP_P_LP_PSTSD__E_IVRQ_PNRARV__GKEKERKPVDPP_IVQIRVREE_TYLAQHYLQS__FF_S_SLYDAQED__ASIPPSTA__GT__S_LH_L__V_N_DGGF_VWGDL_IK__GD_RLKFSLFEM_K_______SI__ERFTVSPPKSFP_MAES__L_RSFA_QG_KLRIRKEPRTL__RTAPR_EEYPQA_IPR_P__RTAMQI__SSY_APPYQPTSR____Y__V_____SV_Y_AR_M___DGRM_QM_TYP_T_T___QPGGY_TPMMG_P_GH_GVPDY_MSY_LPPS_QV_QM_DPAAQSRS___AT_QSL_MVN_P__PT_D_A_AM_QQAY__P__S_ST___PPLQQS_NY____N__TRGYYEQS_QATPILPS__L_TSE_E_Y_VPPGHTGYD_TGSA_GT_R,0,mask-Q5BBX1
mask-BD7ymi-b-A-SQD1,G_P_Y_VHT_V_NDPG_LLS__LM_TALVS_WAG_M__Y___KYDPSDPV_NPMWR__TF_MPVM_RIGVTH_WSGWT__GEPWV_QPG_LG_H_N_F__EGV_LMH_LAAGLFFLA_VW__INWDL__Y_P_G_SEPA__WP_IFGLHLL_LGIV__GF_S_HL____GP_M_VSD__GL_GHVQ__SPDW_P_AFDPYNPTGL__HHISA__ALIIG_IFHT_SRPSERLYNALS_GNVETVL_SSVAF_AAAAF_MV_T_WYG_ATTPIELFG______DS_YF__EI_RRV_SG_TW__IP_KLVFYDYI_N_PA_G_L_RTG_M_SGDGIARAWE__P_FTD_E_R_LF_R_MPNF_E_F___LTDKDGV_RADI_F_RAESRYSFEQKGV___FEGGTLNG_TFTDA_SVKK_AR_AQLG_PF_FDR_T_G___VF__STR___AF_H_C__LL_FFG_W__GART__KD_FE,1,mask-nan
mask-nan,MPRGFT_LRYLG__LGVAL_NE___MWPLT_N_ECTVT_F_RD___Y____Q__KHYFPIN__IS__Y_GVF_IANV__LQRA_VSERE_R_LW__VS_SA_ES_Q_VLL_GH__WKYLQEVETLLL_VQ_G_T_VE_SPKVESVLS_LNAPGP_LKLVRPK_LLDNCF_VMEL_YCSCCKQSSV___QDCEV__P_SCS_E__LQY_A_Q_YPPPPWSP_SP__S_GSVR___A_GEGL__,0,mask-Q6ZMJ4
mask-BD5zkq-A-A-OLC1,GAPE_HD_S_MD_E_RYT_F_I_YS_IFVLG_IAN___LW_FARL__CKKF_EIKIFMV_LTM_D_L_LI_LPLW_VYYQNQ_N_IL_KF_CN__GCLF___TYCSVA_LGVITYN__Q_V_R____AQAN_RKR_ISLS_VIW_AIVGAA_YFLIL_STNTVPD_A__GDVT_CF_HY____VP_LIIHIF___S_FL_FL_I_FCNLVIIRT_LMQPVN_F_MLRID_GGGSGGD_AEKLFNQD_DAAV_GILRNAK_KPV_DSLD__RRAALINMVF_M__TGVAGFTN___MLQQKR_D_AAV_LAKS_W__QTP_R_KRVI_T_____WD___EVK__DL__ACT_LA_FI___VPH_VV_L_____EL_F_DSKF___INDAH_VTLC_L__NCVLNPVIYCFL_KKFRKH__E_FY_MR_SR_EFLEV_FQ,1,mask-nan
mask-nan,_K_GFTLLEVM_ALAIFAL__TAV_QI_SGALS_QHVLE_KTV_G_VAENQ_A_LY__TR__RA_R_Q_E_DMA_SRWY_R_TPLS_GN_LLQAVDI____H_DFSSVIQS_RAWF_AV__Q_,0,mask-Q8VPC3
mask-BD8e7w-B-A-P6L1,MNMDWAL___FLAACGAPATTGALLKPDEW_D_LNKPW_NPPRWVF__A_TSLY__MSL_A_RV___EG__QA__FY_AQL_FNTLWTPVFF_MKRMA__LA__MVMWLFV___MWAF__L_TW_GV_F__YLI_A_AT__LNFEA___NW_R_EAR_,1,mask-nan
mask-BD7b0q-A-A-OLC1,M_H_H_HSS__ENLYF_GHMDRLITL___YS_AFS___L____VV__K_LYY_EI_FLN__DLADMTK_EIK_N_DVLITYLSPF__G_LHL_TLDMSTNGRI_FV__K__L_KIQYVMYATIMIA_IGGI_LLKK__EKFLL_GSILTIIF_IALM_PI_I__EKS_VL_HKL_F_N__W_FDPE___IIL__PEEFFMHAACA_L_F__GGS_L__SLYRY_V__KRM__KKFSA,1,mask-nan
mask-nan,_S____K___V__RFQEQQ_ESAGGY___SRYQ__RNV_KVKS_KE__EWKR_VSKEIK_K__RIYDP__NEM_IAEL_D_L__LFKEWK_WQW_I_H_LMEKKTKRKRLE_S_VLM_SG_LINGK__FGRALE_PEVK__LKQSQR_ND_G_I__K_I____NDFY_HGK_TA___EFEANWTS__K_HYNVPVNEDEEEMS_QTQ_IHVPT_A___HWLVQRRKKK_MDE_NL,0,mask-P21374
mask-nan,M_SAG_AA_RQAEDVL_PTS_QPLP__K_LPP___P_V___QPQQS_APRPQ_PA___E_ENYSFLPL_HNIIKCMDKD__EVH_D____KSKFQEMRKLIS__PGIH_SPEQQQQQ_QS_REQV___N__LQ_YKSLCMF_IP__,0,mask-Q9NWA0
mask-BD7vd5-40-40-SQD1,EPLG___PL_W_D__KDPA_KFAT_HANFERRRA_E_KH_R_AMVAVVGM_FHNADIE___YLS__LG_R__DVP__M__LFSIPLAGLTQI_FA_GVMELAI__A_NYSGDYG__YG_PFVP_V___DE_KYKLDM_IN_GR_A_MG_MG_LV_,1,mask-nan
mask-BD7px4-A-A-OLA1,_KTII_LSY_FCLVF__YKD_DD_AP___G_SVY_TV_L_IAV_A__GN_LV__AVW_NSNLQN__NYFVV__AA_DIA__V_AIP_AI_I_TGF_A_CHGCLFIACFVLVLTQSK_FSLLAI_I_R_IAI__P_RY_GLV_GTRA___IAICW__SF_IGL_P__G_NN_G___EG_NHSQ___EGQVACLFEDVVPMNYMV__NFF__VLVPLL_MLG_YLR____ARRQLADLE_NW_T___N_KVIE_ADNA__VK_A_TKM_AAALDAQ__TP_K_E_KSPDSPEMKD_RHGFDI__GQID_ALK_ANEGKVK___A_AEQL_TTRNAYIQ_Y_E_A_STLQK_VHAAKSLAII_GLFALC__PLHIINCF____PDCSH_PLW_____IVL_H__S_V__F_Y_YR__EFR__FRK_IRS_V_RQQEPFK__HHHH_HHHH,1,mask-nan
mask-nan,__PARPLGL_IL_LFLT__A_GDAAQ_P_G__AEI_LLPL_Y_PC_ALL_RY___RYT_SCRQ___GG_EG_ANNFY_WEACDDA_WR__KVP__CR_Q_SVDDQCEGS__KYFFN_SSMT__K__SGG___NRIENR_PD_ATCM_FCAPK_I__F_Y__KDE_LCSA_V__YYF_PRYRT_DA_TYTG_GGND_NFVSREDCK_ACA_ALK__KKMPK__FA_RIRKI_K_QF,0,mask-P48307
mask-BD4e1t-A-A-OLC1,MN_FGTA_VNLNFDKNF_LKES_LD_LAP_YDSAS__F__Q_G__NKDSR____L_VGIRTL___WLY_LNTFY_NDLTGH_HRIGLGAEA____LQ_A___YF__N_W_S_RDFSDYKER_ATG_D__A_AYL_ALPQL_GKL_Y_Q_T__R_ALF_KDN__RNP_AVTAGINYTP_PLLTV_VDQRM_KSSK__TQ_N_QM_YRFGESF_S_L_PSAVAGT__L_ESRYNLV_R_NNI__E_Q,1,mask-nan
mask-nan,MP__S_QPLATLY___MLVA_CLGRLSW_D__F_ARLTRSNSKC_GQ_EVYLKDG__MV_SQ_WGRSS_Q_____QASKVC_RLNCG_PL__GP_L_TY__QSS_ICYG_L_S_SN_SHSRNDMCHS__L_CLEPQKTTP_TTRPP_TTTPEPT_PP_LQ_VAQSG_QHCAGVVEFY_GSLGGT_S_EAQ__TQD_ENF_CNN_Q_G_FL_____T_AG_AQDPGE___HQPL__QW_____SCT_LE_C_RK_KPQKSGRV_ALLC_GFQP___SRLVGGSSI__GTV_VRQGA_W__LCDSSSARS_LR_EEV__EQQC_S__SY__L__G_PTSRG___P_QKLSQ_HE_WER_SY_KK_FVTCQD_NPA_LAAGTVASI___LVL_VV_LVV_GP_AYKK__KKFRQKKQ__WIG_TGMNQNMSFHRNHTATV__H_EN_T___V__E_SQ__RNSH_S_YP_LEGALH__SM_P___SD__YDL_G_QR_,0,mask-P06127
mask-BD1v54-B-E-PSC1,MAY_MQLGF__ATSP_M___LHFHDHTL_I__LIS_L___IIS_M__TKL_HTSTMDAQEVETIWT_L__II_ILI_L_SLR_LYM_DEIN_PS_TV___GHQWYW_YEYTDYE_LS__SYMIPTSEL_PG_L_L__VDNRV_LP_E__IRML_SSED_L_S__VPS_GLKTD_IPGRLNQ_TLMSSR___Y_GQCS__CG_NHS__P__LELV_L__FEKWS__ML,1,mask-nan
mask-BD3o9w-C-A-1O21,T_VEQ_PQS___R_GEN_VLQ_NY_VTP__HLR_FKQDTGKGLVS____VD__D__SNGRYSATLDKD_KHSTLHI__TL_D__ATYICV__DRGS__GRL_FGAGTQL__I_DI___DPAVYQLRD_KSSDKSVCLFTDFD__TN____K_SD_Y_T_KCVLDMRSMDF____A_A_SNKS_FACANAFN_S_IP__TFFP_,1,mask-nan
mask-nan,_VVL_K_LLE__TSRK_P_EELED_E_R_FLST_TY_DA__L_TYI__AVKE_FPEKPV_I_IS_P_GHC_FRT_TYGG_ALD__F_IQ___KTAL__G_SSFYMG_KKGDKTPE_KF__DSK_YA__GGAVL_QS_RS_Y_Y_CL_ISGLKQEEDHLM_VS__IAFA_ES_EEDL_LD,0,mask-P38276
mask-nan,MILNR__TLG_ITFGMLSFA_NSAQPDIKFASK_YGVT_GES_IIY_L_AAG_MV_V_N__DYP__I_SR_YDEN_E_E_ED_F_VTPPLFRLDAK_Q_SL__A_A_GVF__D_E_LKWLCVK__P__D_DIWVDDATNKQK_NPDK__G_FVQ_A_N_CIK__VR_NEL_GTPIQFA_NLSWKV_G___I__NPS__Y_NI_E_TFG_K_IP_HY_PPKSTW__DLPK_LA____VS__II__Q_GLDRLYSKNVTL,0,mask-P26926
mask-BD8e7w-B-A-P6L1,MNMDWAL_LTFLA___APAT_GA_LKPDEWYDN_NKPWWNP_RWV_PLAWT__Y_L_SLAAMRVAQLE_SG_ALAFYA__L_F___W__VFFG_KR__TA_A_V_V_WLFVA_T_WA_FQ_DT_AGV_FVP_L_W_T_T_G_NFE_MR__W_RPEA_A,1,mask-nan
mask-BD6zzx-8-8-LAP1,AT_PLW_P_V_APKHLDGTM_G_FG_DP__LGVNKEAL_WYRN_E_QNG_____GV__IV__AE_TRV_V_NV_EW__A_K__AESEN__P__SL_MVQLFL_NFVE_KRWED_KKPG_QA__GSFLGF_S__KG_G_SGYPGGAFNP_G____SK_A_D__KWRE__NG_LAMVA_LGFLSQHAA_GKGPL_N_ADHLAD_WGANFCSN_VS_PSALG,1,mask-nan
mask-BD6i6j-C-C-OLC1,Q_QL_ESGG_LVQAG_SLRLS_AASGFPVKRWS_T____A__K___WVAAIR____WTH_ADSVKG_F__SRDN_K_T__L_MNSLK_E_TAVYY_NV_DEGDFSYWY_Y_GQG_Q_TVSA,1,mask-nan
mask-BD6kuw-A-A-OLA1,GG__NASGAS_GPP_GQ_SA_AVA__A_V_GF_IVFTVVGNVLV____LTSRALRAP__LFLVSLASADIL_A_L_MPF__AN___AYWY_GQW__GV__A__V__C_SSA_H__AISLDRYWS_TQA__YN_K_TP_RVK_TI_AVW_I__VISFPPLV_LYR_PD_AA__QC__NDETW__LS__IGSFFA_CL_MG___ARIYRVAKLR__I_CSFWNE_YL__SRD_RKKSL_S_FGMDEGVTF_FIGR_DR_QKGVDV__K__EIL__KKE_QE_RFII__K__PEL_GW_RS____HGN_K_ITE_LSREFVR_L___VDF_IIPS__E__GLVA__A_C_GAI_IA_AVGGLRDI_T_ETG__VKAGDPGELA_A__KALELSR_DLS_FRENCK__AMSFSV_Q_REKRFTFVLA_VMG_WVL_WF___FSYSLY_ICREACQVPG_L___FFWI__C_SSL_P_IY__FNQDFRRSF_H_L_RRR_R,1,mask-nan
mask-BD7r0w-C-D-SQD1,MRN__T_G__T_TM_A___FTVLA_ATVSVFLI_DLGLP_A_SAYPF_A_ETAPLT_RE_TGR_VC___HLA_____V_IPQAVLPDTV_EAV_KIPYD_DSQQVLGDGS_GG_NVGA__MLP_GFKIAP__RL_EGLKE_V_GTYF_PY__DMENVVIVGP_PG___QEI_FP__SPDPAKD__INYGKF_V_LGANRGRGQ_Y__GLLSN_NA_KA__A__ISEVN___A_GY_LI__TAD_TETVD___GPELIV_A_QT_EA___LTNN_N_GGF_QKDTEV_LQNPT__K___L__AGIMLSQILLVL_KKQ___VQA_ELN_,1,mask-nan
mask-BD3o9w-C-A-1O21,TQVEQSP_S_VV__GENC__Q__YS_T_DN_LR_F_Q___KGLVSL_VLVD_K_KTS_____ATL__DA_HSTLHITATL_DD_ATY_CVV_DRGS_L___H__A__QLIVIP_IQ__D_AVYQLRDSKS_DK__CL_TDFDSQTNV__S_D_DV_I_DK_VLDM_SMDFKS_SAVAWSNK_DF_CANAFNNSI_PEDTFF_S,1,mask-nan
mask-BD7bgi-9-9-DGA1,RP_WLP_LNPPAHL_GAL_GD_G_DP_GLG_D_GR_KWY_EAEKTN_R_AMM____ILGQ_LLGVTP_W__AG_KEY__PAQA_TPIEF___GFLEIK_YQGFKQT_TS_FIN_FPFD__GM_SP_MA___V__GR__M_AFI_F_V_ALATRT_PI_GLTAHLADP_G_NIT_Y_THLPET_,1,mask-nan
mask-BD6kif-L-L-SQD1,_A_DVIAN_G_P_IGNL_TPINSSPFTR_FIN_L_IY_RGLSS_R_GLEIGM_HG_LLYG__SILG_LR____AG__GL__TVGLV_IL_VCLS_YG_AG_GPSAA_STVTTP__PQE_FTKEGWS_F_SGF__GGLGGAF_A___AS__YV__LV_IAA__WSVH,1,mask-nan
mask-nan,M_RFALTVVRHGETR_NKEKIIQ_Q_VD_PLSE_GFKQA_AAGI___NVK_T_A_SS_LMRT_QT__GI_ERSKF_KD_TVKYDSRLRERKY_VV___AL_E_RAMAK_AREE_P_FT_P_G_TLDQ_KMRGIDF_E_L_QL___EA_QK_QF_QGSPSN_L_T____IF_LGKNHSS_VN_DSG_PGL__SV_V__H_AYMRSL_DYFL__LKCS_P_TLSRS___S_T_NT_MS_FI_NFEEG_EVK___QC_C_N__DH__GLTETR,0,mask-Q9NQ88
mask-nan,_ALSS_IWA_CL_LLL__ASLT__SV___QTGQLAE_QPQ_R__ARA__MPMF_RRR_RD_H_PICIFCCGCCH___CGMC_KT,0,mask-P81172
mask-BD2i5n-H-H-HTO1,___G__A_HL_I_QL__YA_WLV_W__VLL_LRRE_RREGYPL_EP_G__KL_PEDG__Y_LPY_KTFVLPH_GT_TVPR_RPE_RELKLA___GFEG_PLQPTG_PLVDA_G_ASYAER_EVVDATVD_KAK_VP_R_ATDF__A_G__DP_GLPV_AADGVE_GTVT_L__DR_EHYF_Y_E_S_AGS_RTAL_PL_F_DV_KDK_VVTSIL__Q__NVPR_QSR_QITL_EE_K_SAYYAGGLL_A__E_AESL_,1,mask-nan
mask-nan,MTE_A_RRTLV_RR_LRN_AAV__L_AL_LLF_SAYALP_LLPYSY__LDFN__LQP_GT___LGTN__GQD_LA_T_R_MQKSM_I__C__VIS__I_AT__AIS__FGGWRDR_LMWVVDLLLVV__FIL__I_T___KNSA_IMF______G_GWMISS_M__G____LR_REFIRA_R_MG_SSRRIIV_HVVPNVASILIIDAALN__AAI_AETGLSFLGFGI_PPDV_LGT_I_D_TASATA_P__FL_PASI__L_LVCA_L_GDG_R_ALDPA_RSLRRGV_,0,mask-P9WFZ9
mask-nan,MKY__I_SAAAA_FAG_AAAVG_SG__EG__EGVTGGGD_T_VYPDTIDE_VSYL__DEAR_IVLTKTF_F_D_E_TTT__GCA__GTASAC_VAID_D_WCENYEP_AP_VSV_Y_NAGV_G_TV_SN__L_G_GSS_AIKGKGLRI__GAENII__NIAVTD_NPKYVWGGD__T_DDCDL_WID__T_AR__RQHYVLGTSA_NRVSLTNNYI__VSDY_A_CD_Y__WG__LDGDADLVTMKGNY_YH__GRSPK__DNTL__C_NN__YD_SG_AF_I_EGG_VL_EGNVFQN_DTV__TYEG_A_T_PS__AG__CS__LGRDCVIN__G_SG___E___S_L_DF_G__IAS__A___V__RVV_NAGQGNL,0,mask-Q01172
mask-BD6mss-A-C-SRV1,M____NPPALS_YEGADSG__C_F__TMK__QWF__NHRGRL_TLFYL__G__ENGR_K_TFNSK__YST_HIKDA_LEDSGT_FCA_VN___K_T_G_G_SLLVD_N__N_DPA_YQL_DSK_KS___FTDFDS__NVS_SSDVYITD_CVL___SMDFKSNSAVAWS__SDFACANAF_,1,mask-nan
mask-nan,M_G_R_ETVG_IFSR_RDLVRA___KEK_LW__VYDAFPPLR__VFQRP_VRYGKAK_PIQ_IWYHEDRIRAK_YSV____QRAFDLF__NFKSTC_R___KY_ELQ_L___DE_KLF__T__ALLA_G__L_R__E_R_QH_GSH_S__S_H_SVRPQTALEENETQKEVPQDQ____PA_Q_KGLLPP,0,mask-Q9Y3D9
mask-nan,MWYFA__LG_LL_C__GVI__L_LEHV_SGKAG_EDI,0,mask-P56100
mask-nan,M_VHQY__ALFLAVA_VAG_AAS_A_D__Y_P_TP_APA_GY_PATP__PAEAAPAGKA__EEQKL_EK__AGFKA_L___AGVQPAD__RT_VATFGAA_N_AFAEGLSGEPKG__ESS_KA_L_SKL_AAY_LAY_TAEG_T_EA_Y_A_VA_LSE__R_IA_TL__H_VKPAAEEVK_IPA_ELQV_E_V_AAF__AAT___A_PANDK_T_FEAAF_DAIKA_TG_AYE_YKFIP_LE__VKQ_Y_A_VA_APEVKYT__ETA_KKA___MSEA_KAA__AA__TAT_TAAV_AAT___T_A_GGYKV,0,mask-Q40960
mask-BD7zly-A-A-OLA1,__R_HL_DHFLEIDKKNCC_FRDD_IVKV_PPVLG_EFIFG_L__GL_L_IFCFH__S__SS_I____LVVADFLL_I__P__MDN_VR_WDWK__DIP_RLMLFMLAMNRQG_II_LTVVA_DRYFRVVHPHH_LN_ISNRTAAIISC_LWG_TI_L_VH_LKKK___QNGGANL____SICH__Q__E____LE_FLPLGI_LFC_A_II___RQRQA_LED_WE_LNDNLKVIEKADN__QV___LTKM_AAA___QKATP_____K_P_SPEMKDFR_GFDI_VGQID___KLANE_KV_E_QAA_E___T_RNAY_Q_YL_DRHAK__R_IT_IMV__I__VI_FLPSVVVRIRIFWL_HTS_TQNC_VYRS_DLA__ITL_FT_MNV_LD___YY_SSPSFPN_F__LINRCL__K_T_EPDNN_,1,mask-nan
mask-nan,M_E_VADKTVEVVK__I_TA____DL_NKYLDQ_IP_QTF_ETIKELSRFKQE__QAASVLVGDIKTLLMDS_DKYFE___T_YE___VAT__LA_Y_L_F_E__EK_ASA_KDILI__LDDGI___NEAQKSL_VS_Q__NN_S_KL__LDS_LTNDFSE_S_YFQSQVD__RKEAYAGAA_GV__G__GL__SY__A_G_V_GKL__E_KNKLK_V_____TL_N_VKQANKDIDAAKL__T_EIA_IGEIKTETETTR_YV__DDLM_SLL_EA_KKM_NTC_EYQ_RH__KTLFEVPE_,0,mask-P77335
mask-BD7r0w-A-B-2WA1,_F_KEV_ESK_FQ_FNDRLEVQA_SDD__SK_VPPHV_IFYCLGGLTLT_F_I_F_TGFA_TF__K_TVT_AFASVQ_IMNEV__GWLIRSIHRWS_S___LM__LHVF_VY_TG_FKK_REL__VV_VM_A_T_V_F_VT___L__DQV_Y_AVKIVSG_PAAI___GD_LV__M_G_ESV_QA_LT_F_SLHT__LPW_IAVLLLLH_LMIRKQG_SGP_,1,mask-nan
mask-BD7y7b-Z-3-SQD1,_T__FSGVPS__CRP_P__FP___A__TVFGARG_R_EGHR__F_S_HAA_SL__A____QPISQAGMY__DSGSLAKKSFSE_EVPGFG_AKK_PTIESFFPF__N_FD_SPA_FGKDS__VFE_PLGKCGAYAS_CH__LD_MGDML__TP,1,mask-nan
mask-nan,MK___AV_AVMALCS_PV_A_EQ_GFS_PSA_QSQ_GG__GPN_SVTTV_SAK_LRD_TW_TLRG__V_RI__D_YVFK__SGT_NVDIDH__W__VTV_PK_TV_IQG_V_KDWNSVEI_VKQIR_V_P,0,mask-P0ADU5
mask-nan,M_FF_K_EK_AEF_VFRL_G_H__EPGKCDEITT_GYSISM__D_AR_VIDQ_RGRSYAETL_I_ELM_YRACYPIFKLI_S_AAN_S__K_FNKAN_II_KA_V___I_LK_VKPR_RGR_YMI__P_CH_T_V_RDITHF_SYD_FLESLT_KK_IALLGLM__GRRRE_LCGR_____KI_SF_YK_AL_K_YE__,0,mask-P09594
mask-BD8gng-A-A-OLC1,_Y__D_KMPIMGSS_Y__V__AIA__AILGN__VCWA_W_NSN_QNVT__FV_S__AADILV__LAIPF_ITIST_FCAA__GCLFIACF_LVLAQ_SIFS_LA_AIDRYI_I_IP_RYN__VTGTRA__II_I__VLSFAIGLTP_LG_NNCGQPKE_K___Q_CGE_QVACL__DVV__NYMVYFNFF_C_LV__LLML__Y_RIFLA__RQL_QM_SQ__PGER___TLQKE__AA_S__IIA_LF_LCWLP_H__NCFTFFC_DCSHAPL_____AIVLS_T_____P_I_A_RIR_FRQTFRKI_R_HV_RQQEPFKA_HHHHHHHHH,1,mask-nan
mask-nan,MTENEKS_SL_AER_PL__DD__DH_PLIPKC__QVIEF_DGPATF__LKC_NP_SKV_HFL_RMAKDSSISA__MFR__F__ATQEE_DL__RWI_DNL__IEDK_VA_LW__PA_ALALA_DYSM_P__N___E__S_PSTYAT_SRPTA_K_ETSEGE_ESS_SAT_TSV_RR______EHLEN_K_TI__HDNKEEDKEIH_E__ETKD_IKSE___P_IKKQEGG__T__VGQ__SS_D_AKG_T__DQPS_EEEKTS_IQ_R_IK__IKPS_LGKI_S__NKG_T_VAS_VNRGMTDVASQVN___NG_A_QV_KGM_GVANQ_NKGV_G_ASQV_KPV_KL_KKFENL_K__GD_LKSSI__SPK_KK_SR_DFEEN__YNAMV_VK_SRIT__ESEVY_EK_K_RA_GGIA_G_GVGAIL_F_F,0,mask-O60158
mask-nan,GEDGY___GDNC_YIC_FNN_CHALC__KKG_S_A__W__PYGV_CWCEDLP_P_PIRGSG_C_,0,mask-P60277
mask-BD7r3k-7-7-PLM1,M__S__AQRRAGA__ARQ_PR__RA__A_RP_WFP_NP_P__LDGSLAG_YG_D_L_LGQEPQT_K_YVQA_LVH__FA___AAGI_LTSI_AK_GL_FPEWYDAG_VVV_K_NI_F_TLMVIQF_LM_W_ETK_W_____PGSQA__S_LGFTE_FKGLENGYPGGRFFDPM_L__GDAAKYQEYKQ_EVKNG_L_M__CLG_AAQY_A_GK__LDNL_D___DPN_V_FATNGVSIP__,1,mask-nan
mask-BD8kde-K-C-SQD1,M__LAL__AKL_E_YA_F_P__DVLPVIPV__ILLAFV_QAAVSFR,1,mask-nan
mask-nan,_T_PTT_ADA_VPR_VLIAED__LIRMDLAE_LRE_GY_I_GE_G_GQEAVELAEL___DLVIMDVK___R_GIDAAS__ASK__AP__VLTAF_Q__LV_RAR_AG__AYL_KPFSISDLIPAI_L__S_FREITALEGE__TL_E_L_T_KLVERA__LLQTKHGMT_PDAF__I_R_A___R__MK_VAEVVLETLGT____,0,mask-P9WGM3
mask-nan,M_CEKA_E_IR_L_RA_EGQ__AF__D_LRQ_L_EM_ALYEQ_QSDVNEA___GRSDLIPTIKFR_CSLL_N___TVA_LYDRL_R__A__WE__SVLPNA_RF_MAAEEM_W_N___RSL_T_M_S_GGDEGL_ITQDM_P__SLY_E_RCL__YGEFEVDD__SVLL_KNSQHFLPRWKCEQLIR_G___HI_S,0,mask-Q14691
mask-BD7ymi-2-2-SQD1,_Q_Y__QNVEYG_WSGNSR_TDFSAQ__AAH_GQ_A_MTFFA_S_T__ELS__NPDIP_Y_QG_VC_PQLSRVG__VGAGGA_VDTY_FFAVG__HL_AAA____GAIFHILT_PK_LADS_SA_SQRF__EWDDF__QGRI_G__L_FLGSGALL_VVWAA_HG_YDP_VGEVR_VS_G__I_R_F__GW_TPG_N____DNL_D_M__HLF_ALIDIAGGIYHIL_KPWP_T_R_FTK_G_A__GYALGG__LM__VAA_FCSV_DVV_PVEFFG_V_Q_NLG_LPNF___LD_SA_G___RF_IANFHY__GFY_IQGHLFHALRASG_D__V_TKFFTTETVE___DI,1,mask-nan
mask-BD5tgz-A-A-OLA1,GG_RGENFMDIE_FMVL_P__QLA_AVL_LTLGTF_VLE_LLVLCVILHSRS_R_R_SYH_IG_L_VADLLGSVIF_YS_I_F_V___K_SRNVFL_KL_GVTAS_T_SVG_LF_AAIDRYI_I_RP_AYK_IV__P__VVAF_LM_T_AI__AV_PL_GW__EKL_SV_SDIF_H_DK_Y___WIGVV_V_LLF_VYAYMYILWKA__HAV_K_LIVYG_TTGNTE__AET__RELADAGYEVD_RDAA_VE_GGLFEGF_LV_L_CST_GDD___LQD_FIPL_DSLEET_A_G_K_ACFGC_D_SW__F_GAVD__EE__K_LG_E__Q_G_R_DGDPR_ARDDIVGW_HDVRGAI__QAR_DIELAKT_V__L_VLII___PLL_IMV_DV_GKMN_LI__VFA__S_L_LLNST_N_______SKD__HAF__MF_S_HHHHHHHH_,1,mask-nan
mask-nan,M_GS_L___G_IFSRT_DLVRAGV_K_KPLWF_VYDAFPPL___VF_RP_VRYGKA_AP_QDI__H_DRI_AKFYS_Y_SGQR_FD_FNP_FK__C_RF_EK_TELQKLGE_DEEKLFV_TGK__L__GVIL_R_G_AR_QHG__HVSR__EHLSV_PQT_LE_N_T_KEVPQDQH____ADQSK__LP_,0,mask-Q9Y3D9
mask-nan,_N_QDA__G_AAE_DAV_EMLA__G_SP_T__DE_GSADV_NARRILNRIN_Q_QS_G_A_N__E_ATL_PD_ST___P_RPA_LS__GGQYVNRGGWVYDKST_TDT_S_PITV_LI_LQ__DEMPECF_QWIVTKASRQFN_RFFG___VE__LAQ___E_R_A_N_YE_DFGQYNM_DGDA_VQGLI_R,0,mask-D1L2W4
mask-BD6ab9-A-A-OLA1,MASM___QQ_G_DPNSMK___SL_DY_AGQF_F_DH_LT_GV_VHF_A_I_FLVVS_F_APK_RIATAL__I_MVSA_LILNSQ___WTDAYAYVDGS_QLQD_T__NG_RY__W__T_PC_LLQL_IV_N_KG_E__STAT_LILAAW_MIITGYVGQLYEV_DIA_L_IWGAVS_AFFVV_NW_VGT___K___TML__TDS_IT_VFWLM_FAWTLYPIAYLV_A_MNNADGV__RQ_LFTI__IS_K__YGL_ITYI_IQ_SA___YVP_QQAL_RIG_DSK_A__H_HH_H,1,mask-nan
mask-nan,MK_SL_L_GRV_AH__SRC_FLAWNP_G_L_AS_GGDRRIR_W_TE_D_WICKSVLSEGH_R_VR__AWSP_G_YLA_A_FD_TTC__KKN_D_FECV__LEG_ENEV_S___APS_NLLA_CSRD_SV__W_V_EEDEY_C__VLNSHTQDVK_VVWHPSQ___ASAS_DDTV__Y_EEED___CC_T_EGHE_TV__LA___S___L__C___RTVRIWRQYLPGNEQGVACSGSD_SWKCICTL_GFHSR_I_D_AWC_LT__L__ACG_DAIR_F_EDPN_DPQQPTFSLT_H_HQAHSQ__NCVA__PK_P_L_AS_S_DG_VAF_KY__PEGL,0,mask-O76071
mask-BD8j5k-6-5-SQD1,FENE_GV__PTG_FDPLG_TQDIDQEK_D_YR_A_LKHGRV_QLAVVGY_VPEF___GF_I_PG___AD_PNGVAAI__IPA_GW__I__AIGAVDVRG__G_F_IGK___KGKEEER_L__LQH_RLAM_AI_EL_RH_SQNLVKPG_DG_D_L_T_L_F_YN,1,mask-nan
mask-nan,M_RCALLLLM_LMLGRVL__PV_P_PTFQL_PQN_PQT__RPAASESPSA_PTWP__A_SHCS__R__G_RI_L_LD_PI_LL_I_LEQAR_RAA__QA_T__R_L_RVGHC,0,mask-Q96RP3
mask-nan,M__SKM__DA_M_AAINQKLIET__R_RLKELL_A_L_E_GW_DQL_AHCKEV_KEK__EHVTVDDLVAEI_PKG_ALV_D_VK___L__IRTF__Q_ASL,0,mask-Q9NPA8
mask-BD7q35-A-A-HEX1,MQ_QITG_P_WIWLA_GA_LMGL_AL_FL__GMGVS__DAK_F__IT_LVP__AFT____M_L_YGLT_VPFGGEQNPIY_ARYA_WLF_TPLLLLDLAL_VD_DQGT_LALVGADG_MIG__LVGALTKV__YRFVWWA_S_AAMLYI_Y_LFFG_T__A_SMR_EV_ST_KVLRNV_VVLW__YP_V_LI_SE__GI_P_NIE_LLF__L_VS_K_GFGL_L___RA__GE_E_PE__A_DG_AATSDGS_IEGR__APHHHH__H_,1,mask-nan
mask-nan,_A_ADKP_H__NF__AQ__GFM_K_LKL_S_LV_MGLD_K__KA_HVS_TL_DIKAD_YKQ_EFAIQE_ID_LAAYEG_I__DNPHMLGRC__LDV_G_E_LHEDIVEIL____C______HWIP_CTV__FDEE__TK_MQFY_K_PFYLKHN_LL_DAGLEL_KIG_S_ID_FYCSE_SV__GE_LCYKPPTPKF___FGYCCI_KI__DLEIGDLPQ_D_E_WA_LSYH_Q_NT_FFRHVHDNSIY_RT_C_M__CMC,0,mask-P19738
mask-nan,MVN_RIPSVFSKTY_T_RR_YEKARLDQ_LKI_G___L_N__EV_RVKYAL_K__KAARELLTLDEKDE_RLFQGN_L_R_LVRIGVLDE_RM_LD_VL_LK_E_FLERR______KLG_AKSI_HAR_LI_QRH__VRK__VNIP_FVV_LD_QK__D______FGG__PGRVKR_NLKK_QGGGG_AA_E_ED,0,mask-P55935
mask-nan,__I_I_PA_TLDY_SPL___RY_LPELL___QQ_I_E_RKLT___IS__MRIS_KL__IN__RFHDWQPDFTPA_A_QAIL_FKGDV__GLQAETFSEDDFD__Q_HL_M_SGLYGV_RPLDLM_P_R_EMGIRLE__RGKD_Y_FWG_IITN_LNEALAAQGDN__INL___EYFKSV___K_NAE_IKPVFL__KNGK_KII__YA_KARGLMSRFI___R__KPEQ_T_FN_E_YF_DE_S_S_GE__FKRYEQR,0,mask-P0A8I3
mask-nan,M_EPLQP_PGAAED_AA___E_PG_KAPEDAGPQPGSYE_RHY_P_KWV_TSVE_M_W_SA_QTG_T_LNSYIQ____KEMKI___APVTSYV_PGS____EST_TISL_IP_EQQF_P_R_LES__FI__RAEMTVFVRSF_GF____KNQ_QLL___S_LREDGKVFD____YTAGYNSP_KL_N_NNEVWLIQ_NE_TKE__,0,mask-Q9Y5Z4
mask-BD4phu-A-A-OLC1,_DYKDDDD__SA__DLPPQ___G_YVAAFA_GF__NV_AIR_AT_H_RLRLTPSA_YALNL_C_D_LLTVS__L_AVEAL__GA_____SLC_VFAVAHF_PLY__GGFL_ALS_A_YLGAAFPL___AFRRPCYSWGV_A_I_ALVLCH_GLV_GLEAPGGWLD__N_SL_INTP_NGSP_CLEA_DPASA_PAR_S_S__LFFLP_AITAFC__GCLRA_ARGSNIFEML_IDE__RL__Y_D_EG_Y_IG____LT__PS_NAAKS_L__AI_R___GVITKD_AEKLFNQDVDAAV_GIL___K_KPVYDSLDA__RAALINMVF_MGE__VA_F_N__RM_QQ_RWD_AAVNLAK__W_N_T_N_AK_VITTF__GTW_AYGSL_H_R_L_A__VA__A_LT_LLCVGPYN_SN__SFL__NLGGS_R__GLIT_AW_VV_NPL_T__L_RG_G_K_VCAAR_QG_KSQKAE_LY_QG_HHHH__H,1,mask-nan
mask-BD7l92-A-A-DGA1,MPHRF_VYNYMS_TFCDH___LLW_L_KQGLKCEDCGM__HHK___K_ANL__,1,mask-nan
mask-nan,MRSA___AL_LI_ASA___V_RG_I___LSAAG___DIPGTA_Y_R_VE_FNIRLPY_PTAIA__QTT__IQ__VQ_AKKL_LKVSAK__GH_Y_SF___G_N_HL_VQLDR__DVIS_N__TG_AH_EPG_RLG_LA__LN_KYGR_ISH_TCP_VGIS_HFAH__F_FSSHMHGLAVD_VVG_TV_LADGRIV__SATE_ADLF_G__GAGSNFGI__VWKLATFP_P_VLT_FGV_LNWK__TSALK_IEA_EDYARWVAPR_V_F_IGDYGAGN___EGLYYGTPEQW__AF_P___T___GYVV_PTT__NWIESVLSYS_FD__DF_T_Q_VENFYA_SLT__S_K_DAVKNF_DY_FDVS_KVK___W__QLDVHGGKN__VT_VTN_ETAYP_R_KLWLI_F_DR_D_NQTYPE_SF__LDGWV____KAL_K____MYINYADPR_DR_YATKV_YGENLARLQKLK_KFDP____Y__QAVRP__,0,mask-I1SB12
mask-BD2wex-A-A-GYM1,SHMN___E__QL__GKEF_EVHLGQW__IAG_APTK_E_ATF_P_D_IVFNMAAGSAPMQL_L__TI__K__LCVPR_WIYH_TEG____R_MKTELFS__C_GGI_LN_TG_GY_RFLL_NRSPH_P_KCVEEF___TS_LDSKAFLLTPR_QE__EL,1,mask-nan
mask-BD6sl5-2-2-P3H1,DRPL_SPGSE_P_WLDGSLA__YGFDPL__S_EP_MRKWMV_AEL_HCRWAMLG__GILF__I_AK_G_N_PDWYD__KELQK___IPL_SLIF_ELLL_GWV_TKRL__LRN_GSQ_DGS___ITDGL_GKEN_Y__G_FD__GMSK_E_SF_EA__KEVKNGRLAM__FVGFIA_H__THKSP_D_L_D_V___FHVT_AT_G_SI,1,mask-nan
mask-nan,I__C_FSCDI_K___PCKPK_E_KC_GGWRCKI_LCLKI,0,mask-P85504
mask-BD8k1r-A-A-OLC1,MI_TGL_VG_LF___LQRGR_AF__AFRD__L_KD__LF_L__F_LALE_I___LLSQV____MN__P_NL_GNIIGG_V____MVL_GGC_SGV_Y_VG_G_TT_____LF_GLGA_AT_SGAFSWWLSWVGQFK___S__ESAYYV_GAGP_I_SV_GL_PWIPALVI_A_F_LWA__TK_TS__TKF_WKIASVCL_LVAG_G_ITS_L_G__YGLG_TGGW_NLFQ___TNSPLNW_G_EI_GIILGAG_AAAVAGE_KL_MPK_P__YLQVGIGGL_MGIGAV_AGGC_IGHFLT_V__LALSSWLASIFFILGNWT___ILFRRAATPTPVAEAA_SSAE___L_FQVATGAV_LQ__PRVK_A__NYQVSKE_DV_G_V__IPDVEA___VQ__N__EIIL_RID_P_SKE_I_ETV_K_GSE_LEIEEA____W_IY_KVK__S_GENLYFQ,1,mask-nan
mask-BD7qhm-I-H-9YF1,SHT_EPEIYRGV_TLDEPSA_WGWHGLKR_T_QL_GW_SVLF__GYNF_N_K_HVE_IW_____ALL___LLIH_FEPK___V__ITS_N_PV_H_E_DWTYDQ_TLTGTW_NL__S_L_S_NIEP_RVAHLRAA,1,mask-nan
mask-BD6zzx-L-H-SQD1,___V__PVNG_P____LETPV_SSPA_AW_LSNL_AY_TGVS_LLR__EIGLAH____VGPFIKL__L_DVEN_AEIVGCINGA_TV_ILTLCLAYGA__FQG__PQVGVKTLS_RSI_R_P_QSADG___FT_GFAVGG_SGAAWGYL_____P_Y,1,mask-nan
mask-BD6ucb-B-G-PAM1,____TT__ES_Y_M_KKN_E_L_GNERYEGYCV_LAAE_AKHC_F___LTIVG__KYG__D__TKIWNGM__E_VYGKADIA_AP__ITL_R_EVID__KPFMSLGISIM_KK_QKSKPG_FSF_DPLAYE_W_CIVF___GV_VVLFLV__F_PSLSGRIVGGVWWFFT__I_S_Y_A_LA_F_TV_R_VSP_ESAEDL_KQ_E____T_DSGSTKE_FR_S__AV_DKM__YMRSAE_SVFVRTTAEG_ARVRK_KGK_AYLL_ST___Y_E_RKP_DTM_V_GNL_SK__GIATPK_SS_GNAV__AVL_L_E_G_LDK_K_K_WYDKG___SG___LS_SNVAG_FYI_VGG___AMLVALIEF_YKS_AEAKR,1,mask-nan
mask-nan,MT_QYGIL_K_EQAHDD_IW_VAWG_N__ENSETVVTG_L_DLVKV_K_RD_RL___W___GHQL___SVDISH_LPIAASS_L___IRL_D_ENG_QI__I____VDAWT_AFSPDSQYLA_GT_VGKVNIFGVESGKK_YSL_T_GK_ILSIAYSPDGKYL_SG_IDGI_NIF_IA_G_LLHTLEG__M_IR_LTFS__SQ_LV_AS_DGYIKIY_V___N____LSGHASW_____FC_D____VS__S__SV_VWDV_TRT_VHT___HQDQVW_VKYNG_G_KI_SVGDDQEIHI_DCPI,0,mask-Q9GZS3
mask-BD6zzx-F-8-LAP1,DVAGL____ESKA_A___K_E_K_LNKRLKNYEA_S_PALALKATIAR_EARF_K_A_Q_LLC_TD_LPHL_AD_G__LRYG_A_DVF__T_GFI_FA_WLGYAGS_Y_QAVAATAKP__KE_II__P_AWKLL_EGF_W_LRAFAEYKN_SL__D_AKIT_S__,1,mask-nan
mask-BD6w1q-R-R-STE1,M_WRVLV_LL_V_L__G_A_R_ILPYAVKQV_KLLQK_KA_,1,mask-nan
mask-BD2i5n-L-L-HTO1,A__SFERKYRVR___L_GG_LFDFW_GPYFVG_F___A_FFI__GVSLIGY_ASQG__WDPFA__I_PPDL_YG_GAA_LLE__FWQAI_VCA_GAF____LREVE_SRKL_I__HV_L_FCVPI_MF_VLQV_RPL_L__WGHAFP_GILSHL_W_NNFG__Y__WHYNP_HMS_VSF_FVNAMALG_HGGL_L_VA_PGDGDKVKTA_HEN_YFRDV__YSIGA_SIH_LG__LASNIF__GAF_T_A_GP_WTRG_P_______DIP_WS,1,mask-nan
mask-BD7arh-E-V-PLM1,P__LLIGLRFS_G_RRG_M_SLISVIS_I_IALG_AVLIVGLSA_NGFER_L_NRILA_VP_GEIEAVD__WTN__E__DHVQKVPG_A_AA__INFTGL_ESGANLR_IQVK_VNP_Q____S_LP___Q_D__RNFKAGEQQIII_K__A___KVKQGDW___MI_NS__EHKLMQPK__RLHVA_ILQ_SG_LDHSFA_IPLADAQ_YLDMGSSV_G___KM_DVF____LV___GEVTN_YVYI__WI_TYG_M_RDIQMI_A_MYL_MVL_I_VACFNIVS_LVMA_KDKSG________GAKDGL_R_IFVWY_LLA_L_G___G_IIG_VVSLQ___II_W_EKLIGHQFLS_D_YFI_FLPSELHWLD_FYVL_TA__LS_L_S__PA_R_SN__PA_VLS,1,mask-nan
mask-nan,M_EM_DFFENDELDREPSPM__EA_ED_SGEGGTRR_VE_________ANPRLA_NE___TGPKG_SA_RETLK__KP_PK____AN_EKL__K__YWG__MFPKM__ED__NRVET_GTRRQVKVFM_KH___ET_EDSEHEEQE_Q_NGIIDDGASDNDDDLFKD_PE_EVTT_KAK_S_KS_QKTAEIDE___EEYRM___ERLREEQE_KEAAD__A__E_F__MN_DW,0,mask-Q9TXI0
mask-nan,MDIE_KQ_EI__Q_VK_A_TC_SE_LGP_IIEATSHPS_FA______LPNV_QL_GTTDSVYLDL_RLFA__TWG_YKCNA__L_HLSPDQILKL_Q___L_LAES__VLPYDT__VEL_VS__RELEDFLIN_C__AGI_RG___Q_K__FEV__AAGR_L__GQ_GN__H_LSNWL_T__N_LI_IQDKI_WADNMSEM_K_HR_EAEE_VEE_KKS_SMK_DV_IR_NKEMFGE_S__MDYEEDGI_PKR_RHP_TR,0,mask-Q94JU3
mask-nan,MSEAY_RVESG___P__NFLSLD__LMSHEKLPVR___AMPRL__FFLERSA__ET_N_VP_GSK__LP_W_A_GLFDNKRR_LSVEL_KI_QE__RT__SAD_N__D__KM_PH_YGFGSQ_LHFD_PE_A_ISQSLLQT___RFRRI_DSS__A____TSALVA_LDEMERGL___G_KGL_DFQC___G_ASQIT_SNL_QN_KKRKFTDMED,0,mask-Q9BRX5
mask-BD7d0j-I-B-SQD1,_F____WA_SVFVPLTG_V___IAMATLFVYIEK_AP,1,mask-nan
mask-BD7sus-A-A-OLC1,MKTII_LSYI_C__FA__K_DDD_FD_YY_ADN_SECEYT_WK_SGAL_P__YMLVFLL__TG_G_VL_T_F_S__EK_R_AD_FIA_LAVADLT_VV_L_LWA__TYRDYDW_____FC__SS_LI_V_MYASAF_LTGLS___YLA_VRP___ARLRLRVSGA__TAVL_VLAALL_MPVMVL_T_GD_CN__KVQC_M_Y_M_A_V_SEW_WEVGLGVSST_VGFVVP_T_C__C___I_QTIAM_KY__TVCGYIYNP_DGDPDNGV_P_TD__DIP_D___P_CGV_____E_VEER_RLL_ICVVLVV__ALCW__Y_L_KTLYML_SLLHWPCD_DLFLMNIFP_CTCI__VNSCLN_F__AFFDPRF_Q_CTSM_LMGQ_RLE_LFQG__HH_HHHH__,1,mask-nan
mask-nan,M_ANL_I_KKRKFV_DGIFK_E_N_FL_RELAED___GV__R_TPS_T_I_IMATKTQQ_LGE_GRR_RELTA_VQ__F_FET__IE_Y_E_VAARG__AIAQA_S___KLTGGLAV_R_C_GVLR_IM_SGAKGCEVVV__KL_GQ__K_M_FVDG_MIHSGD_C____E_ATRH_LLRQG_LGIKVK__LPYD_K__IG_KKPLP__VS__EPKE_KI_ETP_T_YKIPPPSK__D_LSEAKVL,0,mask-Q06559
mask-nan,MDDSMDYP__DGDDLD_F_GTARSQVV_NQPH__EVN_SESES_AGADEP_A__RD_SL__SH__DE_PA_PARTLS_TG_EA__HA_G_IAN_DEA_PGA__AQEYKH_N___DVRELFSY_G_YKPQT_E_D_RIK___PDY_PAV_GIDE_IKVPR_DT_PD_LG_K_LDEPAA_QS_P_VLTLQLRQ_SKE___AKADMV_RL__TDENKA_K_QQW__SINDIHKAKP_ATVNYSKR_PE___LM_EW__E_ETFLK__HM_SGD_EL_IKTYARL_CTL___P__D_PV_SLHV__TLYL_F_N_PIF__HMEM_NK_D__SG_G_G_M___A_VLGL,0,mask-A2T2X4
mask-BD5t77-A-A-OLC1,MSILFS__LF_IATFFSRILG_FR_VLFAKYFG__YE_DA__IAIM_PFFLRKVF__GAMSS__VP_YSEKSGEEKDK_LSSVI_GF__IILAL_ILSYFFPEL_INL__AGSSH__KIL_KKLL_I__PSI_FIFL_A__YSILNTN__FFWPA______N_T__I_T___TKYGIISP__G__IGSILMFF____SIIKHKY_FTIKH_PHF_KL_F_TF_TM__S_INT_V_MNV__F_DKGS____QYAS__YLLPYGL_AVSV_TV___K_S_DRKNFN_H__DA_K___FFT_P_M_G_IF_ST_IIRF_YEHGAF_SKD_LITSK__I__TLGL_FYGIYSTISRSYH____TK_PF_AAT_V_LSN_I_DIIF_LKYGPI_VA__T_IA__I_VL_LLFS_KTFPI_DFLKI__NSLIM_F_IYLTD_TD__FWF__QILIG_LVYLIF_S_FY_D_IRRFLYA__K,1,mask-nan
mask-nan,MSKPI_VRFEVPED__EKAY___K_AR_TGRIKKGTNET__A_ERGLAKLVV_AED_DPP_I__HLPL_CD_K__PYVYVPS_K___EA_GIE_AAA___IIEP__AETL____VEKVKE__A_AGV,0,mask-Q9YAX7
mask-BD6su3-A-A-LFA1,_A__T_KEI_SL_NFNRIA__F___QML_V_ALANDF_LP_TG__LN__PG__F_A_VVILET_VGLA_ALFLGL_ALFHFIVS_GNFF_R__A__MKNQNIFRWVEY__SS___I_LIA__CGI_DIV_LLAIFGV___MIL__W_QEKY_QPK_G_LLPFW_GC_A_I_PWI_LLIYV_AP_STS_V__PGFVYG_IIS_FLFFNS_AL__YLQY_GKGKW____R_E_AYIVLSLVAKSALA__IFSGTL__A_EH_HHHH,1,mask-nan
mask-nan,MNHDPFSWGRP_DSTYG_YN_Q___AGA_PMVN__QP_V_GTSVI_M__DN_VIIAADN_GS_GSLLRF_GVE_LIPVGDN__VGIS_D____Q_IER_LKDLVTENA_DNPLADAE__LEPS_IF_YLATV_Y__RSKM_PLWNAIIVA_VQ___D_FL_Y__LL__T_S__TLATGF_A_MANPLLRKV_D_ESDIP_TTV_V____I_N_M_V_Y_R_ARSSRN_SLAIID_NTGLTFK_NL_VEN___DFA____GYGTQ__,0,mask-P30657
mask-BD5jki-A-A-OLC1,_HH__H_S___ENL_FQGH_Y___SL_L_FLILAA_IH_NA_QS_DE_ISKAAVLIR_PWLN_V_TG__H_G_S__L_PLIVIIGAGM_FYRK_W_G_LM__VFGTD_LLN_V_KEWIERV_P_FA_LVH_S_F_F_SGHSMNAACVYPVIAY_LVKH_PFLS__KKMVYII____AV_VGI_R__LG___V_DVL_GFSLGLLLF_LVK_FDE__KRFRQK,1,mask-nan
mask-BD6sl5-L-L-4RF1,QQVIQPLNGDPFV_ML_TPV_SA____NYLSN__AYRT_VAPN___VEIG__HGFL__G_F__LG_LR__PGTAEVVGCMSAAL___L_LCL__Y_NA___NQPSM_K_T_SG_PLP__PLM_E__WA_FAAGFT_G_LSGVAWAYIL_QVCLGR,1,mask-nan
mask-BD4ec7-A-A-L441,E_HPVH__GE_SVCDSVSA_VTK_T__DIK_N_VTV_E___LDNKVYKEYFFE_K_KN_N_EPS__RGIDSSHWN__CTETDT_I_ALTMEGN___WRFI_I_TA_VCVIT__K__,1,mask-nan
mask-nan,M_FAIVV___A_GTQ_AS____FAQ_LI_DGH_L_SV_FYR_GV__ANQLTSPASDE_D_VRA_Q___A_HG__LN_CVAAALRRG_VD_TEA__LGLASS_LQ_GFT_SGLGALA_ASLT_DRV_QF,0,mask-P45532
mask-nan,M__M____QK_TNILKSGL_KTI_V__EA_LQNGREV_AVQAG_SDTME__ET_T_GY_S_KDYAY_DS_P_HYG_FDGDNE_D_MVSDSS___DT_NKR_S_TLP_DY_VNQRA______EPENDNELRLAE_DIVF_SYKHGQGWLVAEN_SG_KT____E_F_SYIQP___E_EVE_KA_PF_LTHLITQSVS_K_NIDNT___EYDDNDE_EDI_D_A_VEA_M_T_LD_SD,0,mask-Q12163
mask-BD2i5n-L-L-HTO1,ALLS_E_K_RVRG_TLIGGDL_DFWVGPYF_G_FGVSAI_FIF_G_SLIGYA__QGPT__PF_I_IN___LK____A_PLLEG_FW___T_CALGAFISWML_E_E_S_KLGIGWHVPL__CV_IFM__V_QVFR_L_L_SW_HAFP_G_LSHLDWV__FG_QYLN_H_NP_H_S_VSFLF_____L_LHGGLI_SV__PG_G_KVK___HENQ__RDVV__SIGALS_H_LG_FLASNIFLTGAFGTIASGPFW___WPE_WG_W_D_PFWS,1,mask-nan
mask-nan,_KR_FT_LEVMLALAIF_L__T_____A__A__NQ_VLE_KTVA_WV__NQTAL_YL_TRGQRA_RQ_GE__MAGS__YWR__PL__GNALLQAVDIE_SLHED_SSVIQ_RRAW_SAVGGQQ,0,mask-Q8VPC3
mask-BD4ogq-C-D-SQD1,MRN_CTR__LTRT___MVKTLFIA_ASVT_FF_S_LALPQS_AAYPFWAQ__YP_TP_EP_GRIVCANC_L___PTEV_VPQSVLP____KAV_KIPYD_SVQQV__DGS_V__NVGAV_MLPE___IAPED___EELKEEIGDVYFQPY_EDKDNI_IV_PL__E__QEIVF_VLS_N_A_D___HFGKYSVH__G_RG__QVY_TGEKSN_NLY_AAATG__S_I_KQEGE_GS__YLVDIK_ESGE_V_D__P_GP_L_VSEGQAV_A_DAL_NNP_V__FGQLDAE_VLQDAN__G_LIA__A_VM__QVMLVLKK___EK__AAE___,1,mask-nan
mask-BD5dir-A-A-OLC1,G_SHH_HHHSSGLV_RG__M__VDRFGR___LW_T__VFVLDQV__A_FQAEL_M_QQIVVIPDLFSW_LA_____A_SFLADS_G_QRW_FA__AI_VSASLVVWL_R_____T_LA_ALALVLG_AL___YD_M_LG_VVDFILVH_QNRWYFPAFN_ADSA__VGAVMLA_D__RSK_SG_AA_G,1,mask-nan
mask-BD6zzx-2-2-DGA1,RPTWYPGA_PPK__DGTML___GF__LRL_SKDKDVL_YY__GELTNGRWA__A_AG___T_L__LGP_WE_GAK_ES_FD__TLII_EVV_FAIL_GFRV____KTG_TGLG_FAPFDP_NMRS__TRLKELKN_R___LAF_GFSS_____GKGPI_CL__HL_DPGHNNI_TSS__NEAL__VLV_SITP_L_EA__R_QGTDEEEFRPLPW,1,mask-nan
mask-BD7bgi-1-1-SQD1,KAGN_LP_S__PA_LPD_LPG__GFDP_SLG_EP_SLK____SE__HG_WAM__V__SLA_ELL_YGNWY_AP_W_VNGG_AT___IEVPF_LNAL_A_EFVAMAAAEG_RG__G__VYPGG_FDPLGF_KD_SKSG__KLKEIK_G_LAMVAFLGF_AQ_AAT___PIAALGEHLA_PWGA_F__N__SV_FF,1,mask-nan
mask-BD7oui-B-L-SQD1,MG_PWYRVHTV_LNDPGR_LAVH__HTALVAGWA__MA_YELA_F__SDPVLD__WR_GMFVI__M___GITNSWGGWN_T___IT__G_WS_EG_AGAHIVFSGL_F_A_I_H__YW_LEIFCDERT_K____LPK_FG_HL_L_GVA_FGF___HVTGL_GP_I_VSD__G_TGK_QPV_PA_G__G_DPF__GGIA__H_AAGTLGI_AGLF__SVRPP_R_Y_GLRMGNIET__S_SI_AVFFAAFVVAGTMWYGSA__PIE__G_TRYQ__Q__FQQEIY_R_SA__AEN___SEAW_K_PE_LAFYD_IG___AKGGL_RA_SMDNGDGIA_GWLGHPV___K_G__LF_RRM_TFF_TFP_VLVDGDGI_RADVPF_RA_SKY_VEQV_V_V__YG_ELNGVSYS_P_TVKKYARRAQ_G__FELD__TL__D__FR_SP_GWFT_GHAS_A_LFFFG_IW_G___LF_D___GI_PDLD,1,mask-nan
mask-BD6peq-F-D-OLC2,AFTFAAF___L_LVLC__L_FF_IWH_IA___LR__FVHARERLR__ERIC__LRKLVLPE_SIHSLFCIMF__A_EWL_LGLNVPLLFYH_WR_FHCNA__L___Q_EAW_K_A_YL_SFFY_L_CM_YTL__,1,mask-nan
mask-BD4djh-B-B-OLC1,_G_TMGSEDAQ_EPA_IS_AIPV_IT_VYSVV_VVGLVGNS__M_V_I___KM_TAT_I__FNLALA_ALV_TTMPF_S_VYLMN_W__GDV_CKI_LSID_Y_MFT_IF__TMMSVD__I_V__PVKALDFRT_LKA__I_I_IW__S__VGI_AIVLG___VR_DV__I_C_LQ_PD___SWWDLFMKICVF_FAFV_PV_II_VC__LM_LRLKS_RLLS_N_F_ML_IDEGLRLKIY_DT__Y__I__GHLL_KSPSLN__K__LD__IG__TNG____DE_E_LFNQDVDAAVRGIL_NAK_KP______AVRRA_LINMVFQMG_TGVA__TNS_R_LQQ_R_D_A__NLA__RWYN_TPNRAKRV__TFRT__WDAYRE_D__L_R_TR_VLV_VAV_V_CWTPIHIFILVE__GST_HST_ALSSYYFCI_L__TN__LNPI_YAFLD_NFKRCFR_F_FP_KMRMERQST_,1,mask-nan
mask-nan,M_YE_TPFDPI_V_PSDK_RVA_FYD_DVG__AYGAGHP_K_HRIRM_H_LI_NYG_YKKMEIYRAKPA_K__MC_F__D__ID_LSRVTPD__E__KR_SVKFNV_DDCP__DGL_EY_SI__G__MEGAA_LN_G_C__AV_Y_GGLH__KK_EASG__YLN_IV___IEL__YHPRVLYI__DV_HGDGVEEAFYT_DR_MTCSFHKYGEFF_G_GELRDI_VGA__NY__NVP_RDG_DD_T__S_F__V_KK_ME_YQPSAVVL_CG_DSLSG_RLGCF__SME_H_______KSF_IPMM__G__GYTM_NVARTW_FETG_L__VVLDK___YNEYY___GPDYKLS_R_SNM_N__TPEYLD_V_TNI__NLENTKY___VQLNHTP_DA_DLGD_EEDSAEAKDTK__SQYARDL___HDNE_Y,0,mask-P32561
mask-nan,__HQ__C__VETIRRAYPDAN__NDRVL_AMLKAEET__PS_S_FKC_Q__VLPSMRK__AT____VCE_Q_CEEEVF_LAMN_L__FLSLE_VK_S_LQ__GA_CM__ASK_KETI___A_K_CIYT_NSIRPEEL_QMELLLVN_LKWN__AM__HD_IE__LS_MP__E_NK__IRK_AQTFVAL_ATDVKFISN_PSM__AGSV_A__QG_NLR__NN_L_YYR__RF_S_VIKCDPD_L_AC_E_I_ALLESSLRQA__NMD_KA__EEEEEEEEVDLACTPTD__D_DI,0,mask-P24385
mask-BD5zty-A-A-OLA1,M_T_IALS_I____F_G_P__KDYMI______T_V__LC_L____SALENVAV__LIL__HQLRRKPSYL__G__ALA_FL__V_FA_SFVN_H__HGVDS_AVFL_KIGSVTMT_TA_VGSLLLAAIDRYL_L_Y_PSYKA_LTRGRALV__G__WVLSALVSYLPLMGW_CCPRPCS__FP__PNDYLLSWLLF___LFSG_IYT_G_VL_KA_Q_VASNIFEMLR_DEGLRLKIY___EGY_TI__G_L_T_SPSLN_AK_ELDKA__RNTN_VIT_DEAE_LFNQD_DAA___ILRNAKL_PV_DSL_AVR_AA__N_V_QM_ETGVAGF_N_LRML_QKRWD_AA__LA_SRW_NQTP_RAKRVIT__R__TW_AYARM___VE_AKTLGLVL___LI_W_PVLAL_A_S_A_TL__QV_KA_AFCSMLCLINSM_N_VIYA_R_EEI_SS_HHC___W_K_V__LGEFLEVLF_GPHHH___HH__DYK_D_D_,1,mask-nan
mask-nan,MALWQQGQKLYLPPTPVSKV_CSET_V__KSIFYH__T__LLTIG__Y__VSI__K_V_KVSA_Q__VF__Q_PDPNQF__PD__VHN_S_E_LVWAVIGVQVS_G_P_GGTVTGH_TF_ALLDAEN_N_KV_TQT___RK_TGLDAK__QI_LLGCT_AEG_Y__TARP_VTDRLENG_C_PLE_K_KHI_DG_MME_GF_A_NFKEINA_KS__PL_IQN_ICL_PD_____EDA_GNSM_FFARKE_VY_R___TR__SEKEA_TTD______KGDATLKIPS___GSPSG_LVS_DNQ___RPYWLFR_QGMNN__A_NNLLFLTV___TRGTNLTIS_AS_G__LTEY__S_F_VY_RHM_E___AFI_ELCS_E_TAQT_SHLQG__PSVLE_WEIGVQP_TSSILEDT_RYIES_A_K_AS_V_PA__DPY_GFK__N__LK_KLSL_L____LGRRFLA_QGAGCSTVRK_R_SQK___KP_K_KKK,0,mask-P03103
mask-nan,GFG__FKFL_KK_AKTVA_QAA_Q__KYVV__QME,0,mask-P83619
mask-BD7y5e-J2-J2-3XQ1,_NFL_Y_S_M__AGTIFM_FTAG_VI_V_RF_PDALFF,1,mask-nan
mask-BD6ol9-A-A-OLA1,GAPLER_RL_EV_TI_AVTA_VSLI_IV_NVL_MISFKVNSQL__VN_YYLLSLA_ADLI___F_MNLY_TYILMG_WA_GSLACDLWLALD_VA__ARVMN_LVI_F_R_FS__R_LT_RA_RTPKRAGIM_G_AWLI__ILWA_AILCWQ__VGKR_VP___CQIQFLSEP_I_FG_AIA__YIPV_VMTIL_C_I_R__EKR__IFE_LRI____RLK_Y_DT____TIG_GHLLT_S____AA_SE_DK__G_N_NG_ITK__AE_LFN_DVD_A_RG_LR__K_KPVY___D_V___AL__MV_QMGETGVA_FTN_L_MLQ_KRW___AVN__KS_WY_QTPN__KRVITTFRTG__D__RVVLVKERKA_QTLSA_L_AFIITWT_YNIMVL__TFC_KCV_VTLW__G_WLCY_NS_VNP__YA__NR_FR_T_K_LLL_RW_KKKVEEKLYWQGNS__PSSH_HHH__HHH,1,mask-nan
mask-nan,I_G__ECN__EHR_L__L_T_RSRT_FCGGT__NQEW_LT_AH_DRKNFR___G____KVP__D_QTR_PKE_FFCL_S_NY_LWDKDI__IRLDSPV__SK_I_PFSLP_SPPSVGSVCRIM__GRI_PT___Y_DVPH_V_IN_L_YE_CRA_YPEFE_P_TSR_LCAGIL___KDTCK_DSGGPLICNG_FQGIASWG__P__QPHKP_AY_KVFDHLDWI_NI_AG_TDA__P_,0,mask-I4CHP3
mask-nan,MDPF__L_HS__GSLSGN_LMEL_FL_RER__KRKL__VQSGL__F_VL__Q_DLERG_TG__REL__S_R___LL_RLDDFEAG_A_A_P__E_DL_VAF_IVCDNVG__WKRLARELKVS_AKM_GI__KYP_SLS_RV_ESLKVWKNA_KKN_S_A__V_A_RTCR_NL__DLV_E_QESVSKSENMSPVLRDST___S_TP,0,mask-Q61160
mask-nan,__AAAELS_LE__LGLSKGN_YS_QGE_QIP__QT_NGPS_T_L_T_AAHLVK_ANKEYLLGS__EEK_I_QQW_E_RV__V_GH_SKNDI_T_LKDLN_YL_DK__LTG__F_L__IL__YGLHR_I_DL_VQ_KE_YLNVSRWFC_IQ_Y_GIR_HLSS_VF_KNRL_T_SH,0,mask-O43324
mask-nan,M___I_F_EIV__LLNI_IND__TM_EKRLL_NY_K_ILDR_Y_SC_YIKKN_ELDFNSM_NQIN____TTS__KSK__E_L_IDSRPSVK_A_LSF_____EK_GEKNRTK_MEILS_EIVEKISN_GK_FIDF_D_DDDDIVDD_VL_TNY____I_GAILG_TA_YICKYLLKS_F,0,mask-Q08FX8
mask-BD5lwy-A-A-OLA1,GG_EFEGRWRV_P_DVLPDW__DND_LL_GH_P_MPS__ACF_SIF__H_ETGNIWT_LLGCV___C_GIFYM_RPN_SFVAPLQ_KV_F_LFFLGA_LCLS_SWLFH_V__HS_G_S_L_S_LDY__I__LIMG_FV__LY__F_C_P__CF_YL__I_VLGIAAIIV__WDM_AT_QYRGVR_G_FL_L_LSGI_PT_HYV_SEGFL_AATI__I__LM_MASLYI_GAALY__R__ERFF_GK_D_W_H_H_LFHIFV__GAFVHFHG_SNLQEFRF_IG_GC__EDAL,1,mask-nan
mask-BD8wb4-3-5-SQD1,__HSRM_RTAI_A_CVAGASAFT_SPAL_K_ASRKA_VSG__MQD_SYA_PF__R__ALDGSMAGD_G___LGFSNYFDLKWL__AELKH_R__MLGC_GF___EQ_NLPL__FD____TEAFF__PAG_LW__FF_LGAIEIITN__K_TP_SM__GGRA_GDLDFDPLNL____TALR_FE_AE_KHA_L_M_GLGGMLHQMLLTKQ_PI_QLT__K_L_,1,mask-nan
mask-BD6zzy-7-6-PLM1,_RE_WF_GNKEVVP_Y_DGSLVGDH_FD_LG_GSSP__L_W__H_EI_H_RLAM_GVAG_LLTSLL_KG_ADV_EWFEAGR__L_R_P_VD_GAL_FSTI_MSG_______N_I_N__SQGSGILPE__K_VG__Q_RTVGGPYVG_RY_D_MG_C_GS__QTL_Y_W__I_NGR_AMMA_LGFAAQYAATGKGP__N_VD_VADP_HTTFV_NGVSVPFI,1,mask-nan
mask-BD1poc-A-A-GEL1,II_P__LWC_H_NKSS_P_ELGRFKHTDACC__H__CPD_MS_GE__HG__NTASHTRLSC_CDDKF_D_LKNSADTIS_YFV__M__NL__TKCYKLEH_VTGC_E_TE_R_LHY__DK_K_K_YQWFD__K_,1,mask-nan
mask-nan,M_ST__G_QS_HPFCLLAF____T_NFCLL_VLIIVFLT_LIISG_I_VI_VFHCAP__NHHTTSYFIQ__AYA___VG___VVPSL_LLHHPL_VE_S_T__IFGF_VSV__S_S_ASLACISID__I__TKPL_Y__LV_P_RLRLC_FL_WLYSTLVF_P____WGKPGYHGDVFQWC_ESWHT__Y__L_IV__L__PAALI__F_YFNIFRI__QHTKD_S__QARFS__SG_T_EVQACP_K_YA_V_F__TSV_YI__LP_IIY_LLESS__HS_RFAS_LTTW___SNSFCNCVIYS_SNSVFQ_G_KRLS___C_SCASQTTA_DP_T__SKGP_NGCHI,0,mask-Q99679
mask-nan,_E_SV__PSV_VV_GQTDI_FTR__RSHRRQSCSVA__GL_L_L_LM___LA_Q_WF_LQ__WR__E_VTRL__GPAGSWEQLIQER_SHEVNPA__LTGAN__L___GGPLLW_T_LGLAFLRGLS__D_ALV_TKAG_YYI_SKVQLGG_GCPLGLAST_THG__K_TP_Y_E__EL__SQQ_PCG_AT_SSR_WWDSSF__GVV_LEAG_KVVVRVL_ER___LR___RSYF___MV,0,mask-O43557
mask-nan,MRLQRGFTL_E_LI_IAI__LL_L_T_RMFDS__Q_DQATR_QEQRMR_LVRAMGALERD_T_AVER_VRD_LGD__GA__SEGEN_Q_VE__RG__RN_LGQARSRLQRVR___SGE__ERR_WL_LDR_Q__K__VQQV_D_VTALSWRFL____NW_GHWPTD_GSEE_R__S_PL___MTL__RHYGKLVR__R__DPPLKQDQPQ_QP_GENGE_G_GG_P__PEGM_GA__,0,mask-Q00517
mask-BD8f4h-F-F-STE1,__SNTPNQE_VSY_IFTVRWVA__TLAV_TI_FLGA_A__QF__R,1,mask-nan
mask-BD7pi0-L-M-SQD1,MA_PN_NKQVVELNR_SLY_GL_LIF__A_L__S_IFN,1,mask-nan
mask-nan,MTEQQWNFA__E_A_SA_Q_NV__I_SLLDEGKQSL_KLAAAWG_S_SEA_Q_VQQKWD_TATEL_NA__N_ART__EAGQ__AST____TGMF_,0,mask-P9WNK7
mask-BD7ymi-1-1-SQD1,_A_KVDTAP_YPWY_GN_R_EDPA__GKWLA__IAQ_ALIVFWVG_NTF_ENQ_FDTSL_M____LVL_PHLA_LG_GVG_GGVV_NT_VF__IG_IHM_SSF_LF_GA__HAKIG_SVL_DGGRGNT__FAFSWDDP_KLGY_LGHH_VL_GT_ALLF_LWIK_H_I_DPTIG_V____A_GSTIGDVVL_YG__TP_Y_CFFVD__EDLAS_H_FIGLV_IA_GIF_IN___LP_SKV__KYTY_PDG_LG_AIG_L__MGF_S__FCAVNTL__P_EF_GP_LEVK_GIAP__KDTA__ADGF__S_AWL_N_TY_L_FYMLQ_HLY_TLK_M_FK_EDI_A_I_RDT_NAP_,1,mask-nan
mask-nan,MRFG_LLNE_LTGFRRNV_MTI_MI__T__SVGL__GGMLVVR_A__SR_I_LDRVESQVFLT__VSAN_SS_D__A_KA_RE_IE_RSDVKAVRF_NRQQA_D__IRKFPQF_DVAGK__FPASFIVK___PEQH___DTAMKGQPGVLDVLN__E_IDRL_AVLDGLSNA_FAV_L_QAI_AI__IAN__Q_AA_T_RT__GI__LV_AS_W_TQLPFLVEA____TMG_GI_VA_L___RALFLE_A_NQFYQ_NL_AKVDY__I_FIT__LLL_GVA___LTAYLT___Y___,0,mask-P9WG19
mask-nan,__PIF_R_P_LQIRL_L_V_V___IIIADSR_GT__QIR__M_TAV__FY_VSNAPRELLD_VSQTLAS__Q_E_ENRALRQE_LLK_S_LL_LGQYKQENARLREL_GS__RQ__QKMVTQVIS_VNDP_SD_VVID___VN__YEGQ_VISDKG_VGQ_VA_AKL__R_LLICD__HALPI___R_DIR__AA__G_TDDL__E_LPANTDIRVGDVL_TS_LGG_FPEGYP_____SV_LD__RA_T__QAR_TA_L___RY_L__WGADRN_AN_MTPEEV_R_ANE__M____QVLPSP_AM__KLPE_A__IAQPTPQQPATG_AATAP_AP_QPA__RS_QRA__P_SGAQPPARAPGGQ,0,mask-P16926
mask-BD7k15-A-A-OLA1,M_TIIA_S_I_C_VF_DYK_D__AGR_SSA_PP_LGVEF_SLLAI_LLSVALA_GLP__SF__WSI___MQKRSV_A_MV_N_ALADL__L_TA_FFLHFLA__TW_FG_A_CR_CHY__GVSMY_SV___TAMSLD_YLAV__P__SQ_LR_K_MAR_VLAGIW_LS__LATPVLAYR_VVPWKT__SL_FPR_PSE_HR_FHLIF_AV_GF_LPF_IVV_S_SDI_RRL__RRAKALIV__STTGN_E_TAETI__E__D_GY_VDSRDAASV___GL_EGFDLVL_G_S_WGD_SIELQDDF_PLFDSLEE_G_QG_KVA__GC_D__WE__C_AVDAIEE_LKN_GAEIVQD_L__D_DPR_ARD_IV__AHDVRG_I__F_R_R_TGR_VV_IIL_FAAFWLPY_V_NLA__GRA_AG_AAGLGL_____SL_R_VLIALAFL_SSV_PVLY_FA___L____GVGFV_____GTGAEFLEVLFQ,1,mask-nan
mask-BD4djh-B-B-OLC1,__TTMGSEDAQ_E_A_I__A_PVIITAV_S_VFV__L_G_SLVMFV_IRYT_MKTATNIY_FNLALAD___TT__P__STVYLMN_WPFGD_LC_IV_SIDYYNM_TSIFTLTMMSV____A_C__VKA_DFRT_LKA_IINICIW_LS____ISA_VLG_T_VREDVD_I_CS_QFPDD_Y___DLFMKICV__FAFVIPV_II_VC_TLM_LR__SV_L_SGN_F__L_IDEG__LKIYKD_EG_Y______LLT_S_SLNAA_SEL_K__GR_T_GVITKDE_E__FN_DVDAAVRGILR__K_KPV_D_LDAVR__A__NMVFQ__ETGVAGF_NS_RM_Q_KRWDEA_VNL_K_R_Y_QTP_R_K_VITTFRT_TWDA_REKD____RITRLVL_VVA_FVV_WT____FILVEALGSTS_S_AAL_S_YFCIA_GY_N_S_N_IL_A_LDENF___FRD_CFPLK_R__RQSTS,1,mask-nan
mask-BD5vew-A-A-OLA1,M_GAPGPL_LALL_LGMV_RA_PRP_G_TVSL_ETVQKW__Y_RQ_QR_LTEDPPPA__LF_NRTFDE_ACWPDG_PGSFV__SC______AS_V_Q_H_Y__CT_E__WLQKD_SS_PWRDLSEC__SKRGE_SS__EQL_F__I_YT__YA__FSA_V_ASA_L_G_RHLH_T_NYIHLNL_A_F__RALSVF_K___LK_MY_TAAQ_H_WDGLLSYQDSLSCRL_FLL_QYC__ANYYW_LV_G_YLY_L_A_SV_S_QWIF_LYV_I_WGV_L_FVVPWGIV_Y_Y_D_G_WTRNSNMN__LI_RLP___AIGVNF_IFV_VICIVVSKLKANLMC___IKCR_AKS_LTLI__L__HEV_FAF_MDEHARGTL_FIK_F_E_SFTS_Q_LMVA_LY_F_N__VQLE_RK_WER_R___LH__RD__MKP_KC_TSSLS_GA__GSSMYTATC_AS_S,1,mask-nan
mask-nan,_SK_G_LL__CLLL_PITA_LMDGDQ_ADR_A_R__Y_I_SEVHRLL___HPPCCM_G_CRR_PGC__ASCCQGG,0,mask-P56529
mask-BD6sl5-2-2-P3H1,_RP_WS_G_EPPAW_DGS__GDYGFD_LHL__E_EMRK_MVQA_LVHCR_AM__VAGILFTSI_AK_GGNF__WYDAG_ELQKNS_IPLG_LIF__LL__G__ET_RLYDLR___SQG__SFLGITD_LK_KE__Y_GG_FDPMGMS__EA_FKEAKQK_VKNG__AM_AFVG___QHH__H_SP_D_LL_H_ADPFHVT_ATN_V__,1,mask-nan
mask-nan,_A_SF_EH__EA_E_L_A_N_R_FKSKLGDRR__PRVTK_AIE_LKDEIDLA__MVGVFT_KDAV_VT_E_L_AIKCNAVA_DLLRN__QSESK_ALSD_SKC___KA_SKVAFS_VN_I_EHWKELI_RVNN_DPI_DI___K_V_TNE_YCT_RN_E_PQKKM__LL_G__TCAGNKGK_V_YDALR__NKFL_DD____E,0,mask-Q9I9N6
mask-nan,MSSIG_G__LSVTT__PDG____IEY_AKA_D_S_TAVGIKCK__IVLGVE_LIQSKMMLPGS_R_I_S_H__SG_A_AG_A_DGRQIVA_A_SEA_N_ES_YG_AVP_KELA_RV__YVHLCTLYW__RP__CGV___G_DRD__QLY_VE_SGISYRYF__AIGK_KQA___EIEKL_LSEMTCRE_I__V_KI__K_HDEAK__AFE_EM_WI_DESKR_H_KV_DNLLQEAK_AA_A_L_EMDAD,0,mask-O24362
mask-BD6wvi-A-A-OLC1,__K_EELFTG_VPILVEL_G_VNG_KF__SG_G_GDATY_KL__K_I_TT_K_PVP__TLVTT_SYG_QC_SR_PDHMK__DFFKS____G_VQERTIFFKDDG__KTRA_V_FE_DTL_NRIEL_GIDFKE_GNI_GHKLE_NYNSH_V_IM_D_QKN_IKVNF_IR___E_GSVQL__HYQQN___GDG_VLLPDN__L_TQ_AL__D_NEKRDH_VLLE_VT_A_IT__MDEL_K,1,mask-nan
mask-BD5y78-A-A-OLC1,MSP_KSSVG______HT_KVGFYFF__YFFN____IANKRTL_MWKY_W_LSTIQL_V_ALYCTF__VLG___KPNVSK_L__ALIWPSLGHT_GHAA_CMS_SLVAIS____VKSAEPV_GAVGSALVL_EFF_PLT_L_LV_I_S___LSA____TF_WTGFI_AMISN_AF_TRN__S_FTMVDF_N_KTL__Q_T_ALITIISFFME_PF_LLM____PLVSAI_GV_K__L__SIM_CSLFY_LY_E_S_LCL__V_PVSFS_GNTI__VIIIF_SIL__RT___RLNFIGS_I__IGTMLYS_AKA_L__KREKQ_TENLYFQ,1,mask-nan
mask-nan,MSR__AL_V__LLSLSGLE_IQR__KI_VYS_HPPENGKPN_L_CYV_GF_PSD_E_DL_KNGEK_G__E_SDLS____WSF_LLYYTEFTPNEKD_YAC_VN__T_SGPR_VK__R_M,0,mask-Q6V7J5
mask-nan,__SAF_L____ITASA__LV_R_AIEAC_S_AGV__D_PGT_D____VEPFNIRLPY_PT_IA_TQTT__IQSAVQ_A_KLN_KVSA_SGGHSYA_FGFG__NGHLMVQ__RM_DVISY_D_TG_A__EPGAR_GHLAT_LNDK_G_AIS_GTCPG_GI_GHFAHG_FGFS_H_HGLAV_S_VGVTVVL__GRI____ATE___L_WGI_G_GSN_GIVAVWKL_TFPAP_VL__FG___NWKNKTS_L__I_A_EDY_R_VAPR__N_R_G_YGAG_P_IEG_YYGT_E_W__AFQPLLDTLPA_YV_N_TT_LNWIE_VLSY_NFDHVD_IT_QPV_NFY_KSLTLKSIKGDAVK_FV_YY___SNKVKDR_W__QLDV___KN__VTKV__AE_AYP_R_KLWLIQFY_R_DN__TYP__SFKFLDGW__SV__ALPK___GMYINYADPRMD_DY_TKV_YG__LARLQ__K_KF_P_DRF_Y_QAV__V_,0,mask-I1SB12
mask-nan,MA_M_KRLQK__LALQNDP_PG____EKS_QNSI_QW_V_MEGAPGT_YE_EKFQLLF_FSS_Y_FDSPQVMFTGE__PVHP__Y_NGHICLS_LTE__S____VQSVCLS___M_SSC_EK__PP__SFYVRTCNKN_KK_K__YHDD__,0,mask-Q96B02
mask-nan,MYIE_A_QQQQS_SDNS_APVWIVIL__ITA_FV_AL_H___VS_VFTI_IWQ_R_VN_FLNNQLLANQ_YL__T_DP_T_N_DQ_V_VMRAVG_Y_R_PV___L_VLA_VLYNS_V_L_YRKTYD_K__R_Q_QFNW_AIM_I_KE_L_SQ__NKGP______PMEFARKYN_LRKDDALLDN_V__EEM_A_IR_GDAKR_F_MQLG_Y_DGFERCS__AYALSAVFMA_M_R___AANNIL_V__KTF_D_KPD___ARPVMK_YQNSEL_Q_VVAKHAYVL_VI__LLEAAREDGVVPS_E_LW_K_VDR__WYMLNC_GR_TP_SEVA____HWK___EM_R_S_VPMIDE__R_LEIAVKEVR___R_MEELE_,0,mask-Q5ZYC7
mask-nan,_VAIK_L_LVALT_V__LAVPSPL__RA_TW_C__D_K_P__NKYE__RLLYN_N_AESNSHHA_L__GKTGSSY_HW_TNG_DG_G__PKGRT_IK_GKSDCDRP___SK_G_GK___YLL_FPTFPDG__YKFDS_KP_ENP_PARVIYT_PNK_FCG_I___KENQ_ELKL_SH,0,mask-P00655
mask-BD6o9f-A-A-LTV1,MRSSLVLFFVS_WT_L_SPIRR_V_QDLF_Q_NLF_Q_SA_AYCGK_N_A_AG_N_TC_G_ACPE_EKAD_TFLYSFEDS_V__V_GFL_L__TNK_IV_SFRGSRSI_NWIGN_NFDLKEI____SGC_GH_G_T_S__S_ADT_RQ_VEDA_RE_PDYR__F_GHSLGGAL___AGADL_GNG_DIDVFSY__P_V_NRA_AEF__V_TG_T_YRI_HT___VPRLP_REF_YS_SSPEYWI_SGT__P_T_ND_VKIE_IDA_G___QP__PD_PAHLWYFG_IG_C_,1,mask-nan
mask-nan,MPDF_GHAEN_LREEE_A__NETVIQVA_R_LVGRRILDIY_PLGAG___V___EFQG__PG_VD_V_EQETAMVFT_A_K___I_IIYKDF___W_DIEAA__H___L_V__AAGA_AL_AQQE_EL_FYGD_RLGY_G_MT__GR__VP__D_TSPGGGFQAIVE___K_NE____GP_AVVLSPRLYSQ_HRI_EKTG_LEIETIRQ___DGVYQ__RLRGESG_V__TGRE____A_SM__VAAYL__SR_NHPFRV_EAL_L_I_HPDAICTLEGA_ATERR,0,mask-Q1D6H4
mask-BD5jsi-A-A-LFA1,MEELTYR_FMV_TVG_LA___F_LASSR_VKPEHRRG__I_ALVCGIA_YHYQK__ASWES__YDTG__YVD_V_T__LM_VEVLA_TRKG_AYN_AVRNW_IAAT__I__GYYG__SAAGSNEYWTGFVIAMA_YV__MR__QA__EGLK_D_AV__EN___LILVG_IIYPLG__AP_VG___AIREVLYTI__IINK__LGV_V__M_RVQS___V_,1,mask-nan
mask-BD7vd6-17-17-SQD1,_K_AIAA___TS__AFT_SPASRAT_SLQV_EIELGA__P_GVFDP_G_L_TEPE_FERRR_V__KHGRV_M_AVVG_I___NHI_FDG_I__SNNLKF_DI_TGI_GI_SVPTA__AQI____G__ELAWL_AS______GVGY_GNDILDPEEKAR_LNAE__N_RAA_MG_M_N_VA__ITGQTMYEQ_AAGHFNPFNDG_GFF,1,mask-nan
mask-BD6tjv-C-C-PGT1,M_AI__L_DT_TVFVLSGYE_F_G_LIICS_V__LALA_SALLRP__G_MI__TTYESGMEP_G_AWIQFN__YYMFA_V_V_F_VETVFL__WA_AFH_LGL_AFIEA_I_I__L__A_VYAWR_RA_EWS,1,mask-nan
mask-nan,MLG_GQ_RLRPR__R__AGGRVAD____LPPARG_WRE__TG_ALG_SSP_RPA_G_SSPG_____SSRPGSP_GAE_A___R__LS_GISQ_TGSA__W_TRRTGKGLGYNSD_IRP___L_EHLMEGG__DHH__T_L_GTQ_IIV_E_HKKIKEAFE__D_ESNNTVDV_EIGTIIRSL_CCPTEG____LIAE_EE_E_TGYIR_E__LPVMTE_LLER_YR_IPEDV_LR___VL_SAKR_F_TKD_LIK_MT_ED_VS_RRP_,0,mask-Q5VUJ9
mask-nan,MA_LE_VTLGNIGKD__Q_LVL_PRGVN___GVASLSQAG_VPALEK_VT_S_SQP_RNRKNY_VQVKIQ_PTACTA_GS_DPSVTRQ___DV_FS____STDEERAFVRT_L_ALL_SPLLIDAID_LN__YWTLLI__G_S____DP_IPDPPID_____GKYT__FAI__LEE_Y_PPTKNRP_PIY_A_ELQ___FDV_LKD_L_NTKWRD_DSRL_YT_____R__GYI_LDA____TDQ_MRDQKY_IR__KK_GAF_NIER_IY_K_I__YCSLSDIAAYHA_GVIVGFWRDPS__G_IPFDFTKF__TKC___AVI_V___,0,mask-Q8LTE1
mask-nan,MPVLIPP_EHSQ_TRV_HPAWREA__A_A_EAHQLTDR___E__T_W_PN_S_R_PHVA_HL_R_AYIL__RFRVE__KGG__M__PP_G__VT_WKS___P_AWHARL__P_HR_ARALQ_AEVVQA__RGA_L__AR_G__Q_QING_LRLLQ_QREATDRR__EVRK_L___QQS__LRGYR__S__IS__A_SM_TW_KEEL_S_K_KM_ADMEKSE__L_TLAS__DALVF__KE_L_A_ELMNQ_LDKV_E_AGR_SW____RVPTPRTQ_L_TPPPDPVGTYT_E_AKA_YEA_R__MESK__LLDMAKNEEDIR_Q___ISDRVC_S_AQ_MR_TLELKDRLNM_L_LM_G_IHRCTKFNQ_M_ITRG_I_GPL__SH__T_E_L_R_LV__YQR___TQLPE_ARLAQG_DKLQRHISHVEKNLDELLSM__KLTW_F_C_K_GHN_DY_VVRL__RQRHPQVC_EQ_QR_V_D_D_RT_PRVK_NTAITK,0,mask-Q2YDN4
mask-nan,MTEIVADKT_E__KNAIE_A__A_DLYNK_L_QV_PWQTF_ETI_E_SR_KQE__QA__VLV_DIKTLL_DSQD_YFE_TQTVYEW__V_TQLLAAY_L_FDEY_E_KASAQK_I_IKVLDD_IT__N__QKS_L_____F_NASGKLLA_____TNDF__KSS_FQS__D__RKE_YAGAAAGVV____GLI_SY_IAAGVVEG_L_PELKN_LKSVQ_FFTT_S_T_KQAN_DIDAAKL_LT_E_AAI_EI_TE_ETT_FY_DYD_L_LSL_K_AAKKM_NTC__YQ_R_GKK_LFE_PE_,0,mask-P77335
mask-BD6zzx-F-8-LAP1,DVAGLT_C_E__AFA__KK__VKALNK_LKNYEA_SA__LAL_ATIART_AR_DK_A_QGLL_GTDGLPHLIADPG_ALRY____D_F____GF_YF_G_LG__GSKYLQ_VA__A_P_EKE_IIDV_LAWKLL_EGFGWPLRAFAE_KN_S___DD__ITV_PR,1,mask-nan
mask-BD4rp9-A-A-TGL1,_EILYN__TVF__QVM___PLLL_IVT__GYILL_KSV_VIIK_TI_TII___L_QAGSG_LTSTFK_V_AKM_EV_GING_ISDT__SMMAT_DR_GDAYS_V_Y_____LA_NICYV_LRRITGI_TIML_GHIMFQ__GLI__TLFI__YSMWTTI_CTAI__S_YWGITSN_M_K__QEVTD_CG___G___QF_SW_AYKV_P_LGK_EES_ED__LPGW_NIFH_NI_STA_VM_IF_G__LLSFGIDTVQAMAGKV_W_VY_L_TG__FA_AIFIITQ____FVAELSE_F_GIS___IPGA_L_ID___I_SFA_NAVVW___WGTI_QLIAVGILVACG_SILIIP_FI_MFFSN_T_GVF_N_FGGWRAALKICLVMG___IFG_VWAVK_T_MSAW_GMAD_SILAP_M___FF_IGI_FM_VII_IAL__M_FAG__L___E_AE_QLAE__A,1,mask-nan
mask-BD8ijr-A-A-Z0P1,MAGP_QLC___WTTKH_AV__K_EG__EYVDILCNKHRLDGITLLTLTEY___SPPL__KVL__IKRLMLSVR_LQ__H__VLE_M_YNSDSPMGSM_PFISALQSTDWLCNGELSHD___PI_D__SD___Y_N_K__HSVRRLDPEY_KTI_S___VFIVFGFTSFIMV__HERV_DMQTYPP__DIFLDSVP_I__A_AM____GM_LCYIWL_V_LLH_H_SI_LRRL_SL_G__FLLR_FTMF__SLSV____LQ___KIYGSVW_KLHRAFA_W_GFGMT__GV_TCGD___S_H__VLTMLNF_VTEYT_RS_NFLH_LSWVL___GI_FILA_H___SIDV__AF__TTRLFL_YH____T_A_QQ__RARI_FPMFS_FE_NVNGT_P_E__W_F___AIMKRLIG,1,mask-nan
mask-nan,MT_P_TDADAAV_RRVLI_E_EALIR_DLAEM__EEGYEI_G_A_D__EAV_LA__HK_DLVI____M__R_GI_A_SEI_SKRI_P__VLT_F_QRDLVERAR_AGAMA_LVKPFSISDLI_AI_LAV_RF__I_ALE_E_ATLSER__TR_LV__AKG__QTK__MTEPDAFKWIQRA_MDRRT__KRV_E__LET_GT___T,0,mask-P9WGM3
mask-nan,MAFVC_AIG__Y__LI_T_FGCTSSS_TE___NP_QDFE_V_PGYL__L__QW___L_LDHFK__T_EY__KYRNI_SETWKTI___NLH_KDGFDLNKGIEAK_HTLLPW_CT_GSEVQS___ETTYWI_PQGIPE_KV__MDC_YYNW_YL__SWK__IGVLL__N_NLFYWYEGLDHA__CVDYIKAD__NI__RF_YL_A_DYKD_Y_CVNGS__N_P_RSSYFT_QLQNIV_PLPPVYLT__RES_C__KLKWS__LGP_PA__FD_EIEIR_DD___VTATV_N_T__L___NETRQLCF__RS_V_IYCS_D__WS_WS__QCWEGEDLSKK___RFWL_F_F_LILVIF__GL__RKPNTY_KMI_EF_CD_,0,mask-Q14627
mask-BD6pt2-A-A-OLA1,MKTIIAL__I_C_VFAD_KDD_D_K_QT_HHH_H___HHE_LYFQG_TTMAD_EDN_E_LN_NLKVIEKAD_AA_V__A__K_RA__LDAQKAT__K__D_SPDSPEMKD_R_GFD_LV_QID_A__LANE__VKEA_A__EQLK__RNAYI_KYLRSASSLALAIAITALY____A_GLLGNVL_M__IVRYTKM_TATN__IF_LA_AG_LATS___FQS___L__TW_F__L_CKAVL_ID_YS_FT____L_____DRYIAVC_PVK_LDFR_PA_A_L_NICIWV___GVG__I_VMA_TR_RDG_VVCML_F_SP_WYWDTV_KICVF_FAFVVP_L_IT_CYGL_LLR_RSVRLL__SKEKDRSLRRITRM__VVVVAF_VCW_PIHIFV__W__VDIDRR__LVVAAL___IALG_I_SSL_PVLY__L___FK_CF_QLCRKPCG,1,mask-nan
mask-nan,_AK_VF__CF__FSG__FAFSS__QPQQNECQ_QK__ALK_DNRI_SEG_LI_TWN__NKPFQCAGVA_SR_T_NRNA_RRPS_T_GP_E_YIQQ_K__F__IYPG_PSTFE_P__PQQRGQSS_PQDR_____NFR__DLIA_PTGVAW_M_NNEDTPV__VSI___NSLENQLDQMPR_FYLAGNQ_Q____YQQEQGGHQSQK__H_QE______S__SGFT_EFL_HAF_V__QIA___QG_N_G_DKGAIV_VK_GLSVIK_PTDEQ__RPQEEEEE_E_E___C_GKDK_C___RG_Q______GI_ETIC_M_LR_N_GQTSS__IYN_QA_SV_T_T_LDFP_LSWLRL_AEFGSLRK__MFV_H_NLNANS_I_A__GR_L__VVNCN_ERVFDGE_QEG_VLI__QNFVVAARSQ__NFEY_SFKTND_P___TL_GANSLL_A_PEEVIQ_TFNLK_QQARQIKN_NPFKFL_P__ESQKRAVA,0,mask-P04776
mask-BD4fbz-A-A-L2P1,MAATVGP_SIWLWIGTIG_TLG_LYF_GR__GVRDRK__EFY_ITTFIT_I__AMY_A_ATG_GV_EVV_G_EA_TIYWAR_ADWLFTTP_LLLDL_LLAGANRNTIAT_IG_DVF_I______A_AA_P_TR_A_____T__LL_LL_VLVGT_SK_A_GQSPEVA__F_R_R_LVIVL_LLY_VVWIL_TEG_FGILPL_W_TAAFM_LDL___VGF__V_L___SVLRRVVT____PT,1,mask-nan
mask-BD6a2j-A-A-OLC1,_ML_DPM_KAL__L_V__TFVMLI_LI_G_LVTK_G___GC_RQ___CHGRF_PELNPA_I___SH___SGI__ILVLS__FWS_R_IT_I_RET_F_AI_S__F_FLQ_LLGALAVVFGSNA_I_ALHFG__LIS_ASVLI_TLL__E___S___L_KPL_IGKKMQF_MIGILI_SYIVV_TGAYVRHT_SSL_CPNV__CSPLN_G_P_QFHE__QM__RAAA_LLF_WIIVAAVHA_TSYKDQKQIFWGWI_CLIFITLQA__GIM__YSE_AL_FA_A__FF_ACLFGV___FL___ARFRYES,1,mask-nan
mask-BD6k61-L-b-SQD1,MA_A__AS_N__S__RNRE_VFP_GR_P_WG__ETPV_A_PLVKWF_N___A_RPGLT_FR_G_EVG_AHGYFL__P_AK_GPLRD_ANA_LAG_LGAIGLVV_FTLAL_LYAN_NPPT_LAS__VP__PDA_QSK_GW_NFASAF___GIGG_VV_Y__TSN_ALIQGLVG,1,mask-nan
mask-BD7c83-A-A-OLC1,AG_GHMD_DFLYRWALIG__A_GAF_FAT__F_PAP_GR_Q_GG_G_T_P_R__W_A_ELPAP_V_ALVFARGEH___LV_L_L_GL_QLHYLQRTFVF_LLMRV___RTPLVT_LL_FVF_C_N_A__A_AITHGALRHTEAW__DPRF_I__LLFL_GWALNLHSDA__RRLRA____R_EI_RGG___LVSC_NYLGEI___CGW_LA_WT_A_AVFAFFT_ANLF_RALA_H__Y_ER_PDY_RER__VI_FVV,1,mask-nan
mask-nan,MR_APL_R_AL_LT_L_LS_IAAVQ__DW___ITDSR_T_TL_S_P_RI_STSV_LTGSLLAI_APVI__G__T_NN_VA_D__FLRQ_SK__KER_LQRLYI_EPSA_A__AQMPD_IL_SA_GGDSALA___Q_ST_APT__INY_DKSW__L__QLG_ITG_EKQ_AE_I_QF___LAAA_EQI_LPPQPVTAIVYTAAAHS_NL_T_ES__GQMLE_L_FTLAKLPAGL__SQS_GKRHDI__L_G_NLAAGLNGESL_LFA_D_KDADA__ANPLLA_L_A_Q__QVY_L__ET_R__YYS_MQVLDRL_A_F,0,mask-P0AEL6
mask-BD8jjr-E-y-SQD1,_A_AA_LLA_PAF_PSS_TG_QAP_A__L_G_____AGA__A_VGIAG_AC_VL_AAALRR__AAR__LRR_LA_A__DSGI_LLD_GKFCQG__GADG__G_YE__PLGFSK_TELVPYFREA_LK__RLAMLA_V_MV__DFVRIPGE_FSFEAVP_PIDG_DAF_GA_GVNA_ILFWVGI___C_AKKV_E__S__VAG_YGLTKFFPSDE_G_K__R__ELKNG__AMLAFG__ITQ__ITRHPFPWLY,1,mask-nan
mask-BD7br3-A-A-1QW1,NNS_PL_QG_LPT_TLSGKIRV_VT_F_F_LSAT___SFL__LQKW_Q_RM__L_KHLT_ANLLETL_VMPL_GMWNI_VQWY_GELLCKVLS___LFSMY__A_M_VV_SL_RSLA_TN__VGQSMVGLAWILS__FA_PQL_I__MIH_VFSQCVT_CSFS__WH_A__NFFTFSCL_I__LF_MLI_N_KI_F__TRV_GI__SFW_ESYLTGSRD_R__S__S_FGM_EG_TFM___RF_R_Q_GVDV_LK_I__L_SKKE__E_R_I__GK___E_EGWARS_EE__G___VITE_L___FVR____SVD_VIIPSYFEPF__VALEAMC_G_I__A_AVGGLRDII_NET_ILVK_GD_GELANA_L_ALELS_SDLSK_RE_C_K__MSFSNIPR__LKTLKM_V_FAT_FTVC_TP_YV_GIWYWF_PE__NRLSDPV__FF_LFAFLNPCFD_LIY_Y_SL,1,mask-nan
mask-nan,MQLTDF_ALTFDC__TLID_ET_I_NALQPLA_R_GKTF__DELLEVFGR___PQQ_E__GALY_DIL_AVY_RIA_EW_LE__AAERE_F_TSVKNW_AF_DTVEALQYL_KHYK_VILS_IDRN__KLSN_____E_DHII___DVGSYKPN__NF_YMI_ALAKA_I_K_D_LHT_____H_HI__N_AGLV_AW_YRRH___GY__T__P__MPNVD__FN_MGEMAEAHKQALKG,0,mask-B2Z3V8
mask-BD4zra-A-A-4RF1,_PLPD_K_L__E_T__TKALKSAHMVL_VNG_I__LS_KTL__D_TTNPTA_TG__KLTL_GSDIDADFVV_DG_LYAT__PNQWS_FGPAADIY_PAQ__NPDTGL_NV_A_FADA__EGRDT_NGQ_T_R_S_K_SA_AVN____PFNA_QP_P_TVWIQETGDHQ_AQA__D_GSG__V_MT_S__GE_VQVT,1,mask-nan
mask-nan,MT__LANFI__LT_GA___SAIGI_LII_SKNDR_QRS,0,mask-A0T0N4
mask-BD7pi0-h-b-DGA1,EPGIVTP_GTLL___NSEAG_VLPG_GT_V_M_VA_L__A_FLL_ILEIYNSS__LD_VT__WESL_,1,mask-nan
mask-BD1poc-A-A-GEL1,_IYPG_LW_GHGN_S__PNELGRFKHT_ACCR_HDMC___MSA___KH_LTNTASH_RLSC_C_DK_YD___NSAD_ISSYFV_KMY_NLIDT__YKL_HP_T___ERT__RCL_Y_VD_SKPKV_Q_FDLR_Y,1,mask-nan
mask-BD6k61-L-b-SQD1,MAQ_V_AS_N___DP_NREVV__AGRDPQ_GN_____NAS__VKWFINNLP_YRPG___FRR__EVGMAH_YFL____A__G_LRDAA___LAGLL_AIGLVVL_TLALS_Y_NSNP_T_LAS_TV__PP_AF___EGWN_FASAFL__GIGGAVVAYF_TSNLALIQGLVG,1,mask-nan
mask-nan,__IP_LE_K_S_QNQ_VPGYE_P_EDTPR_Y_I_DA_YDSELKE_IWAT_RQ_FSEHVILKF_RQGNL_SQ____A_SVRD____L_K__AFKTLVIKSNSNYRLVE_A_KRL_GRA_YNKD__IA__IK_ATN_WD___DA_L__EE___NFG_NI_P_QRRR_KDRPFNLVTPRYG_Y_R_KLESE_YIEGDIK_FLELAKSIEI__VTF_PVSTA__K__D_T_NT__T_I__S_NPSANFPV_,0,mask-P29987
mask-BD2nlj-A-A-DGA1,DI_LTQSP__L_V_PGER___SCR_SQ_IG_D_HW_QQRT__SPRLL_KYAS____GIPS_F_GSG__T_FT_SINSVESE_IAN_YC_QSNRW_FTF_SGTKL_I_R_DA__TVS_FP_SS_QLT_G__SVVC_____YP_D_NV_WKIDG_ERQNG_LNS_TDQDSK__TY_MSST_TLTKD_YERHN_YTC_A_HKT_TS_IVKSFNRN,1,mask-nan
mask-BD6tjv-K-K-SQD1,_T__T_PAI_NP_AR_E_PQE___N_ILT_LND_Y___RL__LWPLM_G_A_C_IEFAAMIGS__DF__FGLVP__SP_QA_L_I_SGTITMKMAPALV_L_E_MPS_KYVI_MGA_TITGGM_SSDSY_A_R___KLIPVD_YLPGCPPRPE__MD_IVKL_K_I_NE_IN_R_NLAQ__RLF__KHKMKPVP_ILTGQ_LNA__RQAP_PALA_AMGIA_PALGEAV____SV_E,1,mask-nan
mask-BD6bqo-C-C-OLC1,SSVP_KLEV_AAT_T_LLI__DAPAVT_D_Y_ITYGE__AY__YQEF_V_GSKS_A___G_KP_VDY_I__YA_PYS__PI_YSYHSPISINYRT,1,mask-nan
mask-BD7bvq-A-A-1WV1,___D_DDANI_EMLRI___LRLKIYKD_EGYYTIGIGH_LT_S_S__A_KSELD___GR_TNG___KDEAEKLF_Q__DAAVR_I__N___KPVY_SL__VRRA_L_N___QM_ETGVAG_T__L_MLQQKR__E_AV_L_KSRW___TPN__K_VIT_FRTGTWDA_AASQQWT_GMG_LMAL_VL__VAGNV__IVAI_K_PRLQ_LTNLFIMSLASAD__M_LLVVPF_A_IV_WG_WEYGSFF_E_WTS__VLCVTAS____CV_ALD__LA_TS_FR__S_LTRARA_GLVCTV_A_SA_V_FLP_LMHWWRA__DE_RRCYNDP__CDF_TNRA_AI_SSV_SFYV_L_IMAFVYLR_F__A_K_V_KI_SVAL_EQKALK_LGII__V__LCWL_FFL_NVV_AF_R_LV_D_LF__FN_LG_ANSAFNPI_Y_RSPD_RKAFQG__C,1,mask-nan
mask-BD8wb4-0-p-SQD1,A_V__ACV__AAAFAPGASVLPRAAARA_STKGP____LPL___GK_Q____QAIPGSEPPP_LDG_W___V_FDPLGFS_V_D_R_LRE_ELKHGRVCMLA_TGMIVQ_I___P_VTKTFGPAKIT__H_V___QGSMQQLLV__G__EIFGFV_IV_MLQGS_RQP____FDPLNCGANT_T_ARRQLV__KNG__A_IATGG__H__F_TGKG_I__ITTLGA,1,mask-nan
mask-BD3i5v-D-D-DGA1,MRS_HHH_HHSSGL_PRG__MESKKDDTDLKL__H_V_ML_T_L__NWGQYKRADLIGQSSYI_N__V_IFN_A_DNGASDKL__N_KK_Y_YQTPVL_R_Q___D_TEGS_SSTVAE_G_VAI_SKYPIKEK__H___SGC__DNDSN_G_VYTKIE_NG_N_HVIGTHTQSED_RCGAGHDR_IR_EQ_KE_SD_VK_K_IPKD_T_YIGGDLNV_KGTPEF__ML_NL__N_VL_____STWDP_SNS_A_YN__NGKPEH_DYIFTDKD_KQ______EVV_EKP_PWD__G__YNDF_DHYP___Y__,1,mask-nan
mask-nan,MENKGEK__MN__VQTL_QKGDKLAVKLV_RGWASLSTNQKR__EM_AGYTPAILAFT_RRP_MTNP___TSRN__GQAG_SMT_S_TE__S___G__G_I__FEDW_VSPRN_AV__QL_LLATN_NKY___A_TV_YSP_C_FE___RVALG_N__AS__PPTTKVGF__LGK_VETAAQTAKDLV_P_DGKTR_I_DSA_DDAKLV_F_RIVLS_YGFD_ADTVV_E_FIQ_TIVL_DP_KT__ISQASND_V_D_P___VPS___NE_QLR__AAG_W_I_VRG__E_GFT_P___G_GI___V___S_R_IAV_ELVTQMEGQ_LKITKTSAEQPL_WVVYR_,0,mask-P04383
mask-BD7d0j-I-B-SQD1,PFVPP_WA_SVFV_L___VLP_IA_ATL_V_IE_EAP,1,mask-nan
mask-nan,FNPV_V_F_GN__KY__RIHR_G_DYTE_AKDNTD,0,mask-C0HM25
mask-nan,M_KVK__TRESWILST_P___SWLN_EI_QEQVA_GTFA_WW_G_T_IWLK__GGTN___DFW_G_____HGNP_MK_GHQM_RMAGVKKLQPNLR_TP_VLD_F_IRQ_DA_LAT__HND_IDVNVAA_V__NCAD_VP__GPKT___L_IG_G_PKE_CI_VKP_DV__VKD___HA_D_FDRTALITL_ADQKA_GV_PDGMDDRAVN_L_KT__GS_YHSGDS_YS___AKHG__H__D_AL__YGENPRGITD__TSADMLRM_EAL__K___PFHHD_WSNFQA_PQEIRVL_EMKK_RLKYGF__FIW_V_G_F_WPLDKDNF_YHY_R_F_D_F___P_LPF_SFL,0,mask-P39300
mask-nan,MT__EK_R__P_ERNPL_K_DTLDH_P_I_KC__Q_IEF_D_P_T_VRLKC__PESKVPHFLMRMAKD_S____SMFRS_FP___Q_EEDL___WI____NPIE_KR_A_LWV_P_DA__LAKDY__TPFIN_LLEA_ST_STY__PS__TAQKSETSEG_P_SSTSA_T_SVARRTRQ_LAE_LEN_KKTILQHDNK_EDKE___EE__TK_E_KSE__EPEIKKQEGGSSTE_VGQPSSSD_K___S_SK_QPS_EE_KT_DIQDRKI_TPI_PS_LGK__S_VNKGMTDVASQ_N__MTDVASQVN_GV_GVASQVNK_M_G_ANQV__GV__VASQ_R___G_LEKK_EN_E_SI_D__KSSIRSSPKSKKR_RE_FEE_ED_NAM_PVK_SRI_KLESE__Y_K_KV__LGGI_IGL_VG_____LF,0,mask-O60158
mask-BD7pi0-L-M-SQD1,MAR_NPNKQV_E_NRSSLYW__LLIFVLA_LF__Y___,1,mask-nan
mask-BD7bgi-9-9-DGA1,RPT_L_GLN_PAH__GA_A_DNGFD_L_LGQDEGR_KW__E_E_TNG_W_MMA___ILGQ__LGVTPAWWE_GA_EYDIP_QA__PI_FIV_GF_E_KRYQ__KQTGTSGFINS__F___GMN__SMAT_EV_NG_LA___F_GFCVQALATRT_PIEGLTAHL_D_F__NI_YY_THLP_TL,1,mask-nan
mask-BD7mdf-A-A-97N1,IGA_DERLST__HQ_MQE_KVPALS_SV_IKGVR_R_VY__A_VA___AN_L_TVY____MSKAFT_L_VQ_LI_EGRL__GD__IT_LPEMR__Y_GKPASLTV_DFL_H___LPFSTLA__E__MPGSAVA_QLRNE_LLFA_GAKFSYAS_NYDVLGA_IE__TGKT_T_V_AERL_QPLGMSATVA__G__IIV_K_SGYK_GFG_PV__HA_LA_NHVPAAYIH__LP_M__W_DAWLH__ALPATLR_AM__S_R__SDVPL____RI_Y__GW_IDQNQ_PYISHGGQNPNFSSCI_LR_DQ_IG_VAL_NM__N_I_QLCAD_DNYLRI_KYA__AG_AIT_TDT_FVYL_LLLCFWGAV_V__GAFRVYRAT_H_LR__DYII_LAV__LVAAM___APGIM___LDWRFILV_G__SV__IPFGM__LAF_L__NHQI___L_,1,mask-nan
mask-nan,M_DLLGS_LSSME_PPSLG_QE___KA__QA_RLK_L__Q_KQQK_E_RKR_EKE_S___Q_S_QIKK_FQPM_KIERS_LH_VVEVAGLTSFSF__DD__R__M__KKEF_PSD_E_D__RRGEEW_PQK_EEKRKLK_LA_RQ_E_AAQQGP_V_SPASD__D_YS__IGKG_AKDAAHM__ANKTYGCVPVANK_DT_SIEEAMN__RA___LR__G_E__PTS,0,mask-O75391
mask-nan,MNV__YSINPLKG__AISGVE_G_HF____GGFQ_HGQV___SWV__A_L__SAAIAVRSPQ_IP_G_Q_FF__VLEFIRDV_K__IGEE_R__V_F_GTMF_F_FVSN_S_A_L_WK__QLPH_ELA__TNDINTTVALALLTSVA_F_AGLT_KG_GYF_KYIQPTP_LLPINILEDFT__LSLSF_LFGN_LADEL__VV__S_VP_VVPIPVMFL____S_I___I__TLAAAY_GE_LEG__,0,mask-P06451
mask-nan,__KTISIKVLFGIYLL_MAGKVFAFSCNVDG_S_I_AG__SVYVNLDP__Q_GQ__VVDLS___SC_NDY_GWY_T_HINL_QGS_F_GSL__YKGSLYW_NV_YPF___T_TNV_DI_D__PMPLPL___I__VGAA___V_KA_E_IAR__MYKIA__G__N_RNFTWNIISNNNVVM_T__CT_D__NVTVDLPD_PGSAEIPL_VY__SE_KLS_Y_SGATT_SSRQVFA__APD_T_A__V_VT__R__KI_A_GEN__LG_V_KSKVP_G_SA_YGQ_GNKVS_GTVQS_IGV_FIYE,0,mask-P77588
mask-nan,_RP_L_Q_HE__ITQIK_N_EGDLLFTVAKD_IVNVW_SV_GERLG__MGHTGAV_C_DAD_DTKHVL_GSAD_SCRLWDC_TG__L_L__TN__VRTC___F_G__IM_S_DK__GYQCFVSFFDL_D_SQ_DNNEPYM_IP_ND__I__A_WGP_GECI_AG__S___NQYSAK_GE_L_NVKEHSRQ_NDIQ_S_E_TM_VT_SKDNTAKLFDS_TL_HQKTF__EPPRE_A__SPNYEH__VGG_QEA_DV_TTSTRI_KFEA_FFHL_FEEEFGRVKGH_G__NSV_F_PD___Y_S___DG_VRI__FD_QY__FEF_A_EA_S_SG,0,mask-Q5IH81
mask-BD7blz-1-J-DGA1,QS_AL_FLS_PPNL_PD_PG_RGF_PLRF__AF_V___QEGEI_NGR_AMLACL__F__E_YQ__F__GAPKL_GPA_DY_VKS__MI_ILAF_GF_EFLLHRG_V_YS____KG__PGELGF_PLNL_NDK_MR_REVNN__LAM_GF_GIIHG_FLN_KMPFEQITNFQP_,1,mask-nan
mask-nan,M_SSSI_F__APSLATS_F__T__SP_L_SSRFL_T_NL_L_IRPA__GPSNG_R_TC_F_F_K_GV_AENA_IYG_QSRDDF_R___E_Y_NYMGML_V_GTYSKMEA_LNLNIHPVDI_LM___TEG_R__I_ELLK_G_DYS__DA_G__AIDRANSEE_RDLILGYST_KA,0,mask-Q8VY88
mask-BD8eqm-C-A-SQD1,M__PLE_IPDLSLSP__E_G____PA_P__DEAT_G_AWW_GNARL_TP_L_G_FLGAHVAHA__VAL___GMLLF_V__FNLSKPMY_QG_ILMP__ATLGIGV_QS_EITSMFPFFA_GV_HLI__AVL____MYHAI_GP_KL_G_F__DW__RAK____LG_HIAI_GIFA_LF__K_M_WGGLY_P_APGGGDVRL_TNPTL_P_II_GYLIK_PT__E_W_V_V_NLEDIIG_HIWI__ILIAGGIWHILV_PL_WT_N_FP_TGETYLS_S_G__AG_AFI____IWF__TA__SVFYGPTVP_SS_AQS_VFLM_DQGM__D_A_AQG_TG_GKY_QRSPTGEII_GG_TMR_WDARA__LEP___KNG_DLDKLQ_DVQPW__R_AAEY_T_SPIGSLNSVAG_ATES_A_N_VSP__WLAS_H_I__F_F_VG_LW____ARAA_AGFE_GLDREDEP_LSMA_IDP__RSD,1,mask-nan
mask-nan,MA__LQ_DPGA_E_A_AQAVE_P_WK__ED_GPQPG_Y_IR_YG_AKW_ST_VESMDWD_AIQ_GFTKLN__IQ_KNEKE__I_MTAPV_SYVE__SGPF_EST_TI_L_I__E_Q_D_PR_L_SDVF_EDRA_M_VFVRSFDG__SAQK_QE__L_LAS_LRED_K_FDEKV__TAG_NS__KLL_RNNE_WLIQ_N_PTKEN_,0,mask-Q9Y5Z4
mask-nan,M_TENR__DLVV_E_VPYGLLMQFMDVD__VY_S_SKPVD___F_LR__IK___EDG__TV_SFTT_IVDAA_G_A_IS_PVSAVTTIAS_AS__RD_YNPRQ_L_G_Y_VI__RTA_GSA_SSFR__EG_VYISDGVT_,0,mask-Q7Y5D9
mask-BD7blz-1-J-DGA1,Q__ALPFLSKPPNLSP_MP_YRGFD_LR_SDAFD_NWLQ__EIKNGRVA_LACLHFFVTE___F_FFAGAPKLA_P___YF_KS_A_IQIL_FIGF__F__H__KV__S_ME_K_R_P_E_GF_PLN_PNDK__RD__VN_GRLAMLGFAGII_G_FLNG____EQ__NFQPL,1,mask-nan
mask-nan,_IG___C_I_EH_FL_A_YTSRSRT_F____LINQ__VLTA_HCD_KN_R_KLG_HSKK_PN____TRV_KE__F_LS_K_YT_WDKD__L_R_DSPVKNS_HI_PFSLPSS_P__GSVCRIMG___ISP___TYPDVPH_VN_NLLEYEMC___YP___LPATSRTL_A_ILEGGKD_CKGD_GGP_ICNGQFQG__SWG__PC_Q_HKPAAYT___DHLD_IENIIAGNTDASCPP,0,mask-I4CHP3
mask-BD8apy-A-A-OLC1,MNIFRLT_D_SA_AA_IILL__IWKSRSC_G___KS_LLFA_VF___YLDLFTS_I_____SM_LIY_AC_Y_T_YLIYMKFKATYDG_HDTFRVE__IV_VGGL__LV__D_S__EI__TFS_Y_ES_A__PQLF_ISKT_EAETI__HYLFFLGLYRA_Y____I_RYYFEGFF_LIA_V__VV_TVLY_DFFYLYVTK__KGKKLSL_A,1,mask-nan
mask-nan,_AWML__IL_MVHP_SC___V_QP_EI__LEGSS_FLP__FNASQGRLAI_S_TWFRDE___GKEVRN__PEFRGRL_PL_SS___HDHQAEL_IRD__GH_ASIYVCRVE_LG_GV__G___RLV_E_E__Q_G_GTVLL_RA_FYAVSFLSVA_G__VY_Q_K__TWKGP_RQL_A_VP_PLPPP_GSS__LLPPVPGG,0,mask-O14931
mask-nan,ME_LAMGSR_L_L__VAPGGG___RFIA___ASQ_SPT_LTE_RNDLFNKEKA_QLS__P_TE_IEVKHV_KTD___VF_M_KNI____SCAMH_S__Y_RKS___LVDGQ_WDMY__LTKSCEIK_LTF_DCD_GEVN_AYWRSCA_M__CVI_RAF___YMVNLV_APEVPVIS_AFC_DVVLDSK_DEWMP_K_N_RS_TKDAHA__YK_LP_ETLE__A_VALEI_Q___Y___F__EKA_QNPERIVKL_RI__FI__SEGP_IPRT_I_FQ__VS_VHNLQ_TQ_SLIRR_Q_VSLPV_LRAH__IW_KLL_RSR__VTEDQSK_TE_CT__,0,mask-Q9NYK5
mask-BD3wo6-A-A-OLC1,GQDPI_SE_EGI__HFFVYP_SWLI_TV_N_LNGSYG__III___LIR__LL_LTLKQ_KSMR_MQ_I___MEA_Q__YKE_A_KDPK_QQ__QKEL_GL_QKH_VNPM_G_LPLFIQL_I__AFYFA_M_TE_IR_HTFLW_DLG_PD____FVA_I_TY_QFK_TMSH_QQ_Q__NPSDSDNPMA_MMQ_QMKVMLY__PV_IIIA_L_L_SALSL__VIGNI_MI__TYFI__KA_PLE,1,mask-nan
mask-nan,MNQ__E_GT__V_IT_KD_V_M_TER_VTMENFIMHK_GKKLFQIDT_TG____GL_GD____VRYMKA__ELYRLQ_RVNMPI__V_TLLSN_LNQ___M___VQLLVGG__TAP_VF_IDAAGGSVE_IYASTG_GS_FVYG__E_QY_EKMTVDE_VDLVIRAI__AKQR_S_S_GMID_AV_TRK_GYV_LPT_Q_ESR_R__G_I_,0,mask-P28061
mask-BD3ny8-A-A-OLA1,DYKDDDDAM_Q__NGSA_LLAPNR_HA_DHD__QQ_D__WVV__G_VMS_IV_AIV_GNV_V__A_A___R__TVTN_F_T____ADLVMGL_VVPFGA___LMKMWTFGNFWC_FWTSIDVLC_TA_I_TLCVI___RYFAI_S_F_YQS__TKNKARV_I_M_W_VS_LTSF___QMH_YRAT_QEAI__YA__T_CDF_T_QA___ASSIVSF__P___MVF_Y_R_FQ_AK_QLNI__MLRI___LR_KIY_DTEGYYTI_I_HLL_K_PS_NAAKSELDKAIGRN_N___TKDE__KLFNQDV__AV_GILRN_KLKPV__SLD___RAALINMVFQMGE_GV_G___SL_ML_Q_RWDE_A____KSRWYNQ_PNR_KRVITTFRT_TWDA_KFCLKEHKALK__G_IMG_FT_CWLP___VNIV___QD_LIR__VYI_LNW___V_SGFN_LIY_RSPDF_IAF__LLCLRRSSLKH_HHHH,1,mask-nan
mask-nan,M____GL_LLGH_TVDTYGRPI_E_PESVTGPWKGDVNLP_T_DP__GYT_VLVKW_V_R__DPV_IFL_DSS__HIQQ_K_Q_RL_V_HKVPGDVS_QL_TLEM_DRS_Y_CE_TWQ_PDGNQVVRDKITELRV_K___SKP_VT__SG__FTVPQGMRIS_Q_QARG_PPISYIW_KQQ_NN__PIK_AT____LFKPAV_A_SGS_FCTAKG_V__E_HSDIVK_VVKDSSK__KTKTEA_TTMT_PLKATS__KQSWDW_T__DGY___TSA_P__SL_V_AI_LI_S_CCMVV_T_AYIM__RKT__Q_H_Y__A_AHARE__DSG__MRVA_FASGC_SDE__SQNL_NNY__EP__G__YQ__A_ING_YA__LDTVPLD_EF_AT_G_S_C,0,mask-Q9Y279
mask-BD8cmo-7-A-DGA1,AY__DRP__Y_GNPAPA_LDGTLA_D_GFD_LGL_SDPETMR_MV_AE______AMLG__GVL___IGAA__LPF_E_Y_AGA_PLP_TVHGDWSFGTL_ATMFLLF_WAE_KRIM__RNP_SQGDG__FGIT_DFKSKENGYPG__L_DPIG__R_DEAM__K_KQ_E_V_G_LAM_AN__FWAQY_AT_KGPIQNLA__L_DP__TT_T__GVSVP_Y,1,mask-nan
mask-nan,_LS_AI_RNPVIN__LLR_R_____ATRL_K___IQSRK_S__HDEETFEEFTA_YE__FD_AYDLFEV_RVLNN_FSYDL__AP_VIEKA_R_ARR___L____RV_EALKYK_ENEDQYK_YLDE_KD_RQ_L_VPLK_ELFPSSS,0,mask-P00427
mask-BD6ki1-A-A-OLC1,Q_TNKIHF___Q_DL__GVT_A_I___MALAFGIASGAGAT_G_WGAVIV_FFAA__GGT__L_SEP__PMTVVQTA_IA_LVAADPDNGLAMAF_V_MMAGL__IAF_LL___KYVTMMP____SG_MS_IGI_LVIL_____LGQASPKGGV_GTLQA_PN_V_NVRPVE_LLA_MT_GII_FM__RW_KF_PPQL__LVL_T__S__LFGDLD_RRIG_I_AG_PA_QL_VFQADQL___L___AV_G_LGCIDAL__SV____L_RTEHNSN_ELV_Q__GNVM_G_FGGLGGAG_TMG_VVNIQS_GRT__SGLIRAMV_LVVILG__KLAA_IPLA_LAGIAF_VG______G_LKRAH___I_GA_IMY_V_VL_VLV_LIAAVG,1,mask-nan
mask-BD5dir-A-A-OLC1,GSSH_HHHHSSGL__RG_HM_DV_RFGRLPWL___VLVFV_DQV_K_FFQAE_SMYQQIVVIPDLFSW_LA__T_AAFSF_AD_SG_QRWLFAL__IVV___L__W_K_LK_G_TWLAIA__LVLGGALG_LYD_M_LG__V_FI__HWQ__WYFP_FN_ADS_I_VGA_ML__D_F_SKKSG_A___,1,mask-nan
mask-BD6sl5-F-2-SQD1,D_A_LTP__E_KAYNKLER__L_VLDKRL_QY_PGSAP_LALQA__ERT_NR_KTYAK__LL_G_D_LPHLI_DPGLAL__NHA_EVFIT_____VA_YIG_VGRQYII__KE____TDK_IILDV_LAL__AFQ_WAWPLASI_E__NGS_L_KD_NITVS,1,mask-nan
mask-BD7ymi-C-1-SQD1,A__YDRA_TGY___AGNARL_DLSGQ__GA_IAHAGM__FWAG____F__S__IP_KPMYEQGSILLAH__AE_F__GPGG_V_STY_YFV__AIHL_AS_VLGFGGLYHTFRGP__FEDY_DWWGYD_ED____M_I_G_HLIF__IGALAF_AKAM_FGG_YD__AP_GGNVRLITNP_WNL_T__GYIT_SPWGE_GWIVSVNNL_D_V_G_L__GV___F_GVFHI_VKPWGW__R_Y__S____L_YSL_AL_MCGMIAV_Y_WF_NTVY_S_FYGPT___ASQ_Q_M_F_IRDQ_LGY_MRSP_GEIIFG__TMRFWD_RGPWL_PLRGPNGL_LNKLRND_QPW_A_R__EYM_HAP_Y_S_R_WLST_HF_LA__F_VGHIW_S__AR_A_A_FE_GIER_TEYALSLP_I_,1,mask-nan
mask-nan,M__RAI__NP_IN_TLLRAR____HATRLTKN_F_QSRKY_D_HDEE_F_E_TARYEK_F_EAY__F__QRVL_NCF_YD_VPA_A_I__ALRAARR_ND_PT_IRVFE_L_YKVE_ED_Y__YL_EL_DVRQELGVP_KE_LF_SSS,0,mask-P00427
mask-BD8xr6-J-J-SQD1,____G_IPLWLI___GG_L__TVVGIFFYGSYSGVGSSL,1,mask-nan
mask-nan,_K_NFIEK_N_EKS_WCSP_EIM_ADGMP_SVA_V_Y_ANV_GW_KQK_E_VK_G___E___MS_PTKER_Q_I_H_GLSTPD__AQA_E__D_SE_I_KLTTTL_NMI__LEPD_ARKA_KLLSK_G___LMPL_FNE_K_YSFIGF_QQ_IQTL_ML_ALPE_KRK_IL_K_GIHEQ_SVV_PSQEPQ_VKKAV,0,mask-P06019
mask-nan,_ALLEIC__S_ECALTAQQN_A_R_ELC_APK_GGLTP_LG_LKSV__R__IP_HPII_PRGG___YSD_EF_AI__DVRTVR__G_P__VT_VLD_D_NVDMPRMEKIMAA_G_LAV_FHRA_D_CANPLY_LNNLAELGIAR_LTS_QKSD_LQGL_KI_ELI_H_D_PI_MAGAG_RAENL___LD__VL___S___AWQ_SPM__R_QGLS_SS_E__DEYSRY__DGA_VAE_KGIIE_H__K,0,mask-P67825
mask-BD7q35-A-A-HEX1,MQ_QITGRPEWIWLALG__L_GLG_LYFLV_G_G___P_AK_FYAITALVPA_AFTM_L_MLLGYG__MVPFGG_Q__IY_ARYADWL_T___LL__LALL_DADQGT__ALVGADGIMI_T_LVG_L_KVYS_RFVWW_ISTA_MLYIL_V_F_GF_S___S__PE_ASTFKVLRNVT_V___AYP_VW__GSE_AG_VP_NIET__F_VL_VSA_VGFG_I_LRSRAI___AEAPEP_AGDGAAA_S____I__RS__PHH_HHH__,1,mask-nan
mask-BD6zzx-G-G-SQD1,_A_VNLVVGGCT_G__ALG_FVF_P_HR__L__A_M_K_NGM_HLQAGDARAEEASFILKT__PAGFT_VDV_AW__LGHAAAF__L_TS__G_DR_PF,1,mask-nan
mask-nan,MNREGA__KSP__MY_QQKV_V__M___MGS__TASEEE_LRTYA_V_N_QLSQL_PHSIDQ_A__VV_AFSRS_T_DRRQ,0,mask-Q9NSA3
mask-nan,_SGRGKT_GKA_____S_S_RA__QFPVGRVHRLLR__HY_E__GA__P_YLAAVLEY_TAEILELAGN_A_DN_KTRIIP_HLQ_AI_N__ELNKL_G_VTI_QG____NI_AVLLPK_TSATV___APSGG_K_TQASQEY,0,mask-P16104
mask-nan,_P_S_RSK_VT_AQTDKKG__NKER_FDE__EAL_TY___W____D_VR_PVLQE_RTSW_GSKLI_G_RK_LQKALGE_R__EY_ENL_QLSKLCS_____LFTDED_NTVKE_FKSYVRSDYSRPN_KAPLTFTI_EGIVY_RGG_IPA_E_V_MIHSL___MRNKFE_PTKI_A___TIDSPYL_C_EG_KL_VRQALILKQ_G_AAS_F___VS_YY_ND_S___S_NINM_,0,mask-P33201
mask-nan,ME___SKL_TDLPQV_V__YR_VH_HST_NPH_TV__EADY_WR__P___F_S_IVG__CIM_VGPVDNGAWDV__GWNAETY_AVELI__HSTKEEFMTD_RL_I___RNLA_EAGLPK_L__G__AGIK_H__C__N_PNN_SDHVD_YPY_A_WGISR___KH_IEN_LTIETGWQKNDT_YWY_HSDGSYPKD_FEKINGT_Y_FDSSG_MLA__WRKHTDGNWYWFD_SGEMA__W_KI_DK____N_E_AM___WVK_KDTWYY___KEG__V__A_IQ_A_GTG_YYLKPD_TL_DKPEFTVE__G__TVK,0,mask-P06653
mask-nan,M_I_L__Y_P_S_NQRVPG_EV_NE_T_RI__IEDAAYD___KE_IWAT_RQ__SEHV_LK_FRQG__ESQLKN_AI____FVRG___SEAFKTLV_KS____RL_ELA_KR_LGR__YN_D_E_AWS___A_NGWDG_VDALLDSEE_QSNFG_NIVPYQRR__K_R_FNLVTP_YG_YWR_KLE__RYIEGD_KNFLE_AKSIE_KT__FTPVSTAN_KI_DTT__TT_TGIPI_V__SANFPVR,0,mask-P29987
mask-nan,__PP__G__AAA__LGSAAV_LA_HAAVRP_GAG_DAEAQLRRLQ__ADP_RPG__RLELLGAG__A_N_________YTIRGP_QHELQPP_GG_G_LSLH_LN_QEA__WA__V_GA__E_QNGSK__SP_ALGP__CPVS__S_PE__TL_GPPPEADLP___GNLTEREEL_GS_A_AIAGG_EKGAAQV_AVLAQHR_ALSVQ_QE_C_P__PIRLQVTL__AASAA_AASSAH_ALQ__P_C__AA__EQV_SEL_FPPA_QRW_I_R_L_VPE__LASYGVRQ__D_AF_YLLSAPR_APATG___Q_PQK_DG_LG_LFPP_LG__PGPQPAAS___SPLQ_SW___S_T_INA_D_PGCEMCSTQRPCTWD_L_AAST,0,mask-Q9H0F6
mask-nan,_AGGE_IY_AG__R_SLGFN__S__G_TYA_T_GHCTEI_ST___NSGQTS_LG__AGT_F_GNDYGLIRHS_ASAADGRVY_Y__SY___TGAGNA_VGQTVQRSGS_T_LHSG_V__LNAT__YG__DIVSGLI_TNVCAEPGDSGG___AGS_A_GL_S_G__NCR_G_T_,0,mask-P41140
mask-BD5aww-G-G-OLC1,_DLL_T_V_LFYLGVAG_LV_LVL_QE_KQG__DLMG_SADLFSARG_TGG__RLTV_LG__F__LAL_IG_W_R,1,mask-nan
mask-nan,M___AS_TQATG_TT_TT__TA_A___T__G_FTIP__D_FSTA_A_V_S_AV__NED__KIE__W_DMKV_TD_MAQ_AWDLVRHCA_VGSSAQT_M_DTGPYSNGISRARLA_AIKEVCTL_QFCMK___VVWNWM_TN_SPP_NWQAQGF_PE_KFAA__FFN_VTNP_A___K_GLIRP___A__N___TA_FVKITKARA__N_FAS_DA_VTRG__TGTTTAEA_VTLPP_,0,mask-P17782
mask-nan,MLR_ESC__RSP_G____ASPLLLLL_L_AWCAGAC_GAPILPQ_LQP_Q_LQLW_EI_DT__SF_SI__QPQA_NA__ELCFMIMG_L_K_QE_D____TKRF__HYS_TQKLG___V_SS_VHP_LQ_VPHLHE_RMKRF_VDEEF__PFA_QSR__F_FRPRN_RRSAGF_,0,mask-P48645
mask-nan,MA_HLSLSHQS_T_PAHPI_SS_PTR__VPGTGLSR_VD___SCK_N__FVV_R___R_MR_GEVRASMEQALG_QE_E__V__V__VNKDTF_PIVK_AG_K_VVL___TQWCG_CKAM_PKYE_LAEE_LDVIFLK_D__Q_NKTLA_EL_IR__P_FK_L_E__VV_EVT_AKYD_LLEA_QAA_SS,0,mask-P09856
mask-nan,_KIK_GARIL__SALTTMMFSAS_LA_IEEG_LVIW__GDKGYN___EVGKK__KDTGIKV__EHP_KLEEKFP__AATGDG_DIIFWAH__FG____SGLLAE_TPD_AF_D__Y_FTWD_V_YN_KLIAY_IA_E__SLIYNKDL_PN__KTWEE_P__DKELKAKG_SA_M___Q_PY__W__IAADG_YAFKYE_GKY_IK__GV__A_AKA_LT_L_DL_K_KHMNADTDYS_A_AAFNKG__AM__N_PWAWSNIDTS___YGVTVL_T_KGQPS__FVG_LSAGI_AA_P__E__KE___N_LLT_EGLE_VNKDKPL_AVALKS___ELAKDPRIAATM_NA___EIM_NI_QM_AFW_AVRTAV_N_AS__QT_DEA_K__Q_RI__,0,mask-P0AEY0
mask-nan,AC_NN_SDRECE__K_D_DSSMK__ELSC_KTCG_C,0,mask-P0DRH8
mask-BD7b1k-A-A-OLC1,_G_SHHHHHH_SGLEV__QG__MFS_R_I__ISD__TMLNI_TGLLA_LL_SF_LIYL____D_LDGYV_RK_GT_S_FGAELD_ISD_VSFGVAPAYL__NN_E___AL_S_II__L__ALRLA_FGILN__G_IG_PIPA_ALLLV_FC__INSY__NSILAILIG_LMISDIKYP_Y_N__FI_IFAVSLC_A___IPHF_LML_L_YAIYGII_Y_RG_LE,1,mask-nan
mask-nan,MSKPI_V__E_PED_AEK____VKRARETGR__K_TNE_TKAVERGL_KLVVI__D_D__EIVM_L_LLCD_K_I_Y_YVPSKKRLG_AAGIE_AAASV___E_GD_ETL__EI_EKVKEL_AK__V,0,mask-Q9YAX7
mask-BD6zzx-9-G-SQD1,_TLWL_G___PKH_DGKLAG_YGFD_L_LG__SDRL_W_AE_E_T_GRWA_AAVAGILF_EI_GKAK_FEAGA_E__M_N_P_LA_E_V_M_F__LK_FQGWKETGT_GF_NAFPFDPAGMNSPSM_TK_VK_GR__M_AF_GFA_QAL__RQ_PIEALQSH_S__F_NNFV_SI_NL_N_IG,1,mask-nan
mask-nan,MYNI__STDTKE___IE_RRN_E_ERQNR_F_VRNRVMGV_VQA_NNQV_DRKR_EAAERS_E_AYGTS_V__DVV_Q__EKEEADR_R___K__QEF_EQKQQ___G_EFSLWDPG__WK_LPTYL__S_T_P_P_SL___SGEDL_R_TRLRM___QFRYN_ERQQQE_QQ_KVDEN_TDALS__LRL_MD__A__LARLE_S__AAMMCAMAN_NKAQ_AVQA_R_R_ER_R_QKANL_EIQ_Q_TS_L_TE_PQ___H__AP_RV_PYCWK_MTPEQ_AAIRK_Q_VQRSK_QAH_Q_EK_L_TEW_S_TM_S_QA__EL_E_ER_LCAVFQR_LGSFNQ_LANEQ_A____LNSVIYTN_PTAQYHQQF__S_R,0,mask-Q8N443
mask-nan,MS_NA____I_KQKPKV__R_DVVSESVS___K__GQQ_L_TS_PPS_TK_TPEEM_TS_E_ETSLS_DQK__L_PDTFET_RNT_RIE_E_DES_RQLCHEERI_KETW_EAA_LYLCEKPEELA_VI_LA__R_SQ_K__A__K_A_TMQERFL,0,mask-B7KMS5
mask-nan,MSSF__KE_LRM_LRFF_V_DEYIAY_RKFESKV__QYEN__S__V_VVL_K__F_YFI_LSSYKK_N_EKDKAMK_R_RIVTRL_E_GNIN_PL_YLLHH_MIPVP_S__I_L_L_LK__KHKMM_KQ_IY_KS_S_KIE_KSEVV_RKAAHEKDGY___FSC_FKLLE_KA_L____STF_,0,mask-Q9ZJ19
mask-BD7ymi-b-A-SQD1,GL__Y_V__VVLNDPGRLLSVHLMHTALV_GW_G_M__Y_LA_Y_PSD__LN__W_QG_FV_PV_T_IG_THSW_GWTV__EPWVTQP_I_GAHLN_FSYEGVIL_HILA_GLFFL_A_W_WINWD_DIY_PD_SSEPASDW_K____H_LT_GIVC__FGS_HLTGILG____VSDPY__TG_VQGVSPDWR_FA_DPYNP_GLVT_HIS_G__LIIGGIFHTVSRPSE___N_LSMGNV__VLS_S__FVAAA_FVMVG_M_Y_S__TPIELFGPT___WD_GYF_TEI_R_VQSGQTWDQIPE_LV__DYIG_S_AK_GLFRT__M_S_D__ARAW_G_P_FTD__G_ELFVRRMPNFF_T_PV_LTD_DG_V_AD__FR_A_S___FEQKG_SVSF___TLNG__FTD___V_KYARK_QL___FE___E_LG_DGVFRT_T_G_FAFSHSCYA__FFFGHWW_G_RTI_KDV__,1,mask-nan
mask-BD5i20-A-A-OLC1,MS_SS_____FT_I_L_STLA_ATSSTG_VPPFLLTAL_FT_GG_VGI_AGLARGVG__VL_Q_W__WVH_I_GLF_YHFFYFS_LKLA_PAEA_L_AYL__LLIVLF_A__PGER___A_V__ALM_L_GT_V_LGAR_GGF__APEYVP_YLAAAACA_IWS___VASR_F__VPTEV_A__C_AT___S_LC_I___PS__P_GSEWLA_VALGIG__GI_FYTW_I_MKR_DVRL_GVLSYA_PVL_TLLL__AGF_APS_ALAIACALIVGG__VAT__ARRLES_G_NLYFQ,1,mask-nan
mask-BD4nb5-B-B-2JT1,EPD_MEFVE_MGGY_ESR__T_LA_R_L__L_V_DPERQSS___AT_LAASSG___TNAR_L__FG_I_RLAVAGD_RT_F_LRP____AGE_ERIRAM__LQ_LA__GLRALGD__PQRSRRLR_MRDL_AYME_V_SD_LGRYSQRT,1,mask-nan
mask-nan,MAF_CLA_G_L_TF_IS_T_GC_S_SDT_I__NP_Q__EIVD_GY_G_LYLQWQ_P__LD__KECTV_YEL___NIG__T_KTI_TKN_HYKDG_DLNKGIEAKI__LLP___TN__E_QSSWAETTYW_S__G_PE__V_DM__VYYN__Y__C__KP_IGV_L_TNYNLF_W__GLD__LQ_VDYIKAD__NIGCR_PYL_ASD_KD__IC_NG_SENKPIRSSY_TFQ_QN_VKP___VY__FTRESS_EIKLKW_I_LGPIPARCFD_E__IRE___T_VTA_VEN_TYTLKTTNET__LCFVVRS_V_I_CS_DGIWSEWS__QC__GED_SK_TL_RFW_PFGFILILVIFV_G_LLRKPNT_P_M__EFFCDT,0,mask-Q14627
mask-BD7drt-B-A-PAM1,G_I_ENM_TKK_CIV__ILLVFQ_I_F_V_G_IAP_PTTAVSYMSVKCVDARKNH_K_KW__PWGPNHC_KIRDIEEAIP_EIEA_D__FS___PLPHMEMS_WFQF_LFILQLDI_F__NN_IR__AEVSM_VSL_YRD_AFAEWT__AHER_PR_LK_TF____T_EH_GR__ECDV_PF___G__AH_FYL_NIR__V__KKKI_VGIGE____RL_GIHQ_G__TK_WF_MKT_LT__IFII__W_WRRIT__SRPPVLL__VIFALGI_M_FIN_P_EWF__G_DW_W_LLFGD_RQGIFYAMLL_F__I__GEHMM__H_RN__A_YWKQV_P__VGSFCLF___MCER__QLTNPF_S__TTDI__E_AMAFIIV_GI__C_YFLFLCFMV_QVFRNISGK_SSL__MSKV_RLHY_GLIF_FKFLM_I_L__AAMTVI_FI_S_VTEGHW_WG_V_V__N_AFFTGI_GMW_L_V_AL_FLYA___KN,1,mask-nan
mask-BD8eqm-L-L-SQD1,_ADR_TNPNK_PV_LNRT_LY_GLLVVFV_GL__S__FF_,1,mask-nan
mask-nan,M__AS_AIGQ__YPLLL_P_PPRY__SLSGP__PP_PPDRSSRLCVPA___T_P_AR_G_SA_RAAR_N_EPP_R___PARP_RPGLQQ_LRRRPGAPRPR__R__F_QP_D_R_PAERGE_HCF_EL_LPGGPG_C_LCG_E__R_AL_C__CK__C_PEC__L_QLDC_QQEGLSR_R_SPE_TLTV__SQNVC_PV__T_RPPTLQ_IK_K_DSYNTREK_CLGMKLSEDGTYTGF_KVHLKL_RPVTV___I_P_S_Y__I_EV____TTDK_T_F__P__AI_Q_HISSTTTVSEVIQ__LKKFMVVDNP_K_AL_KRI____QVLF_K_SIAD_PLYLR_LAGPD_E_L_FVLKENETGEV_WDAF_IP_LQ_FLT_LEK__Q_KI__VQ_KYD_FR_KLE_A_R__QG_PG,0,mask-Q8WWW0
mask-nan,_Q_GT_W_VL__CLLS_GV_GQDGNE_MGG_TQTP_KVS___TTVILTC___PGSE__WQHNDKN__GDEDD_NI_S_EDH_SLK_FSELEQS_YYVCYPRG_KPED_N__LYLR___CE_C_E_DVMSVAT__IVD____G_LLLLVYY__K_RK_KA_PVTR__GA_GRQ_GQNK_RPPP_PNP__EPIRKGQR__YSGL_QR__,0,mask-P07766
mask-nan,__SSSIRLI_SGF__TQP_K_P_NSP__FIS_PKFFN_ESKST_TGSRSV_M_SVE_TG_DS____NRAS_M__KLQKELE_V___IE_VS_Q_AG__GM__R_DDETHFNV___SKG_E_MN_VKRH_LV_HLLREEL_TGLHALSIVS_TPSES_S_D,0,mask-Q682I1
mask-BD3a7k-A-A-L2P1,MT_T_PP_T_S_V_LQ__VTQRELF_F_LND_LLA_SLYINI_LA__SIL___FMTRG__D__AKLIAVSTIL__VVSIASYT_LASGLTISVL_MP_GHF_E_SSVMLG___V_GVV_MWGR_LTWA_ST_M__LALG__A_S_ATKL_T__TFD_AMC_TGL_AA_TTS__LM_WFWY___C_CFI_V_Y__LVEWA___KAAGT__IFSTL__LTVVM_LGYPI__A_GVEG_A__PVGYTSWAYSALD_VAKYI_AFL___YLTSN_GVVSG__LD_PS_SGAP__D,1,mask-nan
mask-BD5zty-A-A-OLA1,MKTI____YIFCLVFA_AP___D__ILSGPQKTAVA_LCTLLG__S_L_N_A_LYL_LS_HQ_RRK_S_L_IG_LA_ADF__SVVFA__FVNFHVFHGVDSKAVFL_K______TFTAS__SLLLAA_D_YLCLRYP_S_K_LL_RG__LVLL__MW_L_A_V_YL___GWTCCPR_CSELF_LIP_D_LLSW___IAF_FS_IIY_YGH_L_KA_QH_ASNI__MLR_D_GLR__IYKDTE_Y___GIG_LLTKSP_L_AA_S_L_KAIGRNTNG___K_EA_KLF_Q__DAAVRGIL_NAK__PVYDS___VR_A_LINM_FQ_G_TG_AG_T_SLR_LQQKR_DEA_VNLAK___YNQ_PN_AK__ITTFRTG_WD_YARMRLDVELA_TLG_VLA_LL_CWFPV_AL_A__LAT__SDQVKK__A__SM_CLI_SMVNP_IYA_RS_EIRS_AHHCL__W_KC_RGLG__LEV__QGPHHHHHHH_HHD_KDDD_K,1,mask-nan
mask-BD3wqj-A-A-L2P1,MDPIA__A_FD_LN_G_P_T_WLG_GTLL_LIGTFYFIA_GW_VT__EARE_Y_ITI_V__I_SA_Y_AMF_GIG__E_E____TVLDIYYA_YADWLFTTPLLLLD__L__KVD_VTI__LI_VD__MIVT_L_GA_SKTPL__Y_W_LF_T_AFL_VL_YLLTSLR_AAAKRS_E__STFNTLT__V_VLW_AY_IL_IVG___AG_VGL_I_T__FMVL_VTAKV_FG_VLL_SRAI_GET_APEPSAG_DASAAD,1,mask-nan
mask-nan,MS_TSYILA_Q__LILG_YGCY_QDT_TRET_H___YLK_N_SD_A_G_PLFLNILRN___ESD_KIIQSQI_SF_FKLFDNL__HEVI_KSMESI_ED_F___FNS_L_K_DDFQ___R__VDDRLV_RKAVSE_S_VL_F_SPK__LKKR_RSQTLFR_RR_S__,0,mask-P30123
mask-BD6khi-L-L-SQD1,M_V_TEL___GVY_A_AG__LLVV__I_YAYL_AR__VASSFE__FMY__V_FF_PGLLLLAPFINFRPQPRS_NS,1,mask-nan
mask-nan,_Q_PNAD_EWNDIL__KGILP_KESLKE__E_AE_E__IL_Q_VVKT_EDMTLEELED_EDEF_EEDE_AIEMY__RRLAEW__TKLKN_FGE_LEI_G_DYVQEVTKAGEGL_VIL___KQ___LCAL_NQ_LS_LAR__PDV__IKAI_T__IPNY_DRNLP_IFVY_E__I__QFIGP_VF__M_LTRD_LE__LSESG____D_E_NP_KPIE_VLLSS__R_VL_KRD_DSEG_,0,mask-Q9H2J4
mask-nan,_NICVNSL_RLSIPQF__L_TEE_SDE_L_LL_SA___GDQ_C_D_LCN__LRNDDLG_RVEKFL_DLFSGKRTGSS___K__NQ____LHQIANND__K_NTEW_KLHAPSR______S_TT_LSKKIG_AH_IMG_QFAQ_DQ_Q__VENLW__ARMLSS_EL_AATQ_LVQESP__SVNY_I_L__PTTK_NILST_LL_KIAQSG__HN__FL_NTG_HWLLCLFYKL_E_IKC_IFNTYYDLN_N_KQEIIE_AK_AGI__SD_VN_IEM__QNN__NG_____YHTIQLLSNA__ND_A_TL_EF__NFLTL__EEQ_L__TQ__RQI_EYSLQ,0,mask-Q8ZNG2
mask-nan,M_S__FTSVHP__ATS_VN_TID_FV_KLK__QVQGSYAIALE__QLLM____AARW_HVN_LI_Q__DLGN__E__HPTAFSCGNV__R_L_VLR_E__EDT_STTVTS__VAEPL_SSMFNLLQ_P_Q_H_N_K_SSGS___KTKTDY_QVAIQGI__LID_IKNIDEGIQ_IA_DLIH_HEI__T_TPDS_TVLK_LITARERSNRTF_VLV__G___NTKN_HEFAKK_AQH_IE_LVV__SAVF_L_SRV__V_IGT__VFVN____S_NSGV___C_CA___RTP_F_VAG_YKLSP_YPFDV__FVE_GGSQRIL__MDP_KR_D_VNQITD_VPPENID_Y__N_GG_NPSFIY_IAWDN_KQ__V__DK_KA,0,mask-P32502
mask-nan,M_NPQ_EKV_VVVGDDHPLFRE__V_A____GS__V__E_D_GAA_LELIKAHLPDVAL_DY__PGMDGA_VAA_VRSYELPT__LL_SAHDE_AIVYQALQQGAA__L_KDSTRTE_VKA_L_CAK_RDV_A_SL_GG__GEIR__A_P_APV______EVLNR___GQS_PAIAAE_Y_APS______QRLYEKLG_SD_AAAVAEAMRQR_L_,0,mask-P9WGM5
mask-nan,I_ECVF___IKKEGKPCKPK_E__CTGGWR___KLCL_I,0,mask-P85504
mask-BD6zzy-3-K-LAP1,_GAD_A_VERVA___GLYKNFT_GQAL__LDGT_____G_DP_GLCDPEGA_GF_T__WLSYS_VIHCRWAMLGAA_FLAPE_LA_A_LIPATPE_A_WF_SG_IP_AGQY_KY__D__S_FW_E__LMNF_E__RWQ_FKEP_SQSKQYF__LEAVFGGSGNP_YPG_QWFNMLNL___P_E__KLQT_EI__GR___IACLGC_AQG_____GPF_N_LEH_A_PVSNN_LGN_ATILK,1,mask-nan
mask-nan,MER__K_PLT_PGSVSPS__SSVPGSPSSIVAKMDNQV__Y_DLAA_P_DKA___I_RPD_MIYEPHFT_SL_EHV_LPRSRER__SP__TS___SP___AD____GIIS__SA_RTT_TPR_SLPHFHH___SRPDSN_Y__P_I_KQR_S_G_S_Q_K__I_DL_IESSKFPAAQ_PD__Q_A__E_DYWPCP_SL_VV__E_RKRK_S_RGA_EE_EE__DD_GEEM___RERQR_ELS_VTS_LG__ILKE__EK_LP_RRK_RSLPD_TPFHTSL__G_SK_SS_P__G_TT_SRLQSTEF_P_GS_T_SPGL_NGEGQ_GRMDRGNSLP_V_EQK_YPYEMLVVTNK_R_KLP____R_RL_RH_SAEDFS_VF_MSPEEFG_LALWK_NELKKK_S_F,0,mask-Q08495
mask-nan,MSCLV__LVS_G_IP_LSI____N_QANE_EY_EA___K___EFVGP_DR_EDGSD_LYKDADM_YS_A_E_FY__K_GLFAIQQRT_L_S_NY_NN_IVE_I_PFLSKYNIS___IWD__YA__D_N_V_VR_QEVYSLGEF_F_D_AELLSN_H__DQESMVN_WLHFT_TS_QDKI__DQPIF_IL_QI_NA__RPKA_RSIKYCSC_ANEG__SLD_QQFLQ_I_SQK__K_A_P_VKFVRP_SW_GAYG__DARDKFVDL__,0,mask-P36040
mask-nan,MGIQETD___QLSLPPGFRFYPTDE_LMVQY__RKA_G_D_S_Q_IAEI__Y_FD_WVL__KALFGE__WY_F_PRD_K__NGSRPN_VA_SG__KAT_TD_II_TEGQRVGIK_AL__YIG___KGTKTNWI__E_RL_EPSRRNG_T_L_DWVLCR_YK_QS_A__QVYDN__ANA_E__NN_T_S_T____HF_DVL_SF_QEID___FQ_SNPNRISSLRP_L_EQ__GFH___DTSNFDWASFAGNV_HN_SVPELGM_HV_PNLE_NCG_LK__EEVES___FNN_GEL_QK___V_SFGYS_QVGG__FM,0,mask-Q9C932
mask-BD6ryo-A-A-OLC1,MG__HH_HDYD_P___N__F_G_HMHKK__I_TS___A_FVVIFDQVTKYIIATT__IGDSFEV____L_ITS_R_N__AWGI_S_KMTF_FI__III_IALVYFFIK_AQYNL_MQ_A_SLLFAGA_GNF___VLTGEVVDF___NI_GYDF_I_N_A_SSLT__VILI_IALLKD_SNKKE_EVK,1,mask-nan
mask-nan,MGKD_IADIITCI_N_DM_RKG_V_I_STNIT__IVKIL____FIE_A__HQERNK_F_VLT_RHRR_KK_PYLNT__L_RVSRP__RIY_N_Q_IPR__G_MGI_ILSTSRGIM__RE_RL__I_GEIL_YIW,0,mask-P09597
mask-nan,MTSVS_A_TNVAGLLAHG_KSRCRN__V_RSRS_A_RA__DRQRWRICM__GE_VH_Y___VVE_QLGFS_SRRAL_HH_A___LA_A_P_S_A_VA__LAE_V_GAAWKQVPLPTE_VL__ID__Q_D_N__WL_G__GLV_ETRDGGE_WE_R__EDVEREE__N__F_NVSF_G____VI_KPP__LRST__GKN_SRILLSPK_PGEPLLVTALGPNCAEM_T_SG_IYVTE_GGINW_ALVRETI_ATL_R_ISSGITG_SYF_GSI____RDVH_NYI_IP__G_FFLTWVP_SD_W_P__RST_RRISAIGFIQ_D__K_IW_TIRGGG_GFT__N_N_NST___A_D__DSKTGGYG_L_VAFQD_RH_WA_V_G__MYRSDDG_K_WRR_PLVSKVG_NL_KI_F__S_RGF_LG_DG_LLKFH_E__,0,mask-M1VJU3
mask-BD7ymi-3-3-SQD1,MQ_Y_Q_D_EY_W_SGNS_FSDYSGQFL_AHNGQIAS_CF___S_TLFE_S_FNPDLP__Q_NL_CIP_LA__GWGVA___A_V_T_PYFAIAMIH_V__A_LG___LY_VTKGP__L___E_SGA_RFH_EW_DFETQGRILGHHLLF_GA_CLLFA_WA__HGV__PV_GEV_AI_P_LNLV__F_YG_ATPG__PYFVNNL___IGGH_FVSSL_IAGGI_H_LVKP_PYTDK_FV_SGEAL_A_AL_GL__AGFNAA_FCSV___VFPV_L_GPVLEAK___T___A__LD_SDGGHTTRFW_S_FH_YWAFYCL_G___HALRS_GFD_RRIPRA_AS_TPQ_N,1,mask-nan
mask-BD6igk-A-A-OLC1,G_G_A_AE___GD____SPPR___PPP_QG_IEIKETFKYINTV__CLVFVL_IIG__T_LYII_K_KCMRNGPNILI__LAL_DLLHI___IPI_VYKLLAE__P_GA__CK_VP_I_KASVG_TVLS___________VASWS_I_GIGV__WT_V__VL__VVSVVLA__E_IGF__ITMDYKGSY_R_C_LHP_QKTAF__FY_TA_DWWLFSF_F_LP_AI_AFFYTLM____LRK_IFEML_IDE_L_L_IYK__E__YT_GI_HLL_KSPS_NAAK__LDKAIGRNT_G__TKDE_E_LFNQDVD_AVRGI_R__K_KPVYDSLDA_RRAAL_NMV__MGE_GV_GFTNSL_ML_QKRW_EAAVNLA__RWYNQT_NRA_RVI_TFRTG_WD__LN_HLKQRRE_AKTVFC_VL_FALC_LPLHL_____LTLY_QNDP_R_E__SF_LV_D_I_INMAS_NSCANPIA_YL_SKRF_N__KSAL__WAQS,1,mask-nan
mask-nan,MQDP_ADTEWNDILR__GILPP_E_LKEL___AEEEQRI_QQSVVKTYEDM_LEELEDHE_EFN_ED_RAIEMY_RRRL_EWKATKLKNKFGE_L___GKD___EV_KAGEG_W_ILH__K__IP_CALI__HLSG__RK____KF_K_IS_T_IPNY____LP_IFVYL_G_IKAQ_IG___FG_M_LTRD___W_L_ESG_IMTDL_ENPKKPIEDVL__SVR_S__MK_D_D_E_D,0,mask-Q9H2J4
mask-BD7ymi-H-B-SQD2,PKQTWW_D_LKG_NNSEA___VPGWG_T_VMAG_VVM_TLL_LI_L__YNH_IV_D_V___WTSLGGF,1,mask-nan
mask-nan,MK_I_VLIL_SVLI_TI_PV_E_QTQC_SVRDC_QY__TPD__SY_TCYCKT__K,0,mask-Q95NJ8
mask-BD4u4t-A-A-OLA1,_SH__APE__TG_VI_DWRPEDPAFWQQR__RIA_RN___S___LL__FCVW__F_AVAVN____GF_FT_____ML_A___V_GA_LRVPYS__VPI_GGR_W_AFSTGIL_I_CV__G_AVQD_S__YSV_IIIS__CGF_G__F__S_ANIS_FF_KQ__GGA_GLNGGL__MGV_VMQL_A_LVVSL_IFAV_GS__VK_PDGTELY_ANASWIWVPF_AIF_IAAW___ND__T_KA_IK_QLPVLKRGH__IMSLLYLAT_GSFIGFSA___M_S_TQFP_VQI_QYA_FGPFIGALAR_AG__L_DRLGG_RV_LVN__L__IFSGLL_L__PTDGQ__S_MAFFAVF__LFLTAGLGS_ST_Q_IS_IF_KLTMDRVKA__GSD_RA_REA_TD_AA_LGFI_A_GAI_G_FI_KAF_SSLALTGSP_G_MKVF__FYIACVV_TW_VY_RHSKK_ESSGENL__QG,1,mask-nan
mask-BD8bd3-S-S-SQD1,VSR_GGWLG_D__NIN___WYGP_RVLY_P_GL_ARD___PVLNGTLPG__GYDPL_L__DAETLA__RANEL__A_W_MLAAAGAI_PEGLAANG_DVKGATW_ETGAAM____T_NW___PFV_F_NP__LFAV__I_VAL_A_AENYRRTED__AGYAPGVGKFDESV_S_M_NLYPGGPFD_LG__DD_EV_AE_KVK_IK__RLAM_S__GFAV__A_TG__PYA_W_K_VA_PFGY_LLTI_SS_D_AA__,1,mask-nan
mask-nan,MVN_VIDI_EAVRA__AQI_G_RAEIGR___TIATL__SLATLK___TL___K__LVPVGSI_QV__KVEKMDKVVVS_GQN_SAEL_YEE_LKY__DE_KKLLTFR__L_QA_A_LYAK_ED___EAQQT__EEKAE_E_N__KAE,0,mask-Q58064
mask-BD4e1t-A-A-OLC1,___FG_A_VNLNFDKN_SLK__SL_WL_PWY_SASFLFFS_L__RNK_S__TLNLGVGIRTLE_GWLYG__TFYDND___HNH_IGL___A___YLQL_ANGYFR_NGWHS_RDFS__KER_ATGG__RAN_YLP_L_____KLMYEQYTG_RV_LFGKD_L_R_PY_V_AGI_Y__VP_LT_GVDQRMGKS__HETQWN__MN__FGESFQSQLSP_AV_G__L__ES_YNLV_R_NNIVL_YQ,1,mask-nan
mask-nan,MSFSNYKVIA__V_VANFV_GAAT_W__E__PAKS____QGDW__SFNF___YVGE__GDL__GG_ALP_ADV___NDT__TF__AYF_SSN_AVDFFVGVP____FQG_KSISSL__VSEVD_GPAI__L_Y_Y_SF_RLYPY_G_GV_R_LFFDKTDGA_SS_DI__KWA_AFQVGLRYDL__SWMLNSDVR__PF_TDVTG_LG_VPVSTKIEV__F_LS__ASY_F,0,mask-Q00595
mask-BD6hlo-A-A-OLA1,M__L__GFEFLPVKVGGL__ALTAI__AL_SLGHE_LVFTP_HGRFQGE__GK_RVFGEE__VK_S_EERGN_R_YRIGGGLL_S__VYGPGW__L__KAVT_GRASVLLLND___EEP_P_VV_FH_WHTVFAG_L__KYFKI___FT_HRLN__KLP_F__HE_GLSELAPY_DI__E_T__YIA__VTT_SRG_L__E_GFFRNF__KITYVFNGID_S_WN___L_G_RD_RKKSL___FGMD_GVTF_FIGRFDRGQKGVD__L_A_EILSS_KEF_E_RFII_GK___E_E_WA_SLE_KHGNVKV___M______RE_YG_VDFVIIPSYFE_F_LVA_EA_C_G____ASAV_GLR_II__ET_I__KAGDPGE_A__IL_ALE_SRS_LSKFREN___RAMS__WEKS_ER_VKAYTGSIDRAFDFIL,1,mask-nan
mask-nan,__W_V_DT_I_PTCGISFSA_WGN_KM_I__Q_TI_LPPGSIFT_VK_GIILKDKEYPIT__HI_P__KD_WSLLK_SQE_P__ES_I_NKCLH__C_IKIC_Y_LK,0,mask-P75987
mask-nan,_FAEGRIPL_VVG_VAGIG_IGVLG_FF_GA___L_SS_,0,mask-P73070
mask-BD6w1p-k-k-STE1,MI_A_VL___L_EAYAIF_PLVD__PVIPVLFLA__FVWQ__VGFR,1,mask-nan
mask-nan,MKR_G__SL_AGAH__EA_PLAPLT_LRVGPIARR_ITCTS__QV__A_R_L_SA_KTG_D_P_VFAGGSN__IAENLTD_TVVRLA_SGIT_DG_LV__E_GAVFDDVVV___EQGL_GLEC_S_I_GSA_ATPV____AY_AE_SDTITRVRLLD_CTGEVR_VSARDLR_GY_T_VL_HAD_L_V_T_VLEV_FA__PSG_S_P_R___L_A__N_TSG_RADPQAV_EAVL_LRA__GM_LDPT___TWSVGSFFTNPVVTQD_Y__LAGDAA_RK_G_VP_Y_APD__KL__GWLV_RAG_G_G_PDA_A_PCRLST__AL____RGGA_AE_VV__AR__RDGVH_VFGI_LK_EPVLI__ML,0,mask-P9WJL9
mask-BD7yca-H-H-SQD1,MA_VKVH_W_QIARN_TTP_TT__TTT__RP_RQS_MVAHAKT_AFATG_A___STPT_RRA_ATV_TRA__GDES_YFDLSD_EATTG_WDV_G__SA__Y__QQAAFF_AAA_GLG_REAVYSV_AV__GLLTV_Y__KGAKD__LP__V___QPAQ_GPR_RI,1,mask-nan
mask-BD8f4h-F-F-STE1,__S___NQEPVSYPIFTVRWVA_HTLA_PTI_FLG_I_A___IQR,1,mask-nan
mask-BD5yck-A-A-OLC1,M__T_SGQL_A_LKRVTR_AAPMATVTIA_YLL_VI_VMV___NGE__LSG_ALAT_F_NVT____M_G_VGALE_LC_Q_YG__QYEK_G__TY__IASNI_ICF___IIWFYIENI_ISLGQD_DIS__A_S_A_WLI_VLFA_AIVI_LTRFLLT___VLPL_YT___TLL_____CWVFVLV_VL_S__P__ATSVSF_FYAVIL_CY_RFSSSCEK_RGFVSEDFV_CVK_FFQY___SAA_IC_E_WLFEL_ILCSGLL_NPKL_TSVLSI_L__ETLHY_ISS_VA_AVST___N___AGNPQVARVSV_A_L_LWLVESA_FS_LLFT_RNI_G__FSNSKEVVD__A_L___L_LSF_L__FTAV_NG_ARG_GWQH__AW__IFS__LV_APVGV_L___H__NG_G_WC_VVIG_TV_ATVLAIV_ASMN_K_Q_EKA_K_IVST_NELAEF_GENL_FQ,1,mask-nan
mask-nan,____V_VV_MML__L_L_PPST_AINTITFDVG_ATIN_Y___MKSIHNQAKDPT___YGIPMLP_T_LT_KYLL_TLQDSSLKTITL_LKRN_LYVM_YA_T__GKCRY__FK__SNT_ER_DVMT_LCP__SS_VGKN_NYDS_YPA__K_V_R___Q__L_IQI_NSG_GKIYGVDSFT_KTEAEF_LVAIQM___AARFKYIE_QVK_NF___F____KVL_LEESW_KI__A_HN__NGAL_SPLEL_N_NGSKW_VL_V_D___DVGLLKY_NG_CQATY_SA_F_HL,0,mask-Q03464
mask-nan,_EA___IGV_A_C__F__S__NN_KKQ_A_E_EDYL___NK_VVQRTQI_SEL__VI_NRSIDK_VNLSA_EVA_LDLYE___I_I_SDIIEDLVN_RLQ_EQEVLN_IETQR__WKLENQKKLY_GSL_,0,mask-P16517
mask-nan,FDGR___A_NKATDLMA_PVR_C_SDP___NKHPD_C_GRR,0,mask-K4RNX9
mask-BD8e6h-A-A-OLC1,_H__H_HH__DSRS_SLPD_RPDPPEQ_LDARAGA_L_GTA__RGVR___PFLGPWVIA_IAYMD_G_FATNIE__A__GYS_LWVI_AA_L_AM_IQN_S_NLG_ASGRNLPELI_ERWPRPL_WF_WIQA__V_M__DL__F_GA_LAIQL_TG___F_G_VVTGVVT_WLL__QKRG_RPLEL_VGAFVLMI_VA__V__VL_R_DLAA_G_G_VPRLQ_PG_A_LA__IIGA_VM_HVI_L_SALT_G_IQTD_TEEKRR_VRLNR_D_IAA____GL_NMSMLAVA_ATFHG_NVE___DLTTAYQTL_PLL_P_ASVLF_VAL_AS_L_____GT___DV_MQGF_GFHIPLW__RL_TM_P__I_ILLGM_PSS_LI__QV_LC___PFA_V_LLL__A__DV_GA__TRRSFTVIGWVIAVIIIALN__LLWEL_G_,1,mask-nan
mask-nan,MAANLR__AFLS_L_F_L_I_SSY__TSSEMSTI____LNP_FC__FLNT_FAS_NLQALAKTT_DSTQAR_TQTL__LQSIID_GVDP_S_L_Y__CVD___SAIGN_EEA_EH__S_DG_GMNMKVS_ALDGA__CL_DVK_LRSV__SVVNN__T_KNLCG_A_V_S_MLP_N,0,mask-Q9LNF2
mask-nan,MAQ_RA__QSKETL___YNKRLKDDIK__MDN_TEII__AK_EDE_Q__R_T_GEQD_YE_HV_A_N_VRAGESL__L_S__K__LILND_PSVNE_IDQR_QQLRTLQE_C__K_I_LRDE_SID__ELEEEY_S_S_SLCEA_DLP___AYG_LDL_TDSAD__SAPLLA__EPS_GPL__AAP_HSH__GPGP_EHA,0,mask-Q15528
mask-nan,_AVL_K_MSFSLMGTLA__CLLLIAL__Q_AN__P__TRC_L_VSNFQQPYIVNRTFM_A__ASL_DNNTD__LIG_KLFRGV_A____YL_KQV_NFT___VLLPQ__RFQPYMQ_VVPFL_KLSNQL__CHIS_DDQNI_KNVR__KE___KLGESG____IG_LDL_F__LRN_CV,0,mask-Q9JJY9
mask-nan,M_AANY_DPSLPR___SD___LI__Q_PNR__VA___EKERKP_DPPPI__I_VR__GT___QHYL_SP___MSCSLYD__E__PASI_P_TALTGTLVSSLH_LKDVD__DGGFFV_GDLSI_V__DFRL_FSLF_MRKT_V_FLKSIV__RF_VS_PKSFPGMAESTFLS_S__DQG_KLR_R_EPRTLIKR__PR_EE_PQAAIPRSPSD_TAM__PG__Y_APP_Q_TSR_YS___PV_RQR__VDYG__GMY_ADG_M_Q_E_Y_QTATLYGQ___Y_T__MGYPSGH___PD_AMSY_L_PSAQVP_MQD_A_Q__SSQ_ATMQSLGM_NPPGT_TPDS_R_M___AYPRPQYSASTAV__PL__S_NYPQ_TNGATR___E_SPQATPILP_QPL_TS_AER_G_P_G__GYDHT_S_NGT_R,0,mask-Q5BBX1
mask-nan,MAP_AGGAAAAASDLG__AVLLA_HAAVR_LGAGP__EAQL_R_QL__DPERPGRFRLEL__AG_GAVNL_WPLE___YTI__PTQ__L_PPPGGPGTLSLHFL__QEA____VLVR_A_VEGQ_GSK_NSP__LGP__CPVS_PSP_E_S_LK_PPPEA_L_RSPGNLTEREE_AGSLA_A_A_GDEKGAA__AAVLA_HRVALS___QEACFPPGP____VTLEDAASAASAASS_HV_L_V_P_C_VA____Q__SE_GFP_AVQRWV_GR_L_VPERS_AS_G_RQDG__AFLY__SAP_EA_ATGP_P_HP_KMDG_L___F_PSLGL_P___PA_S___SP_Q__WSCPSC__IN_PDR__CEM_ST_R_CT__P_AA_S_,0,mask-Q9H0F6
mask-nan,MS_V___YQGKHRGVEVEL_H_RCVFG___LQ_D_VLSDS_____H_VLM__E_GIRLTDSA_PL__E__PVP_GTLL_AGTCL__GFLLWT_VAVG_P_P_TL_VP__RKEPTDRLPRSRLGVGLGV__L___L_FLGMLGHG_WREYN_D_QLVE__V_RLLA_A_YKDVVLT_PKEGE_WL_TGYI_D_H_RLSLQ___ES_GIPFRLELR_MEELRQG__F_LQ_LGYH_IEVSLAPQAGWLQLNGEV_E___KQKID_LL_A_VPG_LG___K__I__NQRK_L_ALLEQFGL__D__VNVKGELIELRGQVND__LS_FNQ__QTF___FG_RPKL_____GGQ_Q__E__FEVQA_SLG_V__V_LDN_Q_Y_EG_I_NNG__ILAI__DAVIVSK___E_VIQL_GGKPR,0,mask-Q01245
mask-BD6j21-A-A-OLC1,D__L_VD_____NIS_NTSEPNQ___PA_QIV__AAAYTV_V__S__GN_VV_____AH_RMR_VT_YF_VN____DAS___F__V_N_T__VHN_WYYGL_YCKFHNFF_IAAV_ASIW_M_AVAFDRYM_IIHP_Q__LSATAT__VICV_WVL_LL_AFPAGYY__T_T_P_RVVCM_EWP_HPNK_YEKVYHI_VTVL___LPLLV_GY_Y_VVGIRLWASNIFE_LRI_EGGGSGG__A__LFNQDVDAA_RGI_RNA_LKPV_D_L_AVRRA_LIN_V_QMGETGVA_FT_SLRMLQQ_R___AAVNL__SR__NQT_NRA_RVI__FR_GT_DAY_EQVS_KRKVV_M_IVVVC_FA___L_FHIFFLLPYINPD__LK_F_QQV_LAIMWL_MSSTMYNPIIY_CL__RF_LG__H___C_PFI_AGD_EG_E,1,mask-nan
mask-BD7cff-A-A-OLC1,M__PE___L___L__LLALS_FFSASETAI_TLYPW_LKEL_ES_NGPFRLLA_D_TR_LT_I_VGN___NIAA_A__TELA_Q__GS_G_GVA_G__T_LILFFG__TPKSLAVHHAEAIA_LA_W_IY_L_VLFYPVGR_F_LVSGG___LLGL__RLESSGLEV_F_,1,mask-nan
mask-nan,MAKEFGR_QR_AQEM_KEIA_ILQREIKDP____MTTVS_VEMSRD__YA_VYVT__N__DEDAVKA__K__QE__GFI_SLL__AMRL_IV_EL_F_YDNS_VE__RMSNLV_SVVKHDEE_RVNPD_____,0,mask-P0A7G2
mask-BD7qhm-M-M-PLM1,_SP_H_Q_SPVQ_T_E_LTTSQ__TSAS_TS_SSAT_TSSAP_EEDV__VVSPAA_VD__QV_FE____DP___YY_AI__S____GN__PSCT_EM_DFT___WLS__QPGATV_IAEDGTA_VELEATA_GTGL__TTQACVA_VFGDHTEGFRDVA_V_VTFAAA,1,mask-nan
mask-nan,M__Q_GQ_GL_D_D_PGP_PD_DSKPSSQS_NDTPM_KLGNFE_P__KELS____N__M_TQRIMT__IAFAFW__LVKFIKFFW_NT_VGRQFC_R___IHLYMLT_H_LKKANI__H__FSW_NAE__D_L__LLISL_ILFSL_KLLSTVKV_DL__TDR_KKLLG_D_QS_VDTGLQPQ_P__VS____SQMAQN__HI_QTNL_N_PAYLFK_L__P_KAR_R_MA_EQT__Q__SLH_KNV__TLQ__SGISSTLVS_N_D__SPHT_V_RKGYIPSSKYAYMMN_QSP__KI,0,mask-Q12445
mask-nan,M__C_NSLYRLS_P_F_S_Y___VSDE_L__LFSAVE_GDQ__IDLL_NL_L_N_D_GHR__KFLF_LFS_KR_GS__I_KKINQ_CLV_HQ_ANNDI_K__TEWKK_HAPS____MAGSA_T_LS_KIGIAHKIMG_QF___D_EQVGVENL_CGARMLSSDELAA__Q_L_QES_LLS_NYP__L___TT_ENIL_TQLLE_IAQSGLSHNEVF_VN_G_HW_LC_FYKLA_KI_CL_FNTY_D_NE_T__EIIE_AKIAGI_ES__VNFIEMNLQ_N_PN_CG_FCYHT__LLSNAG_ND_AT__R_FAE_F__LS_EEQ__F_TQTR__I_E_SLQ,0,mask-Q8ZNG2
mask-BD8wbd-b-b-TGL1,D__CAVSWS_K_LK_GSGI_V_D____WT_Q___Q_ESP_R__SA_LN_H_DGV_GIR_TT__EN_MW_Q_TNELN__LWE_G_D_TV__GDVKGVLS_GKRAL_P_VND_KYSW_TWGKAKIFTPEAKNST_LIDGP_TSEC_NERRAWNFLEVEDY___M_TT_IW___R_G_SE_C_H_LMSAAIK_Q_AV_ADMGYWIESSK__T_QIEKASL_EVKTCLW_K_HTL_SN_V_ES__LIPKA_AG_F___NY_Q_YATQT__PW_LGKLEI_F_EC_GTTVTIQ_D_D_RGPS_RTT_AS_KLV_QWCC___T_P_LRFLG_D__W_GM_IRPLS_K_EN_VKSQVSAH_H_H_,1,mask-nan
mask-nan,MEHQ__C_E_ETIRR_YPDANLL____LRAML_AE_TCA_SVSYF_CVQKE__PSMRKIV_TWMLEV_E_Q_CEEEVF_LAM_YLDRFL_LEP_KK_R___LG_TC___ASKMKE__P_TAEKLC_YTD_SI_PEE__QMELLL___LKWNL__MT_H__IEHFLSK_PEAE_NK__IRK__Q__VALCATD_KFI__PPS__A_G_VVA_VQG__L_SP__FLS_YR_TRFLSRVIK_DPDCLR_C_E__EA_LESSLRQAQQN__PKAAE_E_E_EE_VD___T__DVRDVD_,0,mask-P24385
mask-BD6eb3-B-B-J3G1,_LYA_VN__NLHYEI_GQ_QP_LL_MGLGAP_A____IF__TL_K____IIYDNRGTGLSDKPDMPYSIA_F_SDAVGL__ALNI__AHVFGV_MG_MIA__LAIHYPQRVASLI_G___P_G_HA_P___E__K_L_GRAGLT__EAIR_GWKL_FSEE__HTHKA__EAHIPR__AQL_PRFA_ER__QA_M_LRVFKQLKEIQAPTL_A__RDDM_I_AVNSEILAREIPGAE___F__AGHG__T_A__PFL_VL_EF__RQS_,1,mask-nan
mask-nan,__HGI____GI__P__KPE_Y__VKLYKN_REREK_D_M_E___VVKTM___E_AYIK_C_SPSEYTAAC_RLL_QY_AAF_Q_QGSEIS_IDEFCRKF_LDCP_A_ER_K_DRPI_I_D__GNLN_CI_D_V__FIT_____RLE_RA__EIQPDL_ELMET__RM_HLPPDFE_RQTV__WLQTL_GMSA_DELDD__VRQMLFD_ESAYNAFNRFLHA,0,mask-Q9UK41
mask-nan,MAE_AGSTF__L_V_I_LL_GWI_GCII_I_VVFS,0,mask-P0DN84
mask-BD1pob-A-A-GEL1,_LY_F___I__T_PSR_W_D_ADYG__CGRG_SGTPVDDL_R_CQVH__CYNEAEKI___WP_FKTYSYEC_QG_LTCK_GN_AC_AAVCDCDR_AAIC_AG_PY__N_Y_INLK_RC,1,mask-nan
mask-BD7pi0-J-J-DGA1,_GRIPLW_V_TV_GL_AIG__AIFFYGSYV_LG_S_,1,mask-nan
mask-BD5oy0-F-F-SQD1,ADDFANL_PCSE_P_Y_AKS_N_LN__NDPN_G_IRA_RYA__LC_PE_YPHL_VDGRFTHAGDFLI__ILF_Y__GWIGW_GRSYLI_IRESKNP_M_EVVINVPLAIKK__G_F____AAV___TSGKL_MKD__I____R,1,mask-nan
mask-BD8jw0-B-B-SQD1,_KM_P___YLP_PERLE_W_GGEKGFDPLRTS_IIDV_WL__A_LK__RI_ML_TLG_IS_DAGW_FE_E_FQG_SVI_AH__M_EMG_MQQMLS_VGVCEI__LYL_K_GL_GK_QR__G_YF_GK__LPKEEDK_KD_QLK_LE_GRLAML_FSGI_TQANL_PE__FP_,1,mask-nan
mask-BD6w1p-x-x-STE1,MTITPS__GF__G_L_GA_VLGLTF_VLIA_S___KVQRSL,1,mask-nan
mask-BD5aww-Y-G-OLC2,MVK_FWSALQIPELR_R_LFTLLV_AA_RLGAFIPTPG_DLDK_Q_FLRT__GGVFG_I_L_S_GNF__FSIFA_GIMPY_TAAIIMQ_LV__V_A_EK_____EE_RR__N___R_G___LGAFQG_F_ATA_LGA___RFLLPGWSPG_F_W__V__TQV__IALL_WMA____E___GNG_SLIIFAGI___W_P_I_R_I__IR_G__NLVAF_FF_AFIVL__AG_AA_QQA_RR_P__YARKV_GGRVY__QA__IP_KLNAAGVI_I_FAAA_LQI_I_LAA__QDNPV_QGIANFF_____SGLFIEVLLV_LFT__YTAVQF_PK_I__S___YGGFIP_IRPGEPTVK_LE_IV__LTLWGALFLGLVTLLPQ___N_TGIHSIAF_GIGLLIV_GVAL_TL__V_SQLMLRSYEGF_SR___RG_NRHHHH_H,1,mask-nan
mask-nan,MS__GR_GGETKV__G_L_T__GKG_LERAFSYYGPLR__WIA_NPP___FV_F__P_D__DAV_GLDG_VICGSRV_VELS_GM_R_SR__RPP__RP_D_NDRCYEC_EK_HYAYDC_RYS_RRRSRSRSRSH_R_RGRRYS_S_SRSRGRR_RSASPRRS_SI__RR_RS_SLRR_RS____GS__F_SP_RSRS_SRS___PR_SRSKSRSPSPK_SR__SGS_R_S_S_E_M_,0,mask-Q16629
mask-nan,__A_V_GQLGAL_I___RSRGK__LGV__QSYI_TSASL_IS_KWE_KNKI_Y____PGEPRRP_E_YH_R_QIKYSKDKMWYL_KLIRG__ID_AL_Q_EFN__KGAKI_KE_LLEAQD_AVR_HNV_FR_NLYIA_STSG_GQCLKRIR_HGRG____MEKV_CHYFVKL____PPP_EPPK_A_A___E_IQQL_S_T_VHTL,0,mask-Q9NWU5
mask-nan,M_AKNV_L_STNA_VRG_IDQNL_PTK_NISFVAFP_SN_NSP__I_PK__GPI_V__GP_M_ISTPQ_L_SS___L_GSPYTPAPA__T_T_IAE_TG_VP___KR___FI_SDFSESKRS__GDK_GK____F_MKVCEKVQRK_T__Y_EVA_ELVSEFTNSNNHLAA__AY_QKN__RR_YD_L__LMAM_I_SKEK__IKWIG___NS_QECQNLEIEKQRRIERIKQK_A_LQ_LLL_QI_FKNL_Q_N__NE__NQG_PA__S_IQLPF_I_NT_RKTV_DC_ISSDK__YLFNF_NTFE_HDDIEVL_RMGMS_G_ES_KCS__DLK_____VP_ALEGYITDISTGPSWLNQGLLLNS____SNLD_TT_A__P_S_VN____LDAEVAL_TGQFL_P_S_Q_S_AAS____SRGETPCSF_DE_E__DEEDSS_PE,0,mask-Q14188
mask-nan,MAP_RK_Q_G__K_TCPIPA_V_RL_VKGG__VLEVRTGPD__TQ_E_YLNP_M_NNI_S_DL_G_SN_I_TAFSKASDT__KDTLPCYSVAV_KL_L_N__M_CD_IL__EAVS_KTE_VGISSLVN_HQ_G_YIYGSSS___PVQ_T_YHMFAV__E_LEL__LVASST_TYP_DV_AI__M_PGNQGLDPKAKA_L_K____P_EV_C_DPSK_ENTR__GSFTGGATTPPVMQ__NSVTT_LLDE___GPLCKGDKLFLS___IAGVHTN_SETQV__GLP_YF_VT__KRIV_NPYPVSS___S_FS_LM_Q__GQP_E_V___V__V____GTEG__G_PDLNR_VDKFCQ_QTVL__SNDM,0,mask-P04010
mask-BD8wb4-M-B-SQD2,MQRLALL_AAT_A_AA_FA_TPA_TGL_QQA___SG__LS_A__A_RAA_PAM_M__AETT_Q_MLLAE_G_NVSVAA_LAV_L_T_I_VV___TLYI_SESRKA_ETGSEGDKF,1,mask-nan
mask-BD5jki-A-A-OLC1,MHHHHHHS_G__NL_F_G__Y_PV__FLFFLI_AAAI_T_____A_E_IS_A_VLI_QPW_NEV_TGITH_GASSFLL_LIVI_GAGM_FYR__WDG_LMLLVF_TD_L_NKV_KEWIE_VRP___PL_HESSFSFP_GHSM__A_V_PV_AYF_____P__SK_KKMV_II_GVIAV_VGI__VY_GVHF___VLGGFSLGLLLFFL_KGFDEKI_R_RQK,1,mask-nan
mask-nan,MDA__SKEQQEF_K_V__K___DFMR_YS_LVE__FTDCV___TTSK_T__EQTCIMKCSEKFLKHS_RV_Q_F_EQ_AA_GQG_GR,0,mask-O74700
mask-BD6h40-A-A-FW51,TDI__TDA_FA_A_RVT_F_P_DE_RT___TAV_YL_D__G__IGTYC_KSTVL__AA_R__GGVVFTVDHHH_SE_HQ___EYHDPSLVD__TGL__TL_RLRHT_DE_DLYDHVVAVVGKSA_VARGWRTP_RF_FID__H__E_AQRD_DGWARW_EVGG_L__HD_FP_PK_GGQAPFHI_Q_ALNTG_F_EVNA__SM_VLE_TSGI___P___A,1,mask-nan
mask-nan,MST__T_DE_RKTQL__Q_ESV_EVVNA_AKN_HVNE__SKILLL_V_KLKPASD_QILY_H_VRE_GENY__ELIEK__LLP__I_WHFIGGLQ_NKCK__AK_P_LYSVETI_SLKK__K_NE_R_K_QP_CNPI___VQINT_HE_QK_G__NE_EIFEVI___LSEECKYIKLNG__T___WNVS_EDS____DFATLV_WKKKID___G_SL_LS____ADFR_AIRQ_T_EVR_GTDIFGARP_K_EA_II,0,mask-P38197
mask-nan,MKVEV_SFSG__VYPGAG__F_R_DNKV__FVNKKSESL___RKNPRRLSW_VLYRRM__KGIS__HA_K_TR_TV_HQRGI_G_NLDV_KE_R_QR_EVRA_A_AAA__QRKD__AAS_SEK___K_K_AASS_RGQ_IK__KVA_RR,0,mask-O74884
mask-BD8xlp-C-A-SQD1,MKVFALGW_LKI_LMKTLYSLR_F__VETP__S_LGIAG___ES_GFAW__GNS_LIN_SG___GAHVA_AGLM__WC_A_TL___AHYI__KP__EQG_ILLP_LATL_W_V__GGE_VD_YPYFVV_ILHI_SS_V_GFG_VY_SLIG_D___ES__AFG_DW_DKNK_TTI___H__IL_FGAL_LVV_AM_VGGLY_TWA_GG_D_R___NPTLNPVVIIGYVLKS____DGWIVSVNNMEDIVGGHIWIG___IAG___HILT_PFAW_RR_YVWSGE__LSY_LV___L_GFIASQYSW_NNT_YP__FYGP__PE_S__Q_F__LV_DQR_G_SVASAQGPTG__KYL_RSPSG_I__G__T_R_W_L_A__I__L_GPNGLDLNK_KNDI_PWQER_AAEY_THAP__SLNSVGGVA_EINS__F_SPR__L_CAHFL_GFV_YI___W__GRA_AAA___EKGINRENEPTLSLRPID,1,mask-nan
mask-nan,M_LNV___RDTK_LT__VC_QF_R_TC_RS_EECKFAHPPK____ENGRVIACF_S_KGR_S__NCKYLHP_T_LKTQLEIN_RN_L_QQKTA_A__AQ_M_FMF__T_LHPVPTFPVGPAI_TNTAI_FA_Y_A_V_P_V__VPT_I__TT__IV_GSPPV_VPGS___Q_LL_TDKL_VC_E__RGNCA_G_TDCRFAHPADSTMIDTS_N_VTVCM_YI_GR_M_E__K_FHP_AH_Q_KIKAAQ_Q_NQA_VA__AAAAAA_VMAFPPGALH_L_KRQA_E__NG_S__FNPSV_HYQ_ALTSA__Q_HA_F___GSVLCMTP_TSIDNSEII___GMEC____L__TKH_YCTYYPVS___E_PQTAC,0,mask-Q5VZF2
mask-nan,MADVAGTS_R_FR_RE_R_FN____NYNNSLNGEVSVWVY___S_GS____NKN_QYKV_ISET___LK_YREGQHNDSY_EY__NQ_I_YPNGGDARKFHS__KPRA__I_F_PSV__RTIK_A__N_VSVPDEY__R__PWEATGIK____KRD_EI_GYSHYFELPHEY_S_SLA___VHKN_SSYNV__AHN__D_FQ_CD_AL_FCNRY_AE_ELVNHY__PNAYPYLDIN_H_Y__AL_N_Q,0,mask-P11041
mask-nan,MDDSMDYPD_D___LD_FQGTA_SQV_QN_PH_EEVNLSES_SFAGADEPP___RD___I__HDMDE_P__PAR_L___GY_AG_HAPG__ANSDEA__GAY_AQE___LNVG_DVR__FSYI_RYKPQTVE_______FIPDYIP__GGIDE_IKVP_PDTK_D_LG_KVLDE_AAKQSD_TV_TLQLRQ_S_EA_GAKAD_VG__EH__ENKAKKI_QW_AS_____KA__AAT_N___RMP_IEALMQEWPPEV_TF__TMHMPSGDV_L_IKT_AR_VCT_L_IPV_DDPVES___LFTL_LE_KN_P__RQHM_M_NKLDG_SG_GG_MMGGGAD__GL,0,mask-A2T2X4
mask-BD8h5e-A-A-OLC1,VPDL_YS___PVALWLA__RW_VI_I____VTSS_LQ_FESV_EAVTA_AF_VP_LLGT____GNQSA_L_IRA_ATR_L_LRDW__VFLK_MG_GLL_GLT__FLLVGK_YWDGHPLLLP__G__LVL_VFF_NLVGAMLPFL___L_VDPA__SNP_VATLSDV_G_L_YLS__RLLLEA_,1,mask-nan
mask-BD4k1c-A-A-OLC1,GP______T_PLLT_ANSH___N__HTA_RAA__DL_Y_LK_SP___L_VF_PL_LI__HF_LSHTL_F__NFLA__PLAAILANATEE_ADK_G_T_G_LL_A_FGN____IVS_I_L_K_Q___V_ASM__SLLSNLLL_LGLCFIFGGYN__QQT_NQ__AQTM_S_LAI__A_L_I_AAFRATLPHG_EDHF___KI__LSRG_SIV__IVYV_F__FQLGSH____EQQEEETDEVM_TISRNPHHSL_VKSS_VILLGTTVI_SF_A_FLV_TIDNVVE_TGLSKTF_GLI_IPIV_N_A_HVT__LVA___KM_LALGVAI_SSLQVAL__TP_MV_VGWMIDVP__LNFSTFETATLFIAV__SNYLIL_G__NWLEG_MSLAMYIL_AM__F___DE__L_SIGN_LG_VPR,1,mask-nan
mask-BD7bgi-2-2-SQD1,__MWYPG__AP_HL_G_MLGDYGFDPLR_GVNK_N_KW__EAELTNG____A_VV_ILFT_A_G_PKFWTAGAEKYALD__T__LIE_AV_AVLE_KRYE_Y_KTG__GF_SF_PFDPM_M_SE_MK_K_LKN_RL_MLAFL_F_S___VY_KGPIETLQ___AD__HNN___SSVGPE_AVTVAV_CV_PM_IEATK,1,mask-nan
mask-BD5ayn-A-A-OLC1,_KV_SLL_I_T_L_LGRLL___GDQA__FVV_F_LL_IFPGKLQVAA___LI_KI_TFLL_PS_GKWI_THPRI_VVKWG__LQ_FAILAGMVFFGMLDG_VRAGGRE_WLLS__F_A_ALSGVM_SLGSQI_DIS_G_DL_PSLV_P_KLTHFN__L__I_L_TEVGA__LAGALF____EQ_P_AGLF_IGLW___SF_PEY__L__VIQR__L_IKV_TE__SW_DTF_INLRGSF____F__I_S___LWLSVLSP____LAAYLK_E_R___TEIGLFRG_GAV__LIS___FPYLVRRL__ISS_RW_LGFQ__TLGIAV_A__MGS_ASVYVFLG_ILLSR__LY__SN__FELRQRLI_EGRR_ELNS_SSLTTTSA_L__FSA_S_LPQTEDFKYLV__SL__VL_AN_VFI_WS_RQGVV_SGS_N_YF_,1,mask-nan
mask-BD5mx2-J-J-LFA1,MMSE___IP_W_V_T__GMGVIVIVGLFFYG_YAGL_S__,1,mask-nan
mask-BD6s4m-A-A-OLC1,M_WG__GGCT_R_PIHQQPP_RR_VTVV_LGLL___LAF_LLLPL_PGL_E__GRAH_P___SW_GGV___ATA__MP_EKRYNSVLFGGLIG__F_VLQ_LCA_LTG_TSD_LGRRP_ML_C_M__AT_YAVWA_SRSF_AF__SR_I___S_GN_SL_TAI__DLGS_LARS___A_IGVAFS_GFTLGPMLGASL_L_M_P_FALLFAAS_LLFIF_FLPETL_LEK__PSIALGFRD_AD_LS_LALLRF_A_A_GQ_P__G__LSSLRRLG__YFLYL__F_GLE______THQRF___SLQQ__MFFLIGLT_ATIQGAYARRIHP__EV__VK_ALL_LVPA_LLIG__R_L_VLGLGL_L_SFAAAVV___L__V__GY_S_GQKG_V_____SLG_L_RAAGPLVAASV_WLAGAQACFTTWS_LF__PFF__QKA_NLY__,1,mask-nan
mask-nan,M_LLT___S__R___L__APKVKAT_APAGAPPQP__LEF_KLPNGL_IASL_N_S_VSRIGLF__AGSRYE_F_N___THLL_LT_SLTTK_ASS_KIT_GI_AVGGK____ATR_N__YT__CLRGD_DILMEFL_NV_TAPEF_RWE_A_LQ_QLK_DKA_AF_N__T__IENL_AA_YRNAL__PLYCPDY____VTSEEL_YFVQ__FTSARM_LIGLGVS_PVLKQVAE_FL_MRGGLGLS__KANYR_G_IRE_NGDSLVHA_FV_E___A__AEA_AF___QH_LG_G_HVKRGS_TTSH__QAV__ATQQ_FD_SA_N__Y_DSGLFGIYTISQATA_GDV_KA_YN_VKT___GNLSNTDV_AA__KL_AG___S_ESS___LE_VGSQALVAG_Y_PPSTVLQQ_D_V_N_DIINA__KFV_GQKSM___GNL_H__FV_EL,0,mask-P22695
mask-nan,MV_I_VA_LAMLFASQVL_EPIEPR_ASVS_DT__KAHGKKYLGNIGD_YT_TKNS_TP_IIKADFG_LTPEN_MKWD_TEPSRG__SF__SD_LVNF__SN__LIR_HTLVW___L_SW_Q_I_DKNT_I__M_N_ITT_M__YK_KI_A_D_V_EIF_EDGS__DSV_YKVI___YV__AFETAR__DP_AKLYINDY__DSA_Y_KLTGM_S___KWI_AG_PIDGIGSQTHLSA__GAG_S_AL_A__GAG_KE_AVT_LDIAGASS_DYVE___A_LNQPK___I_V_GV_D_DS___SS_P__FD_NYNPKPAYTA__NAL,0,mask-A2QFV7
mask-nan,__ST_SN_V_H_QS_PQGPLT_QQRAQQQY__FENS__KVS_S_Y__LLNEM_PLAMGI__QI__DV_S_DSN__SENGN_N_MI_R_KIEEHHTV__IR__NL__ELY___EEE_EKVL_RLRNIG_Q__LKLSELLIF_NNPNLKF_EMDLLLI_KF_CRDVW_Q_FGKQIDNLK_NHRGTFYLLDY_Y_P___FSLE__A_NEELKMI__FLEIPVG_I_GVL_S__Y__E_V_CL__FI__PT_R__TAF_KG_SFHV_V_MPQ,0,mask-Q99394
mask-nan,MAKVF_F_LV_TA_T_GR_ISALEDC__EQM_LR_QVRLLETRV_QQ_V__KQ__QE__V_FLDKGDENTVIDL_SKRQYA_CSE___D__KLS_F__IK__QSP__F_V_CDM____GWT_I_RRSDGSENF_RGWKDYENGFGNFV_K_G_YW_GN_N_HF____EDYTLKID__DFE__S_YAQ_KN_KVG_EKNFYE_NI___S_TA_DSLA_NFHPEVQWW_SHQR_K_STWDR_HD__EGNCA_EDQSGW__NRCHSANL_G_Y_S__YT_KTDNG_V_YTW_GWWY_LKSV_M_I_P_D_I_N_I,0,mask-Q08830
mask-nan,MA__KVKL_D__NKDQL__S_K___QRST_D_IDTP_YDVQ_HINKL_GML_I__DA__KFTG_IGMLYA__RLG_ED_IKILRDAG_HV_A_GVDVT_HRQD___K_M_FE_LTLASL_TE__I__EIES_KSYKKMLKEMGEVAPEYRHD__DCG_I_LCIAALVI_KLAA_DR_GL_A_IRRA_NVL__EMK_Y_GLLP_DIANSF_EVF__HPHF_DVF_____A_SSTRG_SRVEG_FAGLF__A_GAGQV_L_WG_LAKS_K_IML_H___QAEMEQV_EVYEYA__L_G_A__YHILNNPK__L_S_TQ_PHF_SVVLG_AAGL__M_E_R__PRN_D_Y_AAKAYA___KENG_INYSV__LT_E_L_AIK_QLNP_DND__L,0,mask-P03418
mask-BD7pin-W-I-4RF1,L_DD_M_G_GTGL_FG__D__LGWVI_GTLG_IWAIYFV_QK_L,1,mask-nan
mask-nan,M_G_GKT_GK__AKAKS_SSRAG__F_VG__HRLL___HY___VGAGA_VYLA__LEY__AEI_E_A_N_AR_NKK_RIIP_HLQLA__ND_EL_KLLG_VTIA_GGVLPNI_AV_LPKK_SAT_G_K_PSGGKKATQASQ_Y,0,mask-P16104
mask-nan,MAK_VF_L_F_L__GCCFAF_SR_QP_QNEC_IQKLNALKPD__IESEGG_IE__NP__K_FQC_GVALS_CT__RN__RRPS_TN__QEI__Q_GKGIFGMIYPGCP__FEE_QQ_QQR__SSRPQDRH_K_Y_F_E_DLIA__T_V__W_Y_N_D__VVAVS_IDTNSLENQL__M___FY__G__EQEFLKYQQEQGGHQSQKG_H_QE_ENEGGSILS_F_L_FLE__FSV_KQIAK__QGEN__E_K_A_VT_KGG_SVIKPPTDEQQQR_Q__EEE_E_EKP_C_G_D_HCQ__RGSQS_SRR__ID_TICT___RHNIGQT__P___NPQ_GSVTTA_SLDF___SWL_____FGS_RKNAM_VPH_N_N_NSII__LNG_ALIQV__CN_ER_FDGE_QEGRVL__PQN_VVAA_S__D___YVSF_TNDTPMIGTLAG__SLLNAL_EEV_QHTFNL_SQQARQIKN_N_F_F_V_PQESQ_R__A,0,mask-P04776
mask-nan,MNKNVV_K_L_A___LTSVT_IG_TLVE__QQTA_AENNVTK_KDTNIF_YTGVV_FKSATGF_V_KNTI_TNKHVSK_YKVGD_ITA_PNS___N___YS__KI_N_P_K_DVSVIQ__ERA_ERG_KGF__NDNVT___YAAGAK_GE___VIGYPH__K__YV_Y_S_GP_M__EG_SIVYSAHTE_GNSG_PV_NSNNELV_IH___DVKNDDNRN_Y_V__TP_IK__I_E_IDK,0,mask-Q2FXC3
mask-BD3qap-A-A-BOG1,MVGLT_L__LGAIGML_GTL_FA_AGR______R_YYV___GIS_IAAVAY__M_L_VG_VPV_ERTV_A_RYIDWI__T__IVYF_GL____D_RE_GI_ITLN_VVML_GF_GAMVPGIERY__FG_GAV_FLGLVYYLVGPM__SAS_RSSGIKSL_VRLR_L_VILWA__PFIWLL_P_G_ALL_P_V_V_LIVYL_LV_K__FG_IA_D_AATLRAEHGE_LAG__TD_PAVA_,1,mask-nan
mask-BD5xnl-D-A-SQD1,M_I_LG_FTKDQN__FDIMDDW_RRDR_VFVGW_G_LLFP__YF___GW__GTTFV_SWYTH___SSYLE_CN_LT__VS_PAN___HSLLLL____AQGDL__W_QLGGLW_FVAL_G_F_LIGF_L_QF_LARS_QL__YN_IAFSGPI__FVS_FLI_PL_Q__WFFAPSFGV_A_FR_ILFF_G_H__TLNP_HMMGV___LGAA_L_AIHGA_VENTLF_DGDGANT_R_FN_TQ___T__MV__NRFW_QIFGVAFS_KR___FFMLFVPV__LWM_ALG_VGLAL_LR_YDFVSQ___AAED__FET_YTKN__LNE_IRAWMATQDQPHE_LI_PE____RGNA_,1,mask-nan
mask-BD6qph-1-1-SQD1,Q_AG__AP_S_PKE_LND_PGN__FD__ELGK_K_TLQ_YRE_EL_HCRWAML_A_GCLAVEVLG_GNWY___LWAVT_DK____GIEVP_D___ILG_E___MAVAEGL_NDNQD_EKRL____AF_PL_FSK___SF_DKKL_ELK___LAMVAC_GFAGQH__TGKPIL_ALGD__SSPFFNNFAT_GVSVP,1,mask-nan
mask-nan,M_IPFS_T_YRIPQGF_N_L___TREILR__P_N_P_F__AY_ESLLE_R___NFDPAEWG_KVEDRF_NNH__E_QEP_EKS_PKQEE_QI__KEEETSVTIL_SS_ED_EKE_VA_VKIQA_F_GHIAR_E___MKT_S__NEEKEE_K,0,mask-Q15506
mask-BD6rz4-A-A-OLA1,GG__DETGNLTVSSATCH__IDDFR_QVYSTLYS_I_VVGF_GN_FVLYV_IKTY_KKSAFQ__MI__A_AD_L_V_TLPL_VVYYVH__I_LFGDF_CR__TYAL_VNLYCS__FMTAMS____I_IVFP_QN__LVT__KAR__CVGIWIF_I_TSSP_LMAKP___EK_NTK_FEP__DN__K_HVLV_HYV_L_VGFII_F_I_IV_YTMIILTLL_KSMKSADLEDNW___N_NLK_IEK_DN___VKD_LTKMRAAALDAQ_ATPP_L_DKS_DS__MKDF__GFD_LVG___DALKL_NEGKVK___AAAEQ_KT_R_AYI_KYLSG__L_SH___I_MIMVVTAA_LV_F_P_HIQR____HF__N_TKP__S_LRMQK__VITLS_A_SNCC___L___F_GGNF__RLSTFRK,1,mask-nan
mask-BD7qhb-I-I-PAM1,G____RWNE_RGLW_EKG_QVLLT____FAAF__MT__ISTDYWLYTRAL_CNTTN__AG_DG_PHR_GS__S_KKDPGGLT_SG_W__CCLE_LKRGVCVKINHF__DTD_DHD_A__LL_VV_A__IF_ILSAILLL__GV_V___RVYKS__NIILGAGILF__AGLSNI_GVIVYI_A_AGEPG_K_D_E_KNHY_YGWSFYFGGLS___AEVIGV__VNIY_ERSRE_HCQSRSD_L__G_GA___G_S__SAI_RL__Y_FRY_RR_R_S_RGS___SP_RDASPGGPGGPGFA__DIS_YT_SR_PSK_SVAA_LA_AG__GGG_G__AYGGA__AA__GGTGS_RDRGSS__F__LH_AF_KEAA_G__VTVTGP_A__APAPPAP_APA_GTLS_EAAAS__NTLNRK__V__Q,1,mask-nan
mask-nan,MGRLHCTE_P_PE__G__MQ___Q_G_QQFS__TEVLFHFLTEPK__ERFLA__SE_AT_NQISLGS_RSIVKS_LLV_NG_LK_SL_A_Q_Q__FI__GLSE_KAT_FSE_WKQN_PTLARWAIG_TLMIN___DMEW__GVTSGSS__E_V__I_L__K_V_KKGNQ_ENVYIELTLP_F_S_LHEM_R___SM_CFC,0,mask-Q86VX2
mask-BD5xnl-D-A-SQD1,_TIALGK_T_DQ_D_F_IMDDWLR__RFVF_GWSGL_LFPCAYFA___WFTGTT_V_SWYTHGLA__YL_G____TAA_S_PAN_LA__L_LL_GPEAQ___TRW_QLG_____V_LH__F_L_G_ML_QFELA_______YNAIAF___IAVF_SVFLIY__G_SG__FAPS_GV_AIF_FIL___GFHNWTLN_FHMM_V__VLGAA_L___HGAT_E_TLFEDG_G__TFR_FNPTQAE_T__MV_ANRFWSQIF_V_FSNKR_LHFFM___PVTGLWMSALGV_G_ALN_RA_DFV_QEIRAAEDPEFETFYT_NI_LNEGIRA_MA_Q_QPHEN_I_PEEVL_RGN_L,1,mask-nan
mask-BD7aky-A-A-97N1,D_II_TAYI__FV_II_AII_VYGLF_P_N__DIIL_EILIL__IVQIIEF__YI_LIITLQS_N_DI_YV_Y_DWV____VM_LT_VYF__YMN_D__I_K_EIN_RDY___FYI__S_FFMLLIGYLG_TKQ_NK_LT_FG_SFF___TFY_LYV___KENWMNYIVF_F_F_VWFLYGF_FMF_FS_KNQMYNILDI_S_NIYSI_IFIVILNQ__K_LL,1,mask-nan
mask-nan,MSLAD___ADLEE___E_EGG_YGEE__E_AI_DVQEET_L_LSGDS_KTIA_LW_SKMFAE_MMKIE_YI_KQAKA_E_M_PV__A_EYRVIVDANNLTVEIENELNIIHK___D_YSKR_PEL__LVPNAL__IRTV_EL_NS_DKC_NNENL_Q___N_TIMV_SVTASTTQ__Q_SE_ELERLEEACDMA____ASKH_I_EYVESRMSFIAP_LS_IIG_S__A_IMGVAGG_T_LSK_PACNIMLL___R_TLSGFSSTS_L_HTGYI_H__I_QSLPP_LRRKAA_LV__K_T_A_RV__FHES__GKV__EL_DE_E__FD__QEPPPV__VKPL___L_GQ__KR_G_R_RKMKERLG__EIR____RMSFGE_EED_Y_EDLG___G_LGKSGS____Q_QVN_ATKARI_K_L_R____QS_V__GKSTIRDR__GT_SSVA_TPLQGLEIVNPQA_EKKVAEA_QK___SM_EFLKV__E_S__MS_,0,mask-Q8WWY3
mask-nan,MS__LR_L_LA_LLQL_PAQ_P_S_PDAPGHQRKVV_WIDV_TR_TCQ_R_V_V_L_VELM_TVAKQ___S_V____C__C_PDD_LE_VP__QH_VRMQILMIR__SSQ__EMSLEEH_QCE_RPKK_DSAVKPDRAATPHHRPQPRSVPGWDSA___PSP_DITH_TPAP____HA_P___SA_T_GPA__AADAAASS___GG_,0,mask-P49765
mask-BD8wb4-5-5-SQD1,ACASAA_F__G_M_SIGK_PRAVS_TA_R__VF_GQFSDSVPFLK____LD__YV__V_FD_LGFSD_F_IRVLREAEL__GR_AML_TLGM_VQEAYTFP_FDK_LPI_AHD___K_G_MSQILL_TS___IFG__ALFQ_I_GKR__GDYSF_PL_L_A_DLEK_ER__LAEIKHSRL_M_AF_GMVHQ_FIT__GVIEQI_NFRP___FP_A_FS,1,mask-nan
mask-nan,MAQ_GRPNIL_ATD_DI_QL__ANCH_GS_NLEVRMDN_VWKRRSDG_H_LNL_KTW_K_VLAARVIATI___A__CV_STRTYGHRAV_KFA_H_G___IAG__TPGNFTN__T_TYR_PRL__VTDPR__AQ_I_E__FVNIP__ALC_TDSILNHVD_AIP__NKGRKS__LI_YL_A___LRV_G___R_APWDVM_DLYF_RDPE_VE_EEE__KA___A_E_AQVEEA_AA_EF_ITDSAA_SVD__VLAAA_A_QV__NTWEGA_DWN_TGAA_T_DW_A__E_Q,0,mask-Q9Y7L8
mask-BD4k5y-A-A-OLA1,MEI_NE__K_K_H_HVA_IIN__GHCISLVALL_A___FLRAR_IR_LRN___A_LIAA_ILRN__WFV__LT__P_V_QSNV_WCRLVTAAYNYFHVTNFFW_F_EGCYLHT_IV__NI__MLRIDEGL__KIY_DT__Y_TIGIGHLLT_S____V_K_ELDKA_GRN_____T_DE_EK_FNQDVD_____ILRNAK_K__YDS_DAV_RSAL_N_VFQ_GE_GVAG_TNSLRMLQQ_RW_____NLAKSRWYNQTPNRA_RVIATFRTG_WDAYD_LRAWMFICIGWG_P__II_A_A_G_L_Y_NEKCWAGKR__V__D_IYQ_P__LVL__NFI_LF___RI_MTKL_A_T__ET_QARKAVKA__V_LPLLGITY____V__GEDEVSR___IYF___LE_FQGFFVSVFAC_LNSEVR_A_A_HHHHHHHHH_,1,mask-nan
mask-BD4z34-A-A-1WV1,_EPQC_____I_F__NRS_KHLATEWNT___LVMGLGITVCIFIMLAN__V_VA_YVN_RF__PIYYLMA_LAAADF_AGLA_FYLMFN_GPNTR_LTVSTW_LR_G__DTSLT_SV_NLLAIAIERHITVF_M_LH_R_SNRR_V_VIV__WTMA___GAI___G_NC_____N_SNMAP_YSDSYLVFW_IFN_V_FVVM_VLYAHI_GYVAD_ED_W_TLNDNLKVIE_ADNAAQ_KD_LTKMRA_A__AQK_M____HGFDIL___I_DALK____G_V_E_QA_AEQL__T__AYI____RNRDTM_S_LKT_VIVL__F_ICW_PGLVLLLLD_C_PQC___AY_KFFLLLAEFNSAMN__I_S___KE____FRQILG,1,mask-nan
mask-nan,ML__S__FT__LFLQ_PLLGV_LN_TILT__GN_DTTAD_FLT_MPTDS_S_S_LPLPEVQCFVF_VE_M_CTWNSSSEP__TNL____W_K__D_DKVQ_CSH_LFSEEITSG_QLQKKE_HLY_T__VQLQDPREPR__AT_MLK_Q_L_IP_A_EN_TLH_L_ESQL_LNWNN_F__HC_EHLVQY__D_DHSWT__SV_YRHKFSL_SVD_QKRY__R_RS_FN_LCGS_Q_W___S_P_HWGSN_SKENP_L__LEAVVI_V_SMGLI__L_CV_FW_ER_MPRIPTLKN_ED_VT_YH____AWSGVSK__AE_LQPD___R_C_VSEIPPK_G__GEGPGAS_C__HSPY_AP_CYTLKP__,0,mask-P31785
mask-nan,MATMETT_QK_TN__KSGL_KTIGVLNEAVL_NG_EV_AV_AG_S__ME_TE__TIGY__IK_Y__A______YGY__G_NEEDEMVSDSSNG__TYNKRQSITL__DY____R_VAL_DFEP_NDNE___A__DI_FIS__HGQGWL_AENES_S__G_VPEE___YI__EDG_NEVENKARPFY___LIT_SVS_KN__DNTNEDEYDD_DEWED_D_VA_VEADMKTKLDISD,0,mask-Q12163
mask-nan,_ALVSINQLPENILL_V_M_VPA__LLRNC__V_C_WRD_I__VSL_K__CLREGY_TEDWD_PVS_WKVFYF_CSLRRNLL_NPC__EDM_SW_I__NG_DQ_KV_SLPGA_GTG_PDSKVKK_FVT_YDMCLK_Q_ID_KA_GY_EE_LDKF_PD__V_D__APRADC_C_Y__RVQ_ASADYLV_____PPP___HQ_NDAK__E__HTFSDY_P_VRHI_FQHGGKDTQ__A_W__PRVTNSSVV__HR_T__PPH__AQP,0,mask-Q3SX24
mask-BD6w1o-I-I-STE1,M_T_KITVYI_VTFFVL__V____SGD_ARNPKR_DLE,1,mask-nan
mask-BD7o0u-ai-ai-UYH1,_H__WL__D__RVM_A_VGFLAVLALVI__VLL_SQ__SWIENGTLGADQ_PVGAS_P__,1,mask-nan
mask-BD6kuw-A-A-OLA1,GGVANAS__SWGPPRGQY__GAVAG_AAVV__LIVF__VGN_LV__AVL_SRA_RA_QN_FL_SLASADIL_A__V_P_SL_NEL_A__YFGQ_W_GV_LAL_VLFCTSSAVHL_AISL_R__SVTQ__EYN__RTP_RVKA_I__VW_ISA_ISFP_L_SLYR__DGAAYPQ_GLN_ETWYILSSCIGSFF_PCLI_G___A_I_R_AKL_T_ID_S_WN____TG_RD_RK_SLL__FG_DE_VTFM___RF__GQKGVDVL_KA_E_LS___EF_EMRF_IIGKGD____G_ARSLEE_H_NV_VIT__LSR_FVRELYG_V_FVII_SYFE_FGLVALEA__LGA_PIASAVG_LRDIITNETG__V___D_G_LAN__LKALELSRSDL__F_EN_KKR_M__S_AQ_R_KR_TFV_A_VMGVWVLCW____FSYS__G__R_A_Q__GPL_KF_FWIGY___SLNPVIY_VFNQDFRR_FKHI_FRR_RR,1,mask-nan
mask-BD6s4m-A-A-OLC1,M_WG_GGGCTP_PP_HQQPPERR___VV_LGLLLD__AFTL__PL__GLL_S_GRAHD_LYGSWQGGV_WF_T_IGM_V_KRY_S_LFGGLI_S_F_VLQFLC_PLTGAT_DC_GRR_VM_L__MGVAT___VWAT_RSFAA___SRLI___SKG__SLSTAIVA___SPL__SQGMAVIGVA_S___TLGPML__SLPL_M___F_LL___SD___IF_FLP_TLP_E__APS_AL__RD__DLLSPLAL_RF_AVA_G_DP_SG__LS_LRRLG_VYFL_LF_FS_LEYTLSFLTHQRFQFSSLQ_GK___L_GL_M_T_QGAY_RRI__GGEVAAV_RA__LL_PA__LI_WGRSLPVL_LGL_LYSFAAA__V_CLSSVVAG_GSPG__G_VMGT_____ALAR___PLVAAS__WLA_A__CF_TWS_LFLLP_FLL_KAENL_FQ,1,mask-nan
mask-nan,M_SIN___IV_L_SFG__VAVKC_GD_YFI_KY_EKD_T_FFASYGLK__PCQIVLGYKCSNNQ__FV_N_KT_KKSC__AIKLT__PKI_QN_D__KNL__Q_GGIGTDNC_LV_KKRKR___ANI_IYGIP__K_S____Y___D__HVDS_G_P_QF_QEHGW_VERYN_F_D____TEV_YHKNGL__TQI__LAEEDSFSEAREITAKDIKKKF__I___EEY_R_SF_DVYW__ETM_KKPKYPYI_YNG_CSNENK_CE_VFD_D_LM_YALVKVFT_PES_G__L_EE_LGRG,0,mask-Q5WPU8
mask-nan,_T_KK_Y_LSIS___LVA__IAIY_TLN_NT_T____DS_QQI_KI_EHDLQ_G__PGAS___VKNGKVFLNKGYGYQDVD__VK__P___YE_ASNTK_FTG__IL__AQEGRLNL_DDVS_H_PH_KMNYNGQNETI__KQLL_Q__GIPSDITSEDAV___N_RLNDVTRAIM_D_LHHKPGEEF_YSNMNYD_L__I___VTKQSY__YIT_S_LKP__MTHTSFKQ__N_SKHD_I__E_QG__P__SKP_FNLWDT__AYMMT_TE_LE_W_KFQLNP__KYKSL_QQSHKNL______PN_NAYA_G____NDE___FH__TLD_FSSFIL_NPKQ__G_VVLA_LN__YVP_LV_HLNT_IV_H_RY__VASIL_QYKD_FNIV_VLMTTLILL_FIF_AYR_WQM_HGQI_LRRS_RIA__SW_TL_LCI_IALI_Y_LPYLILG_NNW_FV_T_LPIE_KLALITTL_AL__TLIV__L_L__KITK_,0,mask-Q7A3Q5
mask-BD7y7b-K-O-SQD1,VPQT___SAKTCS_M_I_NLL__VAG_Y_I__KGSG__LPLTGSF_N__LPELLATTS___IVGSGAILG_SYV_LL_,1,mask-nan
mask-nan,MADVAG_SN_DF_G_EQ__FNSE__NY_NSL_G_VSVWVYAYY_DGS_LVINKNS__KVGI__TFKALKEY__GQ_N_S_DE_E_NQSIYYP__GDAR_F_SN_K_RAIQIIFS_SV_V_TIKMAKGNAVSVP_EYLQ_SHP_EAT_IK_R_IKR_GE_VGYS__FEL_______SL_VSGV_K_P_S_NVG_A____DVF_S_D__LRFCN___A_LE_VN_YIS_NAYPYLDINNHSYG_A_S_RQ,0,mask-P11041
mask-BD8ps0-A-A-CDL1,MKHLHRFFS_DAS_GIIL_IA_ILAMIMA_S__TS_WYH_F_ETPV__RVGSL__NKN_LLWI_DALM__FF_L_GLE_K_EL_QGSL_S_RQ_A_PVIA_IG_M____LL__AFNYA_PIT_E_W_IP__TDIAFA_GV_A______P_A_KIFLMALAIID__G___II_LFY_NDL_MASL_V__VA__VLAVL_L_GA__TGVY__VG_VL_TAVLKSGVH_T_AGVIVG_FIPLKEKHGRSPAKR__HVL_PWVA_L_L_L__FA__G_SL_GVTLDGL__I_PL_IIAGMLIGKPLGI__FCWLAL____A_L_E_TT____MV_GILCGI_FTM__FIAS__FGS_DPELINW_KLGILVGSISSA_IG__WLRV_LRPSVG_ENLY_Q,1,mask-nan
mask-nan,_GN_LSVAVELV_GLGIL_II__L_G_T_FSQ_TPFDF_SA_IL_EL__NAVYD__IK_KEII__SLL_GVLI_IIEFITQK_K_SRKFLEGEP_IV_RKG_LQ_K__KKN_IDI_QLQ_LLRQA_SF_I_EV_Y____TNG__SV_PKSDF_K_T_K_LQIPSK_VS_P__LII__EIVRDNL_E__VDEQ_L_QELKKK__DKTEDVLFA_W__NK__YT_TY__SRST,0,mask-O31533
mask-BD3s8f-B-B-OLC1,MVDEHK__KAILAY_K_WLAFSLA______ALIAYT_ATH_AGVIPA_KL__VD__T_RQEGPWADPAQAV_Q__PN_YTVYV_A_AFGYQP_PIE__Q___IVF__TSP_VI_GFHVEG_N_N___LP_EVSTV_Y_F_R_GEYRIIC_Q_CGLGH_NMF_T_VVK_,1,mask-nan
mask-nan,MVA_K_L_LVALTAVTALAVPSPLEARAVTW_CLN__KNPKTN__ETKR_LYNQNKA_S_SHHA__SD_K_GS_Y__WFTNG_D_D_KLP__R_P_K_G___CDRPP__SK_GN___D_Y__EFP_F_DGHDY_F_SKKP_E_PGPAR_I_TY_NK_FC_I_AHT_ENQGELKL__H,0,mask-P00655
mask-BD3qlm-A-A-PLM1,ALW_FRSM_K__IPGSHP_MDFNNYGC_C__GG_GT___EL_RCCETH_NCYRDAKNLDS_KF_V___Y_E_YSYS_S_TEITCN_KNN___A_ICN_DR__A_CFS_AP_NKEH_NL__KKYC,1,mask-nan
mask-nan,_DNKTY_ISSA_W__M_II_MKK_AS_NNIIEE_QMQKDWSP____TL_T_L_K__FIDR___N_IFQYYS_VEESDIKY_TSKN_I_KVYK_GFN_LVLNFVEKE_L__DEI_E___ILNKK,0,mask-P68261
mask-nan,MSTDVS__ENEGGA_VR_A_V_K_YRL_K_LLDMTR_QTPGTPV_PERT_AAEF__SRTT_RQ_L_EL_V_G__E_I_GK_TFV_K_KV_QALQ__S__EDMRA___E_T_Q_L_IG_ITADDRLAG_L_ITAGGRVLRIE_LRMA__E_MA_ET_H___KR_P_L__SLV_Y_SLYT_LA_VYDVHLAEAEET_ETS_AT__EAGL_G_D_GLPMLMLS_HS_DRT_QPVEWVR_VY_G_RYK__ARLKR___,0,mask-Q9K492
mask-nan,MP_GF_WLRYLGIFLGVA_G_EPL__WP__QNE__TV_G_LRD_LQ_RSRL_YM_H_F_IN_KIS_PYEGVFRIANV_R_QRAQVSER__R__W_LVSL_ATESVQ__LL_GHP_W_YLQEVE_L_L__Q_GLTDVEVSPK_ESVLSLLN_P_PN___V_PK_LLDN_FR_MEL_YC_CC_Q___LNWQDCEV_SPQSC_P__SL_YA__Q_YPP_PW____PPHSTG_VR_VRAQG_G__P,0,mask-Q6ZMJ4
mask-BD7bw1-A-A-OLC1,GG_TMQ_Q___SPVL_G__TL_AL_ALA__V_KP__Y_KHT_SL___A_RL___AAWF_Q_LPSFAV__GI_AR_PLSLFGPPGTVLLGL_CVHY_H____Y_LLNRG_P_PAI__LRGT_FCTGN__LQ_YY___CAEYPDGW_T_I_FS_GVFLFILGMGI__HS__ILRQL_KPG_I_YRI___GLFTYV_GANFLGEI__WIGYAL__WS_PALAFA_FSLCFLGLRAF_H_RF_LKMFED_PKSR__L_PFI_,1,mask-nan
mask-BD6nv1-A-A-OLC1,MSLLTE___PTRN_WECKCI__SDP___AASIIGI__LILW__DRLFFKFIYRRLKYDL_R_P_T__VP_SMREEY_QEQQN__DV___H_V_I_L_,1,mask-nan
mask-BD6wj6-X-X-SQD1,MTPS_A__LW_LV_GA_IVLI_ATVGLI__SQK_KIT_S,1,mask-nan
mask-nan,MTE_A_EPH_EED__DELDS__NY__P_Q___K_LQ_MDKD_ESLI_YKKT_LGDGPVVTDPK_PNVVV__L__VCESA_GPITM__T__LEA____TIV___GSEYR_KI_F_V___IVSG___VQHTYR_G_KV_KA_FMVG_YGP_PEEY_F__PV__AP_GMLARGTYH__SFF_DDDKQDHLSWEWNLSIKKE_TE,0,mask-P52566
mask-nan,MAH_H_LA_RIS_LS____K_L_ERSH__RLCLLA_L__ESVFL_G_P__AKSLIA_RLKFAFQNARAFE___T_F_T_E_V__PL_I_A_KD_G__ER__SGY__EAEI_FLDEI_KA_PAI_NTL__AIN_RQF_NG_HVEK_PMRLLVAA_N_LP_A_SSL_ALYDRM___L_LDK__DK_N_R__LT_QQDE_D_P__D__Q___EEYERWQKEIGEITL___VFE_IFM_RQQL_KLPDA_YV_DR__KKAIRLLQA_AFF_GRSAVAPVDL_LLKDC___DA_SL__I_QQIDVL_T_H__Q_QGML_RLGAIVQRHLQLQQQQSDKTALT_I_LGGIF_R__QYQLPV__TASTL_L_L_K_LKLH_MEVV__SF_RS_L_Q_LSKG_EIRGKLNG_G_AQK___EVDSA___VVR__SLQGSTLA__GSSA__LPG__K_QL_ELES__R__HAL_SEQQKCL_IP___LGRIEA_LQDV_AQIRQAQ_C,0,mask-P31473
mask-BD8bd3-G-G-SQD1,EF_GPDRA_WL___SEGSV_SY_KGEF_GD_GWDT_G_SA_P___A_YR_IE_I_ARWA__GALG_LTPELLQN_G_ADFG_AAVWFKA_AS_FNEDGL_YLGNPSLIH_QSIVAVLLT_L_IM_AA_AY__S__GPV_T_GDSLYPG_FF__L_LA__PDT_AELKV_EI_NGRLAMFSM__F__QG__TG_SPL_NLA_H___PSVN_GF_S_T__LP_P,1,mask-nan
mask-nan,MQ__NLG__AS_L_VLVPTVF_LILFI__GKQ_ES,0,mask-P72701
mask-nan,MNGQL_LSGKL_I_AQLGE_I_RI_IH_ED_TY____LM__R_FR_KL_SNDEV_I_YKDE_GD_ITIFD_SDLSFAI_C_RILKLTLF_NG___P_E_SQV_YLR_E_I_LR_KV__LL__LEPPGEPG_STNIPENDTV_GREEKSAS__SG_Q___VM_ASMSAF_PLKNQ__INK_VMS__G_TDD___G_P_APAED_S__PDS_A____AA__P_VQPQQPPYT_AQTQ__QIEGQMYQQY_Q_A_YGAQQP_A__QQ_QQYGIQYSA__SQQ_G__Q_QQFQ_Y__QPT_QA_AP_FSGQP___P___PQQY_ASN_PA__Y_AQTSQP_NY_VAPASQP__A_S_PGA_QPRPGF_SLPGST_TPPPSGPNPYA_N_PPFGQG___PGP_Y_,0,mask-Q92734
mask-nan,M_RS_D_LAG__K_A_G__T_AAM_QATS__T_LEYI_NFF_CG_IRRRNET____LIETMAETLKS_M_D_GAPL_ENIIL_DM_GC_V_F_LPG_N__AGQV_V__SKGDHSE_REI_L_S_EK___A__F_CEF__PQDSVILT_QGGMNLKGAVL_G__LT_E__C__DLSGAN_EGAVLF_A_CEGANFKG_NL___SLG__N_KNACLED_IMCG_TLD_ANLTGANLQHAS_LGCSMIECNCSGANMDH__LS_A_LI_ADMS_A__QGAT_MA___EGAVL_RAN_RK__FIS__LDGA__AE__LN_TC__DCT_TDLRTE___MS_STQT_FN_FY_E_I,0,mask-Q8ZMM8
mask-BD5ec2-C-A-F091,MPP___GLLARLVKL_LG_HGS_LH__AAG_AT____IV___G_Y_A_LA__GAPG___ITYPRAL_WSV_T_TTVGYG_LY__TLWGRL_AV_VMVA_ITSFG_VTAALAT__VG_EQERRG__VRHSE_AA__AYT_T_RA_HE__DRLE_MLDDNRR,1,mask-nan
mask-nan,MSEVAPEEII_NA__S_SIITYKI_DGVKYKIT___K_VKVLE_VHKSVA_RK___KY_____SPAG_SAVTAR_GEEVELR_SR_WK_AEEERI_KEKAS_T_TGLQCRL_GN_HM_M_CPFK_I___LSAL_D__TNE_GVEAASEE_AGQV_G____P_Q_VP_SRRAGARDP__DA_RDSRER___CT_KIMQV_E__DEN_LREE____FA_IPRVS_V__K_TGKSR_L_F__FSSE_VA_QA_R_LD_RGYMN_I_RV_WS_PKVK_,0,mask-Q04067
mask-nan,MA____KSSV_AA_A_PA__SV_PMAA_KPAVKAAPVA_PAQANQM__WT_V_N_MF_TFS__PPLTDEQI__QVD_IVA____P__EFAEA__AYVSNE_A__F_SV_C_YY_NR_WTMW_LPMFG__DP_QVL_EIVACT_AFPDA_V_LVAFDNQKQVQ__GFLVQRP_TARD__PAN_R__,0,mask-P00873
mask-BD5itc-A-A-OLC1,MAQLA__M__LG__GEG_WL___TIGM_LG_LYFIADG_D_Q_PRQKEFYVITILIPAIA_A_YL_MFFGF_L_EVS__N_RVV_V_WA_YA__L_TTP_LL_DIGLLA_AS_R__G_L__IDAF__VT_L_ATLTKVVV_RY_FWTI_TISM__LLYYL_AVFG__VS_ADEDT_STFNALRN_ILV__AIY__AWL_GT__LA_T__YGET_LF_VLDL__K___GFILLR_RAIMGGG__PT_S_Q__AADHHHHHH__H_HHHH,1,mask-nan
mask-nan,_AD_NE_L__DDLP___FESY__ME_A_PAE_S_H___SDGRHMFV__GYK__Q____YD_YLPR_ELWI___ET__WKK_NT_GDVP_SMS_SCAV_VDRVL_L__G__S_G__NKFY_LD_RS_DRVLQWE__D_QG_P_SSKD_LGVWVYKNKL_FF_G_GYL_EDKVLGT_EFD_TS_WN__HPR_WNDHVHILDTET_TWSQ_IT_G_A_SPRAAHAC_TVG__G_V_GG_YRDA_M__LHYL_L__WEWNELIP_GICPVG__WHSLTPV_SDHLFL_GGFTTDKQ_L_____YCISK_E_IQFNHPYTEKPRL_HTACASDEGE__VFGG_A__L_VHHRAAHSNEIL_FS_Q_KS__R_S_EAVIC___MLANS_NCLPKHL_HS___RF____TSG_,0,mask-Q9Y2U9
mask-BD7drt-B-A-PAM1,_AIIENMST__LCIVG__LLV__I_AFL_G_LI_PG_T_A__YMSVKCVD_R_NHHK_K_FVPWG_NHCD__R_IEEA_PR_I_ANDIV_SVHI_LPHMEMS_WFQF_LFI__L_IA_K_NNQI_E_AEV_MDVSLAYRD_AF_EW_EMAHERV_RK__CTF_SPK___H_GRY_ECD_L_FM_IGSVAH__YLLN_R__VN_KKK__VGIGE_K_IRLV__H___GFTKVW____T_LTPS_FIIMVW_WRR_T_MSRP_VL___VIFALGI_MTF_NIPVEWFSI__DW_WMLL_GDI__GIF_A__LSFWI_FC_E_M_D_HERNH_AG___Q__PIAVGS_CLFIFDMC_RGVQ_T_P__SI_T_D_GTEL_MAFIIV_G_C__LYFLFLC_M_F_VF_NIS_K_SSL_AMSKVR_LHY__LI_R___L__I_LA_AAMTVIFF_VS_VT_GHWKWGG_T_QVNSAFF___YGMWNLYVF__M___APSHKN,1,mask-nan
mask-BD8dyp-A-A-OLC1,SL__PPVVKLEAGSSTAV_LTLRP_L_ATLVIT_EIT_R_KA_T_LELP_EVV__PGVT_SS_QV____VG_L_VYLHG__SAQT__RI__LVIRSSAISI__QVIG__YFV_WSIS_YPQV__NWRRKS_IG_SFD_VA_N__G_VAY_V_NI__LWVPYI___FLL_YP_G_N_VNSNDVF_S_HA_VLT_III_QCC_Y__GGQ____P__GF_VL__LFAF_TMIVA__G_ITW_QF_FCFSYIKL_V__V_YFP_AYM__Y_KSTE_W_I_AVL_DFTG_SFSLLQMFL___NNDQ_TLI_GD_TKFGLGVFSIVF_VVFF_QHF__,1,mask-nan
mask-BD7drj-A-A-ACY1,M_S__H__HHSSGLVP_GSH_NIPN__TVF___LIPVFILFALVDFG_G__S_LGGYEIR_ELLIS_F_FILAS__DF_DG_L_R_WNLV_NMGKFL_PL__KLLVA_ALIV_VQ__L_N_VVA__II_R_FA__GLRLLQIEQ_F_SAAGQLGKIK_AVTMVAIT_LL_GD_LATLIGL_L__I_LY____F_ILS____FY_GR_VF_QK,1,mask-nan
mask-BD4mbs-A-A-OLC1,_APD__VSSP_YDINYYTS_PCQ_INVK_IAA___PPL_SLVFIF_FVG__L__LILIN_KR_K_MTD____NLAISDLF_LLTVPF__HYAA_QW__GN_MCQLLTG__FIGF__GIFFIILLTI__Y_AV_H_V_ALKAR_VTF_VV_SV_TW_VAVFASL__I_FTRS_K__LHY_CSSHFPYSQ_QF_KN_Q_L_IVI_GL_L_LLVMVIC__GILK_L_RMKKYTCT_CGYIYNPEDGDPDNGV_PG_D_K____DWV___CG_GKDQFEEVE__KK__RD_R_I_TIMIVYFLF__PYNI_LLLN_F_E__G_NNC_S_NRLDQ_MQ_____GM_H__INPI_YA_VGEEFRN_L___F_____KRFCK_C_IFQQEAPERASSV_T_STG_Q_I___LG__LEVLFQ,1,mask-nan
mask-BD4ogq-C-D-SQD1,MRNACT_AR_T_TAR_M__TL__A_ASVTFFFTSDLA_PQSAAAYPFWA_QTY_ETP_EPTGR_V_AN__LAAKPT___V_Q__LPDTVF__VV_IPYDTS_QQ_G_DGS_VGLNVG__L_L_E_FKIA__DRIPE_LK___GDVYF_PYG_DKDN_VI_G___G_QYQ_IVFPV_SPN_A_DKN_HFGKYS_HVGG_R_R_Q_YPT_E_S_N_LY_AA__GTISKI___E___GSVKY_V__KTESG_V_SDTIPA__ELIVSEGQ_V_A_DALT_NPNVG_FGQL_A_IVL_DAN_V_WL_A_VAL_MLAQ__L_L_KK_VEKVQA_EM_F,1,mask-nan
mask-nan,_APVKKLVVK_GK_KKQ_LK__LD_TH_VEDG_MD_AN__QFLQE__KVN_KAG_LG___VTI_RS___IT_TS_V___KRYL__LTKKYLK_NN_R_WLR_VANSK_S_EL_YFQINQDEE_EEDED,0,mask-P35268
mask-BD4ogq-G-E-3WM1,MV_P_LSGIVLG_I____AGLFY_A_KQYK_PNELG_,1,mask-nan
mask-nan,M_A_VLGQ____WI_NLR_RGK_A_GV_PQ_YIHTSAS__IS_K__K_NK_VYPP_LPGE__RPAEIYHCRRQIKY_KDK__YL_KL_RGM_I_QALAQLEFNDKKGA___KEVLL__QDMA___HNV__RSNLYIA_STSG_GQCLKR__Y_GR_RFGI_E__YCHYFVKLV_G_PP_PE_PKTA__HA_EYI__L_SR_IVH__,0,mask-Q9NWU5
mask-BD7qrm-D-D-PGT1,MASFTLSSA__SQ____KN_MFAPS_A_AKAGRVN_LI_KE__R_MK__CQA_SIP__N__D__KRET_NLL_LGALSLP_GY_LLP_A_FFV____GAGT_G__AKD_LG__VIAAE_LKTHAP_DRT__QGL_GDP__LVVESD__LATFGINAVCT_LG__VPFN_AENKFI_PCHGS_YN_QG_____PAP_SLA__H_DV_DGKVVF_PWTETDF_T_EAPW_SA,1,mask-nan
mask-BD7sus-A-A-OLC1,____I_LS_I_CLVFA___DDD_KFD_YYGA_NQSEC_YTDWKS__A_I_A_Y_LV__LGTTGNGLVL__VFRSS_E_R____IF_AS_AVA_L__VVTLPL_ATYTYRD_D_PFGT__CK_SS_LIFV__YASAFCLTGLSFD__LAI__P_AN_RLRLR_SGAVATAV_WVLAALL__PVMVLR_TG_LCN_NKVQCYMDYS__ATVS_EWA_E_GLG___T__GFVVPFTI__TCYFF_A_TIAMKK_T_TV_G_IY___DGD_D___N_G__FKDIPDDWVCPL_G__KDQ_EEV__RR_LLS___VL_V_FALCW__YHLVKTLYM_GS__HW_CDFD____NIFP__TCISYVN_C_NPFL__FF_PR_RQACTS_LLMG__RLEVLFQG_H_HHH_H_HH,1,mask-nan
mask-nan,MG_YLSVA_EL___LGILFIILKLL_KTQFS_ITP_DFISA_I__ELVGNAVYDHEIKI_EIIFAS_LW___IY_IEF_T__M_S_RKFL_G_PNIVIRKGELQY_VMK_NK_D_N_L_S__R_AG__SIQEVEYA__ET___V_VLP_S_FD___N_DL_I_SKSVSL_IT_IIDGE_VR___KE_G___QW___E__KKNIDKTED_LFAEWHK_KPL_TV_YEQ_RST,0,mask-O31533
mask-nan,_A___ICCYSMECALTA_QNGA_RV_LCAAPKEGGLTPSLGV_K_VRQRVTIPVHPIIRPRGG_F__S_G___A_LEDVRT__ELG_PG_VTG_LDVDGNVD__RMEKIMAA___LA__F_RA_DM_ANPL_T_NNL__L_I_RV_TS_Q__D_L_G___I_E_IAH_D__IIMAGAG__A__LHHF__A_VL_VHSSAG__QAS_MRY_NQ__S_S_DEHADEY_R__VDGAAV__MKGIIERH_AK,0,mask-P67825
mask-nan,_Q_G_H_RVLGL_____G__GQDGN__MGG___TPYK_SIS_TTVI_TCPQ_PGSE_L_Q_NDK_IGGD_DDKN_GSDEDHL__KE_S_L_QSGYY__Y_RGSKP__ANF_L___ARV_EN_ME_DVMSVATIV__D__I_GG_LL__YYWSKNRKAKA_P_TR_AGAG__QRGQNKERPPPVPNPDYE_I_KGQ__L_SG_NQRRI,0,mask-P07766
mask-nan,M__K__VERKLLC_F_LAIL_CSLALGSVTVHSS____R_PE_NPVKLSCA_SGFS_PRVEWK_DQGDT_RL__Y_N__T_SY_DRVTF_P_GITFKS_T__DT_TYTCM_S_EG_NSY_EVKVKL_V__P_SKPT_NIPSSAT_GNRAVLT__EQ__SP_S__T__KDG_VMPTN_K_TR_FSNSS__L_PTT_ELV_DP_SASD_G_YSC_AR_GYG_P_TS_AV_M_A__RNVGV_V_AVLVT_I_LG__VFGI___YSRGHFDRTKKGTSS_KV_YS____RSEGEFKQTS____,0,mask-Q9Y624
mask-BD2eim-D-M-DMU1,_HGSVV_S_DY__PSY_DRR___L___AH_KNL_A_QKA_K_KEK_SWSSLSI____ELY_LK_KESFAE_N__TN_WKTVVGA___FIGFT_LLLIWEKHYVYG_IPH_F_E_WVAKQ_KRMLDMKVA_IQGFSA_WD_____WKK,1,mask-nan
mask-BD5ung-B-B-OLA1,__LEDNWE_LNDN_KV___ADNAAQ_KDA___MRA__LDAQ_ATPPK_EDKS_D_PEMKD_R_GFD_LVG_I_D_LKL_NE_KVKE_Q__A_QL_TTRNAYIQKYLGSGSCS__PSDKH_DAIPILYYII_VIGF_VNIVVVTLF__Q_GPKKVSSIYIFNLAVA_L_LL___PLWATY__Y__DW_FG_VM_KVF_SFL__N_FASIFFITCMS_DR_Q__IYPFLSQ__NPWQ__Y_VPLVWCM_C_S_L___YF____TIEYLG__A_IM_____K_A_WSAGI_LMKNI_GFI__LIF_ATC__GIRKH__KT_SYGKN_I_RD_VL_M__AV_LA_IIC___FH_L_FLDA__WMGV_N__EVIAVIDLALP___LLGFTNS__N__LYCFV__RF_QK_RSV_RV,1,mask-nan
mask-BD7mxh-A-A-ZP71,SEHV_FH_I_IF_FVN_S_ARGQGS___D_LQTHGWDS_SGTIIFL_Q_SK_Q_S_EELS_LELLFR__LFG__REIQ__ASQD_SKY_F__QV_A____HSG_S___F_QV_F_G_DL___QQTTWV_S_GCG_LAQSVC_LLN__YE_V_ET_YN_IRSTC__F__GLLDA__MYVHRQVRPEAWLS_GP_PGPG__Q_VCHVS_FYPKPVWVMW_RGEQEQ__TQ_GDILPNANGTWYL_AT_DVA__E_AG_SC___H_SL_G_D_ILY_RGS_VPR,1,mask-nan
mask-BD5xsz-A-A-OLC1,GM__TSLE__M_N_SNV__CPK____KY_L_S_VFSIVFMVGL___V_AM_IFMCSL_LRNETTT_MMNLVV___LF_LTL_L_V__F__QNWPFGSLLCKL_VSL__TNMY_SI__LT_ISVDRFL_I_YPFRS_G_R_K_N_KIVC_AVWVLV_SGS_PTG_M__S_NK_ENN___CFENFSSKEW_S_LSK_VIFIETVGFLIP__L_VVCS_M____LR__NTVNIFEMLRID__L__K_YKNT___YTIGIG_L_T_SPSLNAAKSE__KAIGR_TNGVI_KDEAE_L_NQD_DAA_RG__R____KPVYD_LDA__R_ALINM__QMGET_V__F_NS_R_LQQ_R_DEA___LAKSRWYNQTPNR_KRVITTFR__TW_AYL_K_KI_R_I_VH_FIFCFCF_P_N_NL__YSL__TNTL_G___ESVVRTIYPIALC_AVSNCCF_PIVYYFTSETI____S_ED___Q,1,mask-nan
mask-nan,MKW_VIDTV_Q_____S_SAIWGN_KM_I_YQS_I_L_PGSIFT__KSGI__KDKEYP_TIY_IAPFN_DLWSL_KSSQ__PP_ESKI_NKCL___C__KICPYG_K,0,mask-P75987
mask-nan,MM_QSL_AVLPE___NKT_SLRKSVCS_LLTL_NS_H__L___L_SGMPEWQ_H__SD_HL_SWY__Q_RSA_LF_EPRIAA_QVNLKEAYCHTLA__LE_M___DDEP_T_DLV_DNGG_R___LENVS,0,mask-P39375
mask-nan,M_NAPRI_AL____LLCAAAGP_AA__CGC_P_FCCS__G_CGTT_A_CGDG___GP_RSG__G_GGGG__GGGS_GANV_NVVTD_FFNG_KN__GSGC__KNFYTRSAFLSAV_AYPGFA_GGTEVEGKREIAA__A_VTHETG_FCYISE_N_SNAY_DASNRQWPCAAG____G_G__QI_W_Y____A_R_IG_N_LADPNRVAQDAVIAFKTALW_WM___HRVM_QG_G__IRA_NGA____GN__AQ_NA_V_YYKQ_CQQL__DPG____C,0,mask-P29022
mask-BD3qap-A-A-BOG1,M_GLT__FWLGAIGML__T_AFAWAG_D_G_G__RYY__L_GI_G_AAVAY_VMALGV_W__VAERTVF__R_IDWILTTPLI_YFLGL_AG_D____GIVITL__VVMLA_F_GAMVPGIERYALFGM__VA__GLVYYL_GPM_ESASQR__G_KSLY_R__NLTV_LWA_Y_FIWL__PP___L__PT_DV_LI_YLDL_TKVGFGFIA____ATL__EHG_S_AGVDT_AP_VA_,1,mask-nan
mask-BD8wb4-5-5-SQD1,ACA_A_AFA_GA_PSIGKA_RAVS__APRMAV_PG___DSVPF___PTNLDGS_VGD_G_D_L_FSD_FDIR_LRE_EL__GRIAM_AT_GMVV_EAYT_PFF_KVLPIPAHDV_VK___M_QI_L__SF__IF_G__L______KR_PGDYSF_PLNLS_ND_EKRE_YALAEIKHSR_AMLAFSGMV_Q__ITNQG___Q__NFR_I_G_PDATFS,1,mask-nan
mask-nan,MREI__RVKEK___PV_ER__EN_LSAI_ASG_VWRI___S_E_LPLVVAVV__L_ELG_V_FE_NQVIL_RK_KEL_EK_G___R_DYTC_HCQ_RT__I_AFSELL_QF_EITRDRPEPA_QF_QAYV_PETTVARV_L___RG__ENKEV_V__DDD_T_V_LM__GL_KR____DIDERLT_FIE_A__EIGYEN_E_FT_DLRK_LPD_ALHKFDT_ITD_PETV_A_R_FVGRGI__L_G_GCA_Y_GI_RRES_L_KWREI_RVLLNEFG__I_D_IRN_N_YVNWGYV_ETRAWRL_P_K_KPSY__YK__MFR__TLEGSKGFEDEIT_GQ__YD__ESST_,0,mask-Q5JIZ3
mask-BD1e12-A-A-OLC1,AVRENALL_SS_W_NV_LA_IAILVFVYMGRT_RPGRPRLIWGATLMIP_______LGLLS__T_G_IEMPA_H__AG_M_R_QWG_YLTWA_S_P_ILLA_GLLADVDLGS_FT_I_A__G__VTG_AAAMTT___L_RW_F_AISCAFF_VV_SA_VTD_AASASSAG___IF__LR__T__LWLGY_I_WAVGVE_L_LV_SV_A__WAYSV_DV_AK__FAFILLRWVANNERTV__A_QT__T__S_D,1,mask-nan
mask-BD8c29-M-B-LNL2,M_VNTL__IAVLL_LAISTAF_FILY_KT___SS__N,1,mask-nan
mask-nan,M_QFE_Q_EQGN_LFKQ___RE__HCYDQ_ITAQPQN__G___KA____KL_E_TQ_IQ_CQQ__RY_S_AEH_AIRSKLQYRLELA_GA_GSVQIPV_EVDELPEGY_R_,0,mask-P25638
mask-BD7c86-A-A-OLC1,_SRR_WLLA_A_AV_LA_GSAG_ST_S_AT_P_AT_DGPDYVF__AH__ML_QTS___ENNGSVICIPNNGQC__LA____NG_NAEKL__NILQW_T__LSALCLMFYGYQTWKST_GW__IY_A_I____F_IEYFHEFDEPAVI_SS_GN___WLR_AE_L_T_PV__IHLSN_TGLA_DY_KRT__LLVS_IGT_VW_TT_A_S_GY_RVIFFLM__CYGIYTFFNAA_VY_EAYHT__KGRCRQVVTGM_WLF__SW_MF__L_ILG_E__G_LS_Y_S__G_TI__LMS__CWGL_GHY_R_LIHEH__I_GDIRKT__LNIG_T_IEV_T_VEDE_EA_AVSSEDLYF_,1,mask-nan
mask-nan,MM__T_ND__KLI_T_DKY_IEQR_I_L_EINE_M_S_L__LNG_NISLE_SIA_G__FQSVSDLW_TLYD_LESLSDEAPIDE__TLS__KT_,0,mask-Q12248
mask-BD7yca-6-6-SQD1,_FA_T_KTAI__K____RSTRASAR_T__VAV_AAS_RELWYP_A__PEYLN_S_A___GFDPLR_G_NVET_PYLQEAEL_NGRW_MA_T_GILF___TGLPKWWEAG__DY_YD__T___FQVVVMGV__A_RVR_LMKTGE_GVLN_FPFD_AGLD_PD_RV_EVK__RLAMV_FLGMVSS_AVT__SP___L__H_ANP___N_F__AVGGES_AFIAF_SCAP__LLAQKTLGD_KEE_RPIPW,1,mask-nan
mask-nan,MKL_H_L__G__LTSFAAT_V_GETVV_GAKLTVTKN_DLVNSNAL_PN_DFT_KIE_DTT_NEDGN_FK___LN__MTKVTY__S_KGG_NTK_AEF_F_E_TFEKP_VY__K__E_K_D_VP_V_Y_TTSYT__VHVLWN_E___PV_TY_VGY_EG_KVPIQ_KNSL_S_TLTVKKKV___GGDR_KDF_F_LTLK_NQ_YKA_EKVM____T_GG__PVQ_EAS_DQLYHFTLKDGE_IK__NLPVG_DYV___DDYKSE_YT_NV_VSPQ__A_KN__GN_TE_E_STDKDMTI_F_N__DFE_PT_V_M_VAPY_ALGIVAV_GALYFVK__N_,0,mask-Q9A1S2
mask-nan,__TKAQV_R__LCLFILA_LLC_LA_GSV_V_SSEPEVR__ENN_V___CA__GFS_P_VEWK_DQ_D__RLVCY_NKITAS_ED_VTFLPTGIT__SVTRED_GTYTCM_SE_GGN_YGEV___LIVL___S__T__IPSSAT___RAVLTCS_Q__SP_SEYTW_KDG_V_PTN_KS_RAFS_SSYVLNPT_G_LVF_PLS__DT_EY_CEARN__GTP_T__A____AVE_NVGVI_AA_LVT_IL_G___FGIWFAYS_GHFDRTKKG__SK_VI_SQPSARS____KQTSSFLV,0,mask-Q9Y624
mask-BD5xnl-T-A-SQD2,M_ALVYTFLL___LGII_FAI_FREP__VPTK_T_,1,mask-nan
mask-BD6vpv-0-7-SQD1,I_V_NHGG_P_VGN_STP_NGS__TKA__NA_PA__K_LSPN_RGL__GM_HGY_LY_P____G__RLTE_GPTA__LATI__VSILTICLSI_GAVG_SKPTETL_TPEVPMDLAT__G_SEFAGGFL_G__GG_FFAFF___TPH_QPLIE_A_N_WS,1,mask-nan
mask-BD4p79-A-A-OLC1,MSVAV_TFGFFM_A_GLLM_GLT_SNS_WRVS_VH_NV__TNTI__NLW_S_ATD_L_VS___D_PSM_ALSG__QGCRALM__A_LL_FL__FL__V_LRC_NVGNMDL_KKA_LLAIAGT__I_AGA___VAI_WY__NI_TDFFNPLY_GT_YELG__LYLGW_ASL_SIL_G_C_F__C__S_KEEPAT_AGL_YK_STVVI_R_TSDES_ISF__Y_KNAYV,1,mask-nan
mask-nan,_MEAIK___QMLK_DK_NAL_R___A_AEQK____RS_Q__DELA_MQKK__GTEDE__K_SEA_K_AQE__EL___K_ADAEA__A__N_RIQ_VEE_L_RAQER_A_A_QKLEEAE__ADESE__MKVIEN__L____KM_LQEIQLKEAK_IAE_ADRKYEE_ARKLVIIEGDLERTEE_AELA__KCS_LEE_LKNV__NLK_L__Q_E_YSQKED_Y___IK_LTDK_KE_ETRAEFAERS__KL_K_ID_LEDELYAQKLKYK_I_EELDHALN__TSI,0,mask-P06753
